listing_id,marketplace,title,brand_raw,category_raw,price_usd,condition_raw,seller_name,mpn_raw,upc,shipping_weight_lb,first_seen_date
LST00001,ValueMart,AppleiPhone 15 Pro Max 256 GB Natural Titanium,Apple,Cell Phones,1173.66,New,TechNook,,346267783587,31.02,2026-02-19
LST00002,ShopAxis,"Apple iPhone 15 Pro Max (A2849), 256g, Natural Ti",Apple,Cell Phones,1117.98,New,mega_deals_usa,,170746719786,,2026-08-15
LST00003,BrandDirect,Apple iPhone 15 Pro Max - 256GB Natural Titanium,Apple,Home & Kitchen,1186.34,New,Apple Official Store,A2849,,5.92,2026-05-21
LST00004,MarketNest,NEW SEALED Apple A2849 256g Natural Titanium Best Price,Apple,Cell Phones,1277.17,New,GreenLeaf Goods,A2849,,,2026-02-23
LST00005,ShopAxis,"Apple iPhone 15 Pro Max (A2849), 256g, Natural Ti",,Cell Phones,872.86,Renewed,Zenith Trading Co,,,13.27,2026-05-26
LST00006,GadgetHub,Apple a2849 | iPhone 15 Pro Max | 256GB / Titanium Blue,apple,,821.73,Renewed,official_store,,193642645557,22.06,2026-09-22
LST00007,ShopAxis,"Apple iPhone 15 Pro Max (a2849), 256GB, Titanium Blue, Premium Build, Bestseller",Apple,Cell Phones,1173.54,New,TechNook,,,15.78,2026-02-17
LST00008,GadgetHub,Apple A2849 | iPhone 15 Pro Max | 256g / Blue Titanium,Apple,Cell Phones,1251.46,New,Sunrise Commerce,,,,2026-06-11
LST00009,ValueMart,Apple iPhone 15 Pro Max 256g Titanium Blue,APPLE,General Merchandise,1240.63,New,QuickCart Depot,A2849,312134285353,,2026-05-26
LST00010,BrandDirect,Apple iPhone 15 Pro Max - 256GB Blue Titanium,Apple Inc.,Cell Phones,1109.57,New,Apple Official Store,,,,2026-04-26
LST00011,ShopAxis,"Apple iPhone 15 Pro Max (A2849), 256GB, Blue Titanium, Premium Build, Ultra Portable",Apple,Electronics,861.18,Renewed,PrimeTechDirect,,,,2026-02-19
LST00012,MarketNest,NEW SEALED Apple iPhone 15 Pro Max 256GB Black Titanium,Apple,Cell Phones,802.89,Refurbished,QuickCart Depot,,,36.51,2026-02-21
LST00013,MarketNest,🔥 HOT SALE Apple a2849 256GB Black Titanium,Apple,Cell Phones,1150.69,New,PrimeTechDirect,,,28.25,2026-06-24
LST00014,ShopAxis,"Apple iPhone 15 Pro Max (a2849), 256GB, Titanium Black",Apple,Cell Phones,1293.0,New,PrimeTechDirect,a2849,,17.74,2026-02-19
LST00015,ValueMart,Apple iPhone 15 Pro Max 256g Titanium Black,Apple,Accessories,1192.73,New,urban_gadget_outlet,,,22.47,2026-04-25
LST00016,BrandDirect,Apple iPhone 15 Pro Max - 256GB Black Titanium,Apple,Cell Phones,1132.79,New,Apple Official Store,,,,2026-03-21
LST00017,GadgetHub,Apple A2849 | iPhone 15 Pro Max | 512 GB / Natural Titanium,Apple,Cell Phones,1291.32,New,urban_gadget_outlet,,,35.94,2026-09-12
LST00018,GadgetHub,Apple a2849 | iPhone 15 Pro Max | 0.5TB / Natural Ti,Apple Inc.,General Merchandise,1466.09,New,BlueRiver Retail,,,,2026-03-15
LST00019,ShopAxis,"Apple iPhone 15 Pro Max (A2849), 0.5TB, Natural Ti",Apple,Cell Phones,1023.81,Renewed,PrimeTechDirect,,,24.67,2026-03-16
LST00020,GadgetHub,Apple A2849 | iPhone 15 Pro Max | 0.5TB / Titanium Blue,Apple,Cell Phones,1510.61,New,value_bazaar_99,a2849,,,2026-08-21
LST00021,ShopAxis,"Apple iPhone 15 Pro Max (A2849), 512 GB, Titanium Blue, Premium Build",Apple,Cell Phones,1271.07,New,Deal Vortex,,,20.3,2026-08-28
LST00022,ValueMart,Apple iPhone 15 Pro Max 512 GB Blue Titanium,Apple,Home & Kitchen,1273.23,New,Deal Vortex,A2849,,30.33,2026-06-21
LST00023,BrandDirect,Apple iPhone 15 Pro Max - 512GB Blue Titanium,Apple,Cell Phones,1461.96,New,Apple Official Store,,397783347528,14.06,2026-08-13
LST00024,BrandDirect,Apple iPhone 15 Pro Max - 512GB Blue Titanium,Apple,Cell Phones,1261.28,New,Apple Official Store,,,,2026-08-23
LST00025,ShopAxis,"Apple iPhone 15 Pro Max (A2849), 0.5TB, Titanium Black, Bestseller",Apple Inc.,Cell Phones,1366.65,New,mega_deals_usa,A2849,,28.06,2026-06-13
LST00026,ShopAxis,"Apple iPhone 15 Pro Max (A2849), 512GB, Titanium Black, Energy Efficient",Apple,Cell Phones,1206.14,Open Box,Zenith Trading Co,A2849,,,2026-04-17
LST00027,BrandDirect,Apple iPhone 15 Pro Max - 512GB Black Titanium,Apple,Cell Phones,1471.81,New,Apple Official Store,,,,2026-06-23
LST00028,ValueMart,Apple iPhone 15 Pro Max 512GB Titanium Black,,General Merchandise,1422.14,New,value_bazaar_99,A2849,,31.53,2026-06-10
LST00029,BrandDirect,Apple iPhone 15 Pro Max - 512GB Black Titanium,Apple,Cell Phones,1383.33,New,Apple Official Store,,560856518079,19.05,2026-06-14
LST00030,MarketNest,Latest Model iPhone 15 Pro Max 1TB Natural Titanium,Apple,Accessories,1281.79,Open Box,value_bazaar_99,,,,2026-06-27
LST00031,ShopAxis,"Apple iPhone 15 Pro Max (a2849), 1.0TB, Natural Titanium, Energy Efficient",Apple Inc.,Cell Phones,1258.67,Renewed,PrimeTechDirect,,,,2026-07-15
LST00032,MarketNest,GENUINE Apple a2849 1.0TB Titanium Natural,Apple,Cell Phones,916.94,Used - Like New,BlueRiver Retail,,,0.24,2026-02-17
LST00033,ValueMart,Apple iPhone 15 Pro Max 1 TB Titanium Natural,Apple Inc.,Cell Phones,1665.49,New,NorthPoint Supply,,,22.31,2026-06-23
LST00034,ShopAxis,"Apple iPhone 15 Pro Max (A2849), 1.0TB, Titanium Natural, Ultra Portable, Energy Efficient",Apple,Cell Phones,1656.57,New,NorthPoint Supply,,928138777624,,2026-08-18
LST00035,ShopAxis,"Apple iPhone 15 Pro Max (A2849), 1 TB, Titanium Blue, Energy Efficient",Apple,Cell Phones,1593.96,New,TechNook,,,2.44,2026-03-21
LST00036,GadgetHub,Apple A2849 | iPhone 15 Pro Max | 1TB / Titanium Blue,Apple,Cell Phones,1483.41,New,PrimeTechDirect,,,4.15,2026-07-12
LST00037,ShopAxis,"Apple iPhone 15 Pro Max (A2849), 1 TB, Titanium Blue",Apple,Cell Phones,1475.54,New,BlueRiver Retail,,,13.42,2026-04-26
LST00038,BrandDirect,Apple iPhone 15 Pro Max - 1TB Blue Titanium,apple,Cell Phones,1459.37,New,Apple Official Store,,,33.94,2026-02-11
LST00039,GadgetHub,Apple A2849 | iPhone 15 Pro Max | 1024GB / Titanium Black,Apple,Cell Phones,1600.04,New,NorthPoint Supply,A2849,755601284237,33.69,2026-06-14
LST00040,MarketNest,NEW Apple iPhone 15 Pro Max 1 TB Titanium Black Ships Same Day,Apple,Cell Phones,1585.2,New,PrimeTechDirect,A2849,,14.82,2026-03-26
LST00041,ShopAxis,"Apple iPhone 15 Pro Max (A2849), 1 TB, Black Titanium",,Cell Phones,928.44,Refurbished,mega_deals_usa,,505777689000,10.47,2026-08-14
LST00042,MarketNest,GENUINE Apple iPhone 15 Pro Max 1 TB Black Titanium,,Cell Phones,937.01,Refurbished,BlueRiver Retail,A2849,150670531892,6.93,2026-05-27
LST00043,ValueMart,Apple iPhone 15 128GB Black,Apple,Accessories,830.06,New,PrimeTechDirect,,,,2026-08-27
LST00044,GadgetHub,Apple A2846 | iPhone 15 | 128GB / Blk,Apple,Cell Phones,508.48,Used - Like New,PrimeTechDirect,A2846,,3.68,2026-05-16
LST00045,ShopAxis,"Apple iPhone 15 (A2846), 128g, BLACK, Energy Efficient, Wireless",APPLE,Cell Phones,800.45,New,official_store,,,,2026-09-16
LST00046,BrandDirect,Apple iPhone 15 - 128GB Black,Apple,Cell Phones,823.44,New,Apple Official Store,,147043132646,8.72,2026-01-16
LST00047,MarketNest,GENUINE Apple A2846 128GB Blue Git Ready,Apple,Cell Phones,721.31,New,ElectroMax,a2846,384102255559,,2026-04-24
LST00048,MarketNest,2024 Model Apple iPhone 15 128g Blue Fast Ship,Apple,Cell Phones,653.7,Open Box,GreenLeaf Goods,,,37.64,2026-05-18
LST00049,MarketNest,NEW SEALED Apple iPhone 15 128 GB Blue Fast Ship,APPLE,Cell Phones,554.96,Refurbished,warehouse_liquidators,A2846,,,2026-05-17
LST00050,BrandDirect,Aplpe iPhone 15 - 128GB Blue,apple,Cell Phones,831.22,New,Apple Official Store,,,27.66,2026-02-11
LST00051,ShopAxis,"Apple iPhone 15 (A2846), 128 GB, Pink",Apple,Cell Phones,731.49,New,TechNook,,042395108187,10.71,2026-03-12
LST00052,ShopAxis,"Apple iPhone 15 (A2846), 128 GB, Pink, Ultra Portable",apple,Cell Phones,759.85,New,official_store,,729031176842,3.82,2026-02-26
LST00053,ShopAxis,"Apple iPhone 15 (A2846), 128GB, Pink, Wireless, Energy Efficient",Apple,Cell Phones,547.93,Refurbished,warehouse_liquidators,,,34.0,2026-09-18
LST00054,MarketNest,Latest Model Apple iPhone 15 128g Pink,Apple,Cell Phones,849.05,New,QuickCart Depot,A2846,,37.99,2026-02-19
LST00055,ShopAxis,"Apple IPHONE 15 (A2846), 128g, Pink",Apple,Cell Phones,527.13,Renewed,urban_gadget_outlet,,,,2026-06-15
LST00056,ValueMart,Apple iPhone 15 128g Pink,Apple,Cell Phones,810.92,New,GreenLeaf Goods,,779445516333,24.81,2026-07-26
LST00057,GadgetHub,Apple a2846 | iPhone 15 | 256g / Black,apple,Cell Phones,714.68,Renewed,ElectroMax,,,25.11,2026-01-16
LST00058,GadgetHub,Apple a2846 | iPhone 15 | 256g / Blk,APPLE,Cell Phones,763.66,Open Box,QuickCart Depot,,,38.36,2026-06-13
LST00059,GadgetHub,Apple a2846 | iPhone 15 | 256g / Jet Black,APPLE,Cell Phones,908.03,New,QuickCart Depot,A2846,,,2026-08-20
LST00060,ValueMart,AppleiPhone 15 256GB BLACK,,,822.53,New,urban_gadget_outlet,,607488461550,9.29,2026-09-10
LST00061,ValueMart,Apple iPhone 15 256GB Jet Black,Apple,Cell Phones,893.42,New,official_store,,,11.44,2026-06-25
LST00062,MarketNest,2024 Model Apple iPhone 15 256 GB Blue with Warranty,,Cell Phones,598.31,Refurbished,GreenLeaf Goods,,,33.74,2026-01-24
LST00063,BrandDirect,Apple iPhone 15 - 256GB Blue,Apple,Accessories,939.44,New,Apple Official Store,A2846,,16.26,2026-09-12
LST00064,ValueMart,Apple iPhone 15 256g Blue,Apple,Cell Phones,888.15,New,Sunrise Commerce,,,23.21,2026-05-27
LST00065,ShopAxis,"Apple iPhone 15 (A2846), 256GB, Blue",Apple,Cell Phones,933.4,New,urban_gadget_outlet,,,,2026-09-11
LST00066,ValueMart,Apple iPhone 15 256GB Pink,,Cell Phones,821.51,New,QuickCart Depot,,,,2026-08-10
LST00067,MarketNest,NEW SEALED Apple A2846 256 GB Pink,Apple,Cell Phones,919.28,New,BlueRiver Retail,,070471959291,,2026-09-22
LST00068,ShopAxis,"Apple iPhone 15 (A2846), 256GB, Pink, Advanced Performance, Bestseller",APPLE,Cell Phones,910.17,New,BlueRiver Retail,A2846,,10.31,2026-01-23
LST00069,ShopAxis,"Apple iPhone 15 (a2846), 256 GB, Pink, Ultra Portable",Apple,Cell Phones,844.85,New,Deal Vortex,a2846,,,2026-09-23
LST00070,MarketNest,Latest Model iPhone 15 256 GB Pink,Apple,Cell Phones,833.03,New,warehouse_liquidators,,,,2026-05-15
LST00071,MarketNest,Samsung SM S928U 256g Titanium Grey,Samsung,Cell Phones,1359.31,New,TechNook,,756405574592,39.85,2026-02-10
LST00072,ValueMart,Samsung Galaxy S24 Ultra 256 GB Titanium Gray,Samsung,Cell Phones,1220.1,New,Zenith Trading Co,SM-S928U,,,2026-08-11
LST00073,MarketNest,★ Galaxy S24 Ultra 256GB TitaniumGray Best Price,Samsung,Cell Phones,803.28,Used - Like New,QuickCart Depot,,,19.85,2026-04-22
LST00074,ShopAxis,"SamsungGalaxy S24 Ultra (sm-s928u), 256g, Titanium Grey",SAMSUNG,Cell Phones,756.82,Refurbished,NorthPoint Supply,,,,2026-03-21
LST00075,MarketNest,Authentic Samsung sm-s928u 256GB Titanium Black | Limited Stock,Samsung,Accessories,788.18,Refurbished,Deal Vortex,,,14.17,2026-07-13
LST00076,MarketNest,🔥 HOT SALE SM S928U 256GB Black Titanium,Samsung,Cell Phones,722.16,Used - Like New,Sunrise Commerce,sm-s928u,,,2026-06-20
LST00077,ShopAxis,"Samsung Galaxy S24 Ultra (SM-S928U), 256 GB, Titanium Black, Advanced Performance",Samsung,General Merchandise,1195.53,New,Zenith Trading Co,,,15.97,2026-06-24
LST00078,ShopAxis,"Samsung Galaxy S24 Ultra (SM-S928U), 256GB, Titanium Black, Bestseller, Energy Efficient",Samsung,Cell Phones,1242.94,New,NorthPoint Supply,SM-S928U,,39.94,2026-07-12
LST00079,ShopAxis,"Samsung Galaxy S24 Ultra (SM-S928U), 256 GB, Titanium Violet, Wireless",Samsung,Cell Phones,882.58,Used - Like New,ElectroMax,SMS928U,,23.54,2026-02-27
LST00080,BrandDirect,Samsung Galaxy S24 Ultra - 256GB Titanium Violet,Samsung Inc.,Cell Phones,1300.04,New,Samsung Official Store,,,32.86,2026-02-10
LST00081,ShopAxis,"Samsung Galaxy S24 Ultra (sm-s928u), 256GB, Titanium Violet",Samsung,Cell Phones,859.16,Used - Like New,QuickCart Depot,,,10.6,2026-03-10
LST00082,BrandDirect,Samsung Galaxy S24 Ultra - 256GB Titanium Violet,Samsung,Cell Phones,1174.13,New,Samsung Official Store,,,26.48,2026-08-22
LST00083,BrandDirect,Samsung Galaxy S24 Ultra - 256GB Titanium Violet,SAMSUNG,Cell Phones,1383.17,New,Samsung Official Store,,,12.45,2026-02-14
LST00084,ShopAxis,"Samsung Galaxy S24 Ultra (SM-S928U), 256GB, Titanium Violet, Premium Build, Ultra Portable",Samsung,Cell Phones,1246.19,New,QuickCart Depot,,,,2026-05-20
LST00085,MarketNest,Samsung SMS928U 256GB Titanium Violet,Samsung,Cell Phones,1391.88,New,value_bazaar_99,SM S928U,,,2026-01-17
LST00086,ValueMart,Samsung Galaxy S24 Ultra 0.5TB TitaniumGray,Samsung,Accessories,1315.51,New,value_bazaar_99,,,1.05,2026-04-23
LST00087,ValueMart,Samsung Galaxy S24 Ultra 512GB Titanium Gray,Samsung,Cell Phones,1411.84,New,value_bazaar_99,,,,2026-03-27
LST00088,ShopAxis,"Samsung Galaxy S24 Ultra (SMS928U), 512 GB, TitaniumGray, Premium Build, Wireless",Samsung Inc.,,1182.25,Open Box,Zenith Trading Co,,440071588949,3.17,2026-08-18
LST00089,GadgetHub,Samsung SMS928U | Galaxy S24 Ultra | 512 GB / Black Titanium,Samsung,Cell Phones,1008.33,Renewed,Deal Vortex,SM S928U,,5.48,2026-01-19
LST00090,ShopAxis,"Samsung Galaxy S24 Ultra (SMS928U), 0.5TB, Titanium Black, Advanecd Performance",Samsung,Cell Phones,990.39,Refurbished,GreenLeaf Goods,,,2.97,2026-06-15
LST00091,BrandDirect,Samsung Galaxy S24 Ultra - 512GB Titanium Blakc,Samsung,Cell Phones,1356.63,New,Samsung Official Store,,,1.77,2026-08-18
LST00092,ShopAxis,"Samsung Galaxy S24 Ultra (SM S928U), 512 GB, Black Titanium, Bestseller",Samsung,Cell Phones,1443.04,New,NorthPoint Supply,,,27.17,2026-04-15
LST00093,ShopAxis,"Samsung Galaxy S24 Ultra (SM S928U), 0.5TB, Black Titanium, Wireless",Samsung,Cell Phones,1400.97,New,Deal Vortex,,,,2026-07-11
LST00094,ValueMart,Samsung Galaxy S24 Ultra 0.5TB Black Titanium,Samsung,Cell Phones,1333.11,New,value_bazaar_99,,,22.94,2026-07-21
LST00095,ValueMart,Samsung Galaxy S24 Ultra 512GB Titanium Violet,Samsung,Cell Phones,1469.7,New,GreenLeaf Goods,,,29.06,2026-06-15
LST00096,GadgetHub,Samsung SM-S928U | Galaxy S24 Ultra | 0.5TB / Titanium Violet,Samsung,General Merchandise,1506.62,New,NorthPoint Supply,SM S928U,,,2026-03-18
LST00097,ShopAxis,"Samsung Galaxy S24 Ultra (SM-S928U), 512GB, Titanium Violet, Energy Efficient",Samsung,Cell Phones,982.68,Used - Like New,PrimeTechDirect,,468823528699,2.25,2026-04-27
LST00098,ShopAxis,"Samsung Galaxy S24 Ultra (SM-S928U), 0.5TB, Titanium Violet",SAMSUNG,Cell Phones,1406.14,New,TechNook,SM-S928U,,,2026-02-19
LST00099,GadgetHub,Google GC3VE | Pixel 8 Pro | 128 GB / Obsidian,,Cell Phones,932.19,New,urban_gadget_outlet,,,,2026-06-23
LST00100,ShopAxis,"Google Pixel 8 Pro (GC3VE), 128 GB, Obsidian, Energy Efficient",Google,Cell Phones,1068.64,New,GreenLeaf Goods,GC3VE,,13.76,2026-02-13
LST00101,ShopAxis,"Google Pixel 8 Pro (GC3VE), 128GB, Obsidian, Energy Efficient",Google,Cell Phones,1011.79,New,NorthPoint Supply,GC3VE,,39.47,2026-05-10
LST00102,ShopAxis,"Google Pixel 8 Pro (GC3VE), 128g, Obsidian",Google,Cell Phones,695.51,Refurbished,NorthPoint Supply,,,,2026-06-28
LST00103,MarketNest,Brand New Google Pixel 8 Pro 128 GB Porcelain,,Cell Phones,997.3,New,Deal Vortex,,,20.56,2026-08-17
LST00104,MarketNest,Google GC3VE 128GB Porcelain Fast Ship,Google,Cell Phones,947.51,New,official_store,,,,2026-09-24
LST00105,MarketNest,Pixel8 Pro 128g Porcelain,GOOGLE,Cell Phones,971.91,New,PrimeTechDirect,GC3VE,905710721564,,2026-06-17
LST00106,GadgetHub,Google GC3VE | Pixel 8 Pro | 128GB / Porcelain,Google,General Merchandise,1058.57,New,TechNook,,,7.77,2026-02-12
LST00107,GadgetHub,Google gc3ve | PIXEL 8 Pro | 128g / Porcelain,Google,Cell Phones,736.27,Renewed,TechNook,,073442212068,,2026-07-11
LST00108,ValueMart,Google Pixel 8 Pro 128 GB Porcelain,Google,Cell Phones,984.81,New,BlueRiver Retail,gc3ve,304631256825,19.96,2026-02-24
LST00109,MarketNest,Latest Model Google Pixel 8 Pro 128 GB Porcelain New in Box,Google,General Merchandise,970.57,New,Deal Vortex,GC3VE,,27.2,2026-07-12
LST00110,ValueMart,Google Pixel 8 Pro 128 GB Bay,Google,Cell Phones,942.05,New,value_bazaar_99,,667960151101,25.67,2026-02-17
LST00111,MarketNest,Google Pixel 8 Pro 128g Bay,Google,Cell Phones,750.47,Refurbished,ElectroMax,gc3ve,,20.29,2026-05-15
LST00112,ShopAxis,"GOOGLE Pixel 8 PRO (GC3VE), 128GB, Bay, Ultra PORTABLE, Advanced Performance",Google,Cell Phones,741.26,Renewed,Zenith Trading Co,,,37.77,2026-03-21
LST00113,ShopAxis,"Google Pixel 8 Pro (gc3ve), 128 GB, Bay, Ultra Portable, Energy Efficient",Google,Cell Phones,716.98,Renewed,Zenith Trading Co,,,,2026-01-20
LST00114,MarketNest,GENUINE Pixel 8 Pro 128g Bay Ships Same Day,Google,Cell Phones,1043.61,New,value_bazaar_99,,,,2026-07-21
LST00115,MarketNest,🔥 HOT SALE Google GC3VE 256g Obsidian,Google,General Merchandise,754.44,Refurbished,NorthPoint Supply,gc3ve,,6.45,2026-03-14
LST00116,ShopAxis,"GooglePixel 8 Pro (GC3VE), 256GB, Obsidian, Wireless",Google,Cell Phones,1048.54,New,QuickCart Depot,,,16.67,2026-05-19
LST00117,ValueMart,Gooogle Pixel 8 Pro 256GB Obsidian,Google,Electronics,1065.14,New,BlueRiver Retail,GC3VE,,26.11,2026-02-20
LST00118,MarketNest,Google Pixel 8 Pro 256GB Obsidian,Google,Cell Phones,715.98,Renewed,Zenith Trading Co,GC3VE,,7.92,2026-01-10
LST00119,GadgetHub,Google GC3VE | Pixel 8 Pro | 256g / Obsidian,Google,Home & Kitchen,1123.38,New,GreenLeaf Goods,,,,2026-06-23
LST00120,ValueMart,Google Pixel 8 Pro 256 GB Obsidian,,General Merchandise,1065.27,New,GreenLeaf Goods,,,0.26,2026-07-27
LST00121,ValueMart,Google Pixel 8 Pro 256g Porcelain,Google,Cell Phones,1100.06,New,urban_gadget_outlet,,,18.26,2026-06-14
LST00122,MarketNest,Google Pixel 8 Pro 256GB Porcelain with Warranty,GOOGLE,Cell Phones,1140.7,New,warehouse_liquidators,,,,2026-02-20
LST00123,GadgetHub,Google GC3VE | Pixel 8 Pro | 256GB / Bay,Google,Cell Phones,1129.28,New,official_store,,,19.23,2026-01-17
LST00124,ValueMart,Google Pixel 8 Pro 256 GB Bay,Google,Cell Phones,1038.57,New,Sunrise Commerce,,313986307821,0.67,2026-06-14
LST00125,MarketNest,★ Google gc3ve 256g Bay,Google,Cell Phones,962.13,New,QuickCart Depot,,,1.69,2026-05-14
LST00126,ShopAxis,"Google Pixel 8 Pro (GC3VE), 256 GB, Bay, Energy Efficient, Wireless",Google,Cell Phones,1137.88,New,NorthPoint Supply,gc3ve,,,2026-03-13
LST00127,ValueMart,GooglePixel 8 Pro 256 GB Bay,Google,Cell Phones,1110.63,New,PrimeTechDirect,,,,2026-03-26
LST00128,ShopAxis,"Google Pixel 8 Pro (GC3VE), 256g, Bay, Wireless",Google,,979.25,New,PrimeTechDirect,,,23.32,2026-07-25
LST00129,ValueMart,Google Pixel 8 Pro 256g Bay,Google,Cell Phones,1049.97,New,NorthPoint Supply,,,27.9,2026-09-22
LST00130,ValueMart,Apple iPad Air 11-inch M2 128g Space Grey,apple,Tablets,592.05,New,value_bazaar_99,,,,2026-03-28
LST00131,MarketNest,Apple MUWC3LL/A 128GB Space Grey,Apple,Tablets,624.61,New,Zenith Trading Co,,920142910499,16.13,2026-09-22
LST00132,ShopAxis,"Apple iad Air 11-inch M2 (MUWC3LL/A), 128 GB, SpaceGray, Ultra Portable",Apple,Tablets,591.42,New,PrimeTechDirect,,,,2026-09-24
LST00133,MarketNest,2042 Model Apple iPad Air 11-inch M2 128g Space Grey New in Box,Apple,Tablets,557.67,New,warehouse_liquidators,,,22.96,2026-02-16
LST00134,BrandDirect,Apple iPad Air 11-inch M2 - 128GB Space Gray,apple,Tablets,579.71,New,Apple Official Store,muwc3ll/a,,20.72,2026-04-27
LST00135,MarketNest,Authentic Apple MUWC3LL/A 128GB Starlight US Seller,Apple,General Merchandise,366.54,Refurbished,Sunrise Commerce,,,37.19,2026-01-23
LST00136,ValueMart,Apple iPad Air 11-inch M2 128g Champagne Gold,Apple,Tablets,550.02,New,PrimeTechDirect,muwc3ll/a,,,2026-01-14
LST00137,MarketNest,NEW iPad Air 11i-nch M2 128g Star Light Best Price,Apple,Tablets,585.66,New,QuickCart Depot,,,,2026-07-15
LST00138,ShopAxis,"AppleiPad Air 11-inch M2 (MUWC3LL/A), 128GB, Star Light, Energy Efficient, Ultra Portable",apple,Tablets,471.85,Renewed,warehouse_liquidators,MUWC3LL/A,,11.34,2026-03-25
LST00139,MarketNest,Apple iPad Air 11-inch M2 128 GB Star Light,,Tablets,568.14,New,Deal Vortex,,,8.87,2026-06-24
LST00140,MarketNest,Brand New Apple iPad Air 11-inch M2 128 GB Purple,Apple,Tablets,622.73,New,official_store,,,17.63,2026-08-12
LST00141,GadgetHub,Apple MUWC3LL/A | iPad Air 11-inch M2 | 128g / Purple,Apple,Tablets,575.29,New,Deal Vortex,muwc3ll/a,,36.51,2026-02-27
LST00142,MarketNest,iPad Air 11-inch M2 128g Purple Best Price,Apple,Tablets,580.37,New,TechNook,,,37.3,2026-03-11
LST00143,ValueMart,Apple IPAD Air 11-inch M2 128GB Purple,Apple,Tablets,633.7,New,BlueRiver Retail,,,,2026-09-10
LST00144,ShopAxis,"Apple iPad Air 11-inch M2 (MUWC3LL/A), 128g, Purple, Bestseller, Ultra Portable",Apple,Tablets,554.96,New,GreenLeaf Goods,,,,2026-06-18
LST00145,ValueMart,Apple iPad Air 11-inch M2 256GB SpaceGray,Apple,Home & Kitchen,662.99,New,value_bazaar_99,,,9.14,2026-05-19
LST00146,ShopAxis,"Apple iPad Air 11-inch M2 (MUWC3LL/A), 256g, Space Gray",Apple Inc.,Tablets,505.12,Refurbished,GreenLeaf Goods,,,22.12,2026-03-16
LST00147,ShopAxis,"Apple iPad Air 11-inch M2 (MUWC3LL/A), 256g, Space Grey",Apple,Tablets,663.98,New,TechNook,,,1.44,2026-07-20
LST00148,ValueMart,Apple iPad AIR 11-inch M2 256GB SpaceGray,Apple,Home & Kitchen,749.19,New,QuickCart Depot,MUWC3LL/A,,9.31,2026-07-24
LST00149,ShopAxis,"Apple iPad Air 11-INCH M2 (MUWC3LL/A), 256GB, Space Gray",Apple,Home & Kitchen,522.11,Renewed,Deal Vortex,,,24.26,2026-06-13
LST00150,MarketNest,Latest Model Appe iPad Air 11-inch M2 256GB Champagne Gold,Apple,Tablets,581.23,Open Box,Sunrise Commerce,MUWC3LL/A,,,2026-05-13
LST00151,GadgetHub,Apple muwc3ll/a | iPad Air 11-inch M2 | 256 GB / Starlight,APPLE,Tablets,737.02,New,PrimeTechDirect,,,34.16,2026-04-27
LST00152,BrandDirect,Apple iPad Air 11-inch M2 - 256GB Starlight,Apple,Tablets,691.79,New,Apple Official Store,,,35.98,2026-07-23
LST00153,ValueMart,AppleiPad Air 11-inch M2 256 GB Star Light,Apple Inc.,Tablets,638.04,New,mega_deals_usa,MUWC3LL/A,,,2026-08-24
LST00154,GadgetHub,Apple MUWC3LL/A | iPad Air 11-inch M2 | 256g / Starlight,Apple,Tablets,533.71,Refurbished,mega_deals_usa,,,33.41,2026-08-26
LST00155,MarketNest,★ Apple iPad Air 11-inch M2 256g Purple,Apple,General Merchandise,579.66,Open Box,Deal Vortex,,,25.0,2026-05-28
LST00156,GadgetHub,Apple muwc3ll/a | iPad Air 11-inch M2 | 256 GB / Purple,Apple,Tablets,545.44,Renewed,official_store,,,,2026-01-17
LST00157,BrandDirect,Apple iPad Air 11-inch M2 - 256GB Purple,APPLE,Tablets,744.26,New,Apple Official Store,,,4.87,2026-01-13
LST00158,ValueMart,Apple iPad Air 11-inch M2 512 GB Space Gray,Apple,Tablets,947.34,New,BlueRiver Retail,MUWC3LL/A,,21.2,2026-03-10
LST00159,ValueMart,Apple iPad Air 11-inch M2 512GB SpaceGray,Apple,Electronics,960.9,New,urban_gadget_outlet,,882771896803,0.84,2026-07-10
LST00160,MarketNest,GENUINE Apple iPad Air 11-inch M2 512 GB Space Gray 1 Year Warranty,Apple,Accessories,855.9,New,GreenLeaf Goods,,540484772866,21.35,2026-04-22
LST00161,ValueMart,Apple IPAD Air 11-INCH M2 512 GB Space Grey,Apple,,876.27,New,GreenLeaf Goods,,,33.84,2026-07-28
LST00162,MarketNest,NEW iPad Air 11-inch M2 512 GB Space Grey,Apple,Tablets,830.56,New,QuickCart Depot,muwc3ll/a,,6.66,2026-08-11
LST00163,GadgetHub,Apple MUWC3LL/A | iPad Air 11-inch M2 | 512GB / Star Light,Apple,Home & Kitchen,505.33,Used - Like New,NorthPoint Supply,MUWC3LL/A,,,2026-03-27
LST00164,ShopAxis,"Apple iPad Air 11-inch M2 (muwc3ll/a), 0.5TB, Champagne Gold, Ultra Portable, Energy Efficient",APPLE,Tablets,744.28,Open Box,BlueRiver Retail,MUWC3LL/A,,,2026-02-23
LST00165,ShopAxis,"Apple iPad Air 11-nich M2 (MUWC3LL/A), 512GB, Star Light, Ultra Portable, Wireless",,Tablets,696.6,Refurbished,PrimeTechDirect,MUWC3LL/A,,,2026-03-16
LST00166,ValueMart,Apple iPad Air 11-inch M2 0.5TB Starlight,APPLE,Tablets,959.82,New,PrimeTechDirect,MUWC3LL/A,,16.89,2026-07-27
LST00167,MarketNest,MUWC3LL/A 512GB Starlight,Apple,Tablets,716.3,Renewed,Deal Vortex,MUWC3LL/A,,34.74,2026-01-13
LST00168,BrandDirect,Apple iPad Air 11-inch M2 - 512GB Purple,Apple,Tablets,929.32,New,Apple Official Store,MUWC3LL/A,,,2026-08-18
LST00169,BrandDirect,Apple iPad Air 11-inch M2 - 512GB Purple,Apple,Tablets,883.06,New,Apple Official Store,,,4.19,2026-03-28
LST00170,ShopAxis,"Apple iPad Air 11-inch M2 (MUWC3LL/A), 512GB, Purple, Advanced Performance",Apple,Accessories,509.76,Used - Like New,BlueRiver Retail,MUWC3LL/A,823789143809,27.54,2026-01-10
LST00171,GadgetHub,Apple MUWC3LL/A | iPad Air 11-inch M2 | 0.5TB / Purple,APPLE,Tablets,857.82,New,QuickCart Depot,MUWC3LL/A,,10.57,2026-09-21
LST00172,GadgetHub,Sony WH 1000XM5 | WH-1000XM5 Wireless Noise Canceling Headphones | Jet Black,Sony,Headphones,318.16,Renewed,official_store,WH1000XM5,,5.58,2026-09-26
LST00173,ValueMart,Sony WH-1000XM5 Wireless Noise Canceling Headphones Blk,SONY,Headphones,401.86,New,Deal Vortex,,935286170154,25.26,2026-07-24
LST00174,GadgetHub,Sony WH 1000XM5 | WH-1000XM5 Wireless Noise Canceling Headphones | Blk,Sony,Headphones,416.67,New,warehouse_liquidators,WH 1000XM5,,,2026-08-20
LST00175,MarketNest,WH-1000XM5 Wireless Noise Canceling Headphones Black New in Box,Sony,Headphones,289.81,Refurbished,TechNook,wh-1000xm5,,26.62,2026-09-23
LST00176,ShopAxis,"Sony WH-1000XM5 Wireless Noise Canceling Headphones (WH-1000XM)5, BLACK, Premium Build",,Headphones,401.09,New,NorthPoint Supply,WH-1000XM5,,38.46,2026-07-12
LST00177,ShopAxis,"Sony WH-1000XM5 Wireless Noise Canceling Headphones (WH-1000XM5), Silver",Sony,Headphones,408.35,New,Sunrise Commerce,,136124409633,2.53,2026-05-22
LST00178,ShopAxis,"Sony WH-1000XM5 Wireless Noise Canceling Headphones (WH-1000XM5), Platinum Silver, Premuim Build, Advanced Performance",Sony,Headphones,425.5,New,mega_deals_usa,,,16.34,2026-03-21
LST00179,GadgetHub,Sony WH 1000XM5 | WH-1000XM5 Wireless Noise Canceling Headphones | SILVER,Sony Inc.,Headphones,248.49,Used - Like New,Sunrise Commerce,,,,2026-09-15
LST00180,ValueMart,Sony WH-1000XM5 Wireless Noise Canceling Headphones Pltinum Silver,Sony,General Merchandise,361.64,New,Deal Vortex,WH-1000XM5,,7.67,2026-08-19
LST00181,GadgetHub,Snoy WH-1000XM5 | WH-1000XM5 Wireless Noise Canceling Headphones | Midnight Blue,Sony,Headphones,405.99,New,warehouse_liquidators,,,21.78,2026-08-12
LST00182,MarketNest,NEW SEALED Sony WH1000XM5 Midnight Blue,Sony Inc.,Accessories,366.9,New,TechNook,WH-1000XM5,,32.42,2026-02-18
LST00183,MarketNest,GENUINE Sony wh-1000xm5 Midnight Blue,SONY,Headphones,276.75,Used - Like New,urban_gadget_outlet,,380441330716,11.34,2026-06-11
LST00184,ShopAxis,"Sony WH-1000XM5 Wireless Noise Canceling Headphones (wh-1000xm5), Midnight Blue, Energy Efficient, Premium Build",Sony,Headphones,296.27,Used - Like New,BlueRiver Retail,wh-1000xm5,347732438119,18.8,2026-03-22
LST00185,GadgetHub,Sony WH-1000XM4 | WH-1000XM4 Wireless Noise Canceling Headphones | Blk,Sony,Headphones,300.47,New,urban_gadget_outlet,WH1000XM4,,17.3,2026-09-23
LST00186,BrandDirect,Sony WH-1000XM4 Wireless Noise Canceling Headphones - Black,Sony Inc.,Headphones,294.98,New,Sony Official Store,,,28.5,2026-08-20
LST00187,MarketNest,Brand New Sony WH-1000XM4 Wireless Noise Canceling Headphones Blk | Limited Stock,Sony,Headphones,283.32,New,mega_deals_usa,WH-1000XM4,,37.93,2026-04-19
LST00188,ValueMart,Sony WH-1000XM4 Wireless Noise Canceling Headphones Black,Sony,Headphones,285.67,New,Sunrise Commerce,,,10.64,2026-07-20
LST00189,ValueMart,Sony WH-1000XM4 Wireless Noise Canceling Headphones Blk,Sony,Headphones,270.85,New,TechNook,WH-1000XM4,,16.83,2026-07-28
LST00190,MarketNest,🔥 HOT SALE Sony WH-1000XM4 Wireless Noise Canceling Headphones Silver,Sony Inc.,Headphones,186.33,Used - Like New,Deal Vortex,wh-1000xm4,,4.0,2026-02-16
LST00191,BrandDirect,Sony WH-1000XM4 Wireless Noise Canceling Headphones - Silver,Sony,Headphones,256.6,New,Sony Official Store,,,,2026-06-14
LST00192,MarketNest,★ Sony WH-1000XM4 Wireless Noise Canceling Heapdhones SILVER,SONY,Headphones,280.5,New,urban_gadget_outlet,,,37.99,2026-04-22
LST00193,MarketNest,Brand New Sony WH-1000XM4 Wireless Noise Canceling Headphones Silver Shis Same Day,Sony,Headphones,196.0,Refurbished,Sunrise Commerce,,,6.17,2026-07-16
LST00194,ValueMart,Sony WH-1000XM4 Wireless Noise Canceling Headphones Platinum Silver,Sony,Headphones,266.99,New,Deal Vortex,,,19.89,2026-07-23
LST00195,ShopAxis,"Sony WH-1000XM4 Wireless Noise Canceling Headphones (WH-1000XM4), Silver",Sony,Headphones,264.24,New,TechNook,WH-1000XM4,,11.08,2026-02-14
LST00196,ShopAxis,"BOSE QuietComfort ULTRA Headphones (8800660100), Blk",Bose,Headphones,278.72,Used - Like New,urban_gadget_outlet,,426646360831,,2026-02-12
LST00197,ShopAxis,"Bose QuietComfort Ultra Headphones (880066-0100), Jet Black, Advanced Performance, Wireless",,Headphones,369.68,Open Box,value_bazaar_99,,,,2026-09-27
LST00198,MarketNest,Bose 880066-0100 Blk New in Box,Bose,Headphones,274.17,Used - Like New,GreenLeaf Goods,880066-0100,,23.62,2026-07-21
LST00199,MarketNest,★ Bose QuietComfort Ultra Headphones Jet Black,Bose,Headphones,424.45,New,TechNook,,356770951446,27.68,2026-08-21
LST00200,GadgetHub,Bose 880066 0100 | QuietComfort Ultra Headphones | Off Whie,Bose,Headphones,296.54,Renewed,Zenith Trading Co,,,31.85,2026-07-11
LST00201,MarketNest,OEM Bose QuietComfort Ultra Headphones White Smoke Free Shipping,Bose,Headphones,447.34,New,urban_gadget_outlet,8800660100,,,2026-08-19
LST00202,BrandDirect,Bose QuietComfort Ultra Headphones - White Smoke,,Headphones,414.28,New,Bose Official Store,,,28.53,2026-02-11
LST00203,GadgetHub,Bose 880066-0100 | QuietComfort Ultra Headphones | White Smoke,BOSE,Headphones,411.1,New,PrimeTechDirect,880066-0100,936444975316,,2026-09-18
LST00204,MarketNest,2024 Model Bose 880066 0100 Smoke White US Seller,Bose,Headphones,404.09,New,Sunrise Commerce,880066-0100,,24.95,2026-02-23
LST00205,ShopAxis,"Aple AirPods Pro (2nd generation) USB-C (MTJV3AM/A), White",Apple,Headphones,266.64,New,ElectroMax,MTJV3AM/A,,29.79,2026-07-22
LST00206,ValueMart,Apple AirPods Pro (2nd generation) USB-C Pure White,Apple,Headphones,241.32,New,Deal Vortex,MTJV3AM/A,389603693954,38.61,2026-05-18
LST00207,BrandDirect,Apple AirPods Pro (n2d generation) USB-C - White,apple,Headphones,244.84,New,Apple Official Store,,,33.39,2026-09-21
LST00208,ShopAxis,"Apple AirPods Pro (2nd generaiton) USB-C (mtjv3am/a), Pure White, Premium Build",Apple,Headphones,251.92,New,ElectroMax,MTJV3AM/A,,21.86,2026-01-26
LST00209,GadgetHub,Apple MTJV3AM/A | AirPods PRO (2nd generation) USB-C | Snow WHITE,,Headphones,221.12,Open Box,urban_gadget_outlet,,271408907447,33.59,2026-02-26
LST00210,MarketNest,Sennheiser M4AEBT BLACK New in Box,Sennheiser,General Merchandise,196.97,Used - Like New,value_bazaar_99,M4AEBT,,,2026-05-16
LST00211,ValueMart,Sennheiser Momentum 4 Wireless BLACK,SENNHEISER,Headphones,343.24,New,warehouse_liquidators,M4AEBT,,1.2,2026-07-14
LST00212,ValueMart,Sennheiser Momentum 4 Wireless Black,Sennheiser,Electronics,326.02,New,NorthPoint Supply,M4AEBT,,27.28,2026-01-11
LST00213,ValueMart,Sennheiser Momentum 4 WIRELESS Jet Black,SENNHEISER,Headphones,361.44,New,QuickCart Depot,,204842761352,32.93,2026-04-14
LST00214,ValueMart,Sennheiser Momentum 4 Wireless Snow White,Sennheiser,,357.43,New,Deal Vortex,,,,2026-06-20
LST00215,ShopAxis,"Sennheiser Momentum 4 Wireless (m4aebt), Snow White, Bestseller, Premium Build",SENNHEISER,Headphones,293.39,Open Box,urban_gadget_outlet,,,31.96,2026-06-10
LST00216,ShopAxis,"Sennheiser Momentum 4 Wireless (M4AEBT), White, Ultra Portable, Bestseller",Sennheiser,Headphones,294.27,Open Box,PrimeTechDirect,,,,2026-04-14
LST00217,MarketNest,AuthenticSennheiser M4AEBT Purre White New in Box,Sennheiser,Headphones,376.62,New,Zenith Trading Co,,,5.55,2026-04-23
LST00218,ShopAxis,"Sennheiser Momentum 4 Wireless (M4AEBT), Snow White",Sennheiser,Headphones,375.4,New,PrimeTechDirect,M4AEBT,,1.35,2026-09-14
LST00219,MarketNest,🔥 HOT SALE M4AEBT Dark Gray,Sennheiser,Headphones,245.7,Refurbished,BlueRiver Retail,M4AEBT,,9.83,2026-04-19
LST00220,MarketNest,Authentic MOMENTUM 4 Wireless DARK Gray,Sennheiser,Home & Kitchen,298.98,Open Box,official_store,,,35.05,2026-06-20
LST00221,ValueMart,Sennheiser Momentum 4 WIRELESS Graphite GRAY,Sennheiser Inc.,Accessories,365.95,New,mega_deals_usa,,128871891077,38.04,2026-05-26
LST00222,ShopAxis,"Sennheiser Momentum 4 Wireless (m4aebt), Graphite Gray",Sennheiser,Headphones,210.87,Used - Like New,Zenith Trading Co,,,16.61,2026-09-16
LST00223,ValueMart,JBLFlip 6 Portable Bluetooth Speaker Blk,JBL,Speakers,129.54,New,urban_gadget_outlet,,,36.11,2026-09-21
LST00224,ShopAxis,"JBL Flip 6 Portable Bluetooth Speaker (JBLFLIP6), BLACK, Advanced Performance, Energy Efficient",JBL,Speakers,82.24,Refurbished,value_bazaar_99,,015013791323,15.87,2026-08-21
LST00225,ValueMart,JBL Flip 6 Portable Bluetooth Speaker Blk,JBL,Speakers,122.77,New,warehouse_liquidators,,,24.82,2026-03-17
LST00226,ShopAxis,"JBL Flip 6 Portable Bluetooth Speaker (JBLFLIP6), Blue, Premium Build",JBL,Electronics,123.6,New,warehouse_liquidators,JBLFLIP6,,,2026-06-17
LST00227,GadgetHub,JBL JBLFLIP6 | Flip 6 Portable Bluetooth Speaker | Blue,JBL,Speakers,123.48,New,BlueRiver Retail,,040349869175,28.38,2026-02-12
LST00228,GadgetHub,JBL JBLFLIP6 | Flip 6 Portable Bluetooth Speaker | Blue,JBL,Speakers,83.37,Used - Like New,PrimeTechDirect,jblflip6,060506107464,31.21,2026-08-27
LST00229,GadgetHub,JBL JBLFLIP6 | Flip 6 Portable Bluetooth Speaker | Blue,JBL,Speakers,132.44,New,Deal Vortex,,,6.22,2026-03-21
LST00230,GadgetHub,JBL JBLFLIP6 | Flip 6 Portable Bluetooth Speaker | Blue,JBL,General Merchandise,135.64,New,TechNook,,,,2026-08-12
LST00231,GadgetHub,JBL JBLFLIP6 | Flip 6 Portable Bluetooth Speaker | Blue,JBL,Speakers,82.86,Renewed,value_bazaar_99,jblflip6,,5.32,2026-07-25
LST00232,MarketNest,JBL Flip 6 Portable Bluetooth Speaker Teal Factory Sealed,JBL,Home & Kitchen,119.38,New,NorthPoint Supply,,,25.58,2026-06-20
LST00233,ShopAxis,"JBL Flip 6 Portable Bluetooth Speaker (jblflip6), Teal",JBL,Accessories,94.54,Refurbished,TechNook,JBLFLIP6,,24.0,2026-09-20
LST00234,ShopAxis,"JBL Flip 6 Portable Bluetooth Speaker (JBLFLIP6), Teal",JBL,Speakers,130.98,New,official_store,,,6.23,2026-09-17
LST00235,ValueMart,JBL Flip 6 Portable Bluetooth Speaker Teal,JBL,Speakers,128.59,New,value_bazaar_99,JBLFLIP6,656776044475,39.2,2026-03-20
LST00236,ShopAxis,"Dell XPS 13 9340 Laptop (XPS9340), 16GB/512GB, Platinum",Dell,Laptops,1281.82,New,PrimeTechDirect,,,12.35,2026-06-25
LST00237,ValueMart,Dell XPS 13 9340 Laptop 16GB/512GB Platinum,Dell,Laptops,1217.86,New,QuickCart Depot,XPS9340,,,2026-09-23
LST00238,ValueMart,Dell XPS 13 9340 Laptop 16GB/512GB Platinum,Dell,Laptops,1284.1,New,GreenLeaf Goods,XPS9340,,10.99,2026-06-15
LST00239,BrandDirect,Dell XPS 13 9340 Laptop - 16GB/512GB Graphite,Dell,Laptops,1244.74,New,Dell Official Store,,250895763937,23.31,2026-05-17
LST00240,BrandDirect,Dell XPS 13 9340 Laptop - 16GB/512GB Graphite,Dell,Electronics,1176.82,New,Dell Official Store,,,21.19,2026-03-23
LST00241,MarketNest,GENUINE Dell XPS 13 9340 Laptop 16GB/512GB Graphite Gray,Dell,Laptops,1260.35,New,QuickCart Depot,,,4.01,2026-02-24
LST00242,ShopAxis,"Dell XPS 13 9340 Laptop (XPS9340), 16GB/512GB, Graphite",Dell,Laptops,1387.81,New,official_store,XPS9340,,6.15,2026-03-12
LST00243,ValueMart,Dell XPS 13 9340 Laptop 16GB/1TB Platinum,Dell,Laptops,1456.64,New,official_store,,593104602153,,2026-08-24
LST00244,ValueMart,Dell XPS 13 9340 Laptop 16GB/1TB Platinum,Dell,Electronics,1370.62,New,official_store,,,21.08,2026-05-27
LST00245,ShopAxis,"Dell XPS 13 9340 Laptop (XPS9340), 16GB/1TB, Platinum",Dell,Laptops,1585.48,New,GreenLeaf Goods,,,23.88,2026-05-15
LST00246,GadgetHub,Dell XPS9340 | XPS 13 9340 Laptop | 16GB/1TB / Platinum,Dell,Laptops,1158.87,Renewed,NorthPoint Supply,xps9340,,12.36,2026-08-27
LST00247,ShopAxis,"Dell XPS 13 9340 Laptop (XPS9340), 16GB/1TB, Platinum, Advanced Performance",dell,Home & Kitchen,1490.75,New,Deal Vortex,XPS9340,215743794131,7.96,2026-07-10
LST00248,MarketNest,Dell xps9340 16GB/1TB Graphite - FREE 2 DAY SHIPPING,Dell,Laptops,1408.0,New,ElectroMax,XPS9340,,22.47,2026-02-16
LST00249,MarketNest,Dell XPS 13 9340 Laptop 16GB/1TB Graphite Gray with Warranty,Dell,Laptops,1442.13,New,Zenith Trading Co,,,0.7,2026-05-18
LST00250,BrandDirect,Dell XPS 13 9340 Laptop - 16GB/1TB Graphite,Dell,Electronics,1602.14,New,Dell Official Store,,,4.47,2026-05-20
LST00251,ShopAxis,"Dell XPS 13 9340 Laptop (xps9340), 16GB/1TB, Graphite Gray, Advanced Performance, Wireless",Dell,Laptops,887.48,Used - Like New,ElectroMax,,,18.87,2026-09-27
LST00252,ShopAxis,"DELL XPS 13 9340 Laptop (XPS9340), 16GB/1TB, Dark Gray",Dell,Laptops,1281.5,Open Box,ElectroMax,XPS9340,143578327963,22.91,2026-03-25
LST00253,MarketNest,NEW Dell XPS 13 9340 Laptop 32GB/1TB Platinum,Dell,Home & Kitchen,1137.21,Renewed,BlueRiver Retail,,,25.26,2026-01-23
LST00254,MarketNest,Dell XPS 13 9340 Laptop 32GB/1TB Platinum,Dell,Laptops,1422.37,Open Box,urban_gadget_outlet,,,34.1,2026-05-16
LST00255,MarketNest,NEW SEALED XPS 13 9340 Laptop 32GB/1TB Platinum,DELL,Laptops,1841.28,New,TechNook,,,2.03,2026-06-28
LST00256,ShopAxis,"Dell XPS 13 9340 Laptop (XP9S340), 32GB/1TB, Platinum, Premium Build, Energy Efficient",Dell,Laptops,1087.49,Refurbished,Zenith Trading Co,,,29.92,2026-03-11
LST00257,MarketNest,OEM Dell XPS 13 9340 Laptop 32GB/1TB Platinum,dell,Laptops,1387.28,Renewed,BlueRiver Retail,,,25.29,2026-04-11
LST00258,MarketNest,Dell XPS 13 9340 Laptop 32GB/1TB Platinum New in Box,Dell,Laptops,1833.43,New,NorthPoint Supply,,,,2026-05-19
LST00259,GadgetHub,Dell xps9340 | XPS 13 9340 Laptop | 32GB/1TB / Graphite Gray,DELL,Laptops,1933.53,New,mega_deals_usa,XPS9340,,28.29,2026-05-24
LST00260,MarketNest,2024 Model Dell XPS 13 9340 Laptop 32GB/1TB Graphite 1 Year Warranty,Dell,Laptops,1174.37,Renewed,Sunrise Commerce,,,23.12,2026-03-14
LST00261,GadgetHub,Dell XPS9340 | XPS 13 9340 Laptop | 32GB/1TB / Graphite,Dell,,1782.39,New,TechNook,,,14.79,2026-01-10
LST00262,ValueMart,Dell XPS 13 9340 Laptop 32GB/1TB Graphite,DELL,General Merchandise,1803.59,New,urban_gadget_outlet,,097685691285,19.4,2026-01-20
LST00263,BrandDirect,Lenovo ThinkPad X1 Carbon Gen 12 - 16GB/512GB Black,Lenovo,Laptops,1727.66,New,Lenovo Official Store,21KC,,3.1,2026-06-15
LST00264,ShopAxis,"Lenovo ThinkPad X1 Carbon Gen 12 (21KC), 16GB/512GB, Black, BESTSELLER",LENOVO,Laptops,1167.77,Refurbished,Sunrise Commerce,,,29.85,2026-02-23
LST00265,GadgetHub,Lenovo 21KC | ThinkPad X1 Carbon Gen 12 | 32GB/1TB / BLACK,Lenovo,Accessories,1557.11,Used - Like New,GreenLeaf Goods,,,1.53,2026-05-20
LST00266,ShopAxis,"Lenovo ThinkPad X1 Carbon Gen 12 (21KC), 32GB/1TB, Blk",Lenovo,Laptops,1459.94,Used - Like New,mega_deals_usa,,,23.57,2026-07-11
LST00267,ShopAxis,"Lenovo ThinkPad X1 Carbon Gen 12 (21KC), 32GB/1TB, BLACK, Advanced Performance",Lenovo,Laptops,1277.07,Refurbished,mega_deals_usa,,,,2026-08-16
LST00268,BrandDirect,Lenovo ThinkPad X1 Carbon Gen 12 - 32GB/1TB Black,Lenovo Inc.,Laptops,2072.77,New,Lenovo Official Store,,419746426012,,2026-09-16
LST00269,GadgetHub,Lenovo 21KC | ThinkPad X1 Carbon Gen 12 | 32GB/1TB / Blk,lenovo,Laptops,2360.23,New,TechNook,21KC,,10.01,2026-04-24
LST00270,BrandDirect,Apple MacBook Air 13-inch M3 - 8GB/256GB Midnight,Apple,Laptops,997.53,New,Apple Official Store,MRXN3LL/A,,33.82,2026-02-14
LST00271,MarketNest,MacBook Air 13-inch M3 8GB/256GB Midnight Black with Warranty,Apple,Laptops,1023.86,New,mega_deals_usa,mrxn3ll/a,,32.74,2026-07-16
LST00272,ShopAxis,"Apple MacBook Air 13-inch M3 (MRXN3LL/A), 8GB/256GB, Midnight Blacck",Apple,Laptops,714.73,Used - Like New,warehouse_liquidators,MRXN3LL/A,,5.54,2026-02-12
LST00273,BrandDirect,Apple MacBook Air 13-inch M3 - 8GB/256GB Midnight,Apple,Laptops,1058.56,New,Apple Official Store,,,38.97,2026-05-15
LST00274,GadgetHub,Apple MRXN3LL/A | MacBook Air 13-inch M3 | 8GB/256GB / Midnight,Apple,Electronics,992.71,New,urban_gadget_outlet,,,4.41,2026-06-19
LST00275,ShopAxis,"AppleMacBook Air 13-inch M3 (mrxn3ll/a), 8GB/256GB, Midnight",Apple,Laptops,1169.14,New,Zenith Trading Co,,037421271165,12.06,2026-03-28
LST00276,ValueMart,Apple MacBook Air 13-inch M3 8GB/256GB Starlight,Apple,Laptops,1082.72,New,Sunrise Commerce,,,27.69,2026-03-11
LST00277,ShopAxis,"Apple MacBook Air 13-inch M3 (MRXN3LL/A), 8GB/256GB, Champagne Gold, Wireless, Premium Build",apple,Laptops,732.36,Renewed,Sunrise Commerce,,,5.14,2026-03-17
LST00278,MarketNest,LatestModel Apple MacBook Air 13-inch M3 8GB/256GB Champagne Gold New in Box,Apple,General Merchandise,1039.77,New,GreenLeaf Goods,MRXN3LL/A,,,2026-05-13
LST00279,GadgetHub,Apple MRXN3LL/A | MacBook Air 13-inch M3 | 8GB/256GB / Champagne Gold,Apple,Laptops,718.3,Used - Like New,warehouse_liquidators,,,10.92,2026-06-21
LST00280,BrandDirect,Apple MacBook Air 13-inch M3 - 8GB/256GB Starlight,Apple,Laptops,1153.39,New,Apple Official Store,,,,2026-04-25
LST00281,ShopAxis,"Apple MacBook Air 13-inch M3 (MRXN3LL/A), 8GB/256GB, Champagne Gold, Premium Build",apple,Laptops,710.93,Renewed,GreenLeaf Goods,,,17.77,2026-04-20
LST00282,ShopAxis,"Apple MacBook Air 13-INCH M3 (MRXN3LL/A), 8GB/256GB, Starlight, Bestseller, Wireless",Apple,Laptops,1182.65,New,Zenith Trading Co,,,31.09,2026-07-27
LST00283,ValueMart,Apple MacBook Air 13-inch M3 8GB/256GB SILVER,,General Merchandise,1114.95,New,mega_deals_usa,,,12.16,2026-07-17
LST00284,ValueMart,Apple MacBook Air 13-inch M3 8GB/256GB Silver,Apple,Laptops,1001.82,New,TechNook,,,15.54,2026-05-21
LST00285,MarketNest,Apple MRXN3LL/A 8GB/256GB Silver Ships Same Day,Apple,Laptops,1106.18,New,Deal Vortex,MRXN3LL/A,,11.3,2026-08-22
LST00286,ValueMart,Apple MACBOOK AIR 13-inch M3 8GB/256GB Silver,Apple,Laptops,1040.55,New,Sunrise Commerce,MRXN3LL/A,043911507634,,2026-04-18
LST00287,MarketNest,🔥 HOT SALE Apple MacBook Air 13-inch M3 8GB/256GB Silver,APPLE,Laptops,1111.6,New,TechNook,MRXN3LL/A,,27.59,2026-02-28
LST00288,ShopAxis,"Apple MacBook Air 13-inch M3 (MRXN3LL/A), 8GB/256GB, Silver",Apple,Laptops,1065.08,New,official_store,,345717488079,2.91,2026-01-23
LST00289,GadgetHub,Apple MRXN3LL/A | MacBook Air 13-inch M3 | 16GB/512GB / Midnight,Apple,Home & Kitchen,967.93,Renewed,TechNook,,,,2026-02-19
LST00290,ValueMart,Apple MacBook Air 13-inch M3 16GB/512GB Black,APPLE,Laptops,1484.55,New,NorthPoint Supply,,,,2026-01-25
LST00291,ValueMart,Apple MacBook Air 13-inch M3 16GB/512GB Black,Apple,Laptops,1533.58,New,BlueRiver Retail,,,30.24,2026-04-21
LST00292,ShopAxis,"Apple MacBook Air 13-inch M3 (MRXN3LL/A), 16GB/512GB, Black",APPLE,Laptops,1601.48,New,PrimeTechDirect,mrxn3ll/a,,8.43,2026-04-11
LST00293,BrandDirect,Apple MacBook Air 13-inch M3 - 16GB/512GB Midnight,Apple,Laptops,1502.22,New,Apple Official Store,,387007820068,,2026-03-17
LST00294,ShopAxis,"Apple MacBook Air 13-inch M3 (mrxn3ll/a), 16GB/512GB, Black, Ultra Portable, Wireless",Apple,Laptops,1031.5,Used - Like New,Sunrise Commerce,,,37.18,2026-01-16
LST00295,ValueMart,Apple MacBook Air 13-inch M3 16GB/512GB Midnight Black,Apple,Laptops,1389.17,New,QuickCart Depot,MRXN3LL/A,,,2026-08-18
LST00296,GadgetHub,Apple MRXN3LL/A | MacBook Air 13-inch M3 | 16GB/512GB / Starliht,Apple,Laptops,1550.1,New,QuickCart Depot,MRXN3LL/A,,,2026-08-12
LST00297,GadgetHub,Apple MRXN3LL/A | MacBook Air 13-inch M3 | 16GB/512GB / Starlight,APPLE,Laptops,1296.34,Open Box,official_store,,,10.38,2026-05-16
LST00298,MarketNest,2024 Model Apple MacBook Air 13-inch M3 16GB/512GB Champagne Gold,Apple,Laptops,877.11,Refurbished,PrimeTechDirect,,,31.42,2026-08-27
LST00299,MarketNest,Brand New Apple MacBook Air 13-inch M3 16GB/512GB Star Light,Apple,Electronics,1100.69,Used - Like New,ElectroMax,,,,2026-03-25
LST00300,BrandDirect,Apple MacBook Air 13-inch M3 - 16GB/512GB Silver,APPLE,General Merchandise,1559.54,New,Apple Official Store,,511376129545,17.96,2026-02-26
LST00301,MarketNest,MacBookAir 13-inch M3 16GB/512GB Silver Factory Sealed,Apple,Laptops,1253.46,Open Box,mega_deals_usa,,,28.12,2026-07-17
LST00302,MarketNest,🔥 HOT SALE APPLE MacBook Air 13-inch M3 16GB/512GB SILVER Best Price,,Laptops,1445.03,New,Sunrise Commerce,,,23.38,2026-04-13
LST00303,GadgetHub,Apple MRXN3LL/A | MacBook Air 13-inch M3 | 16GB/512GB / SILVER,APPLE,Electronics,1360.79,Open Box,NorthPoint Supply,,531534305950,29.7,2026-09-22
LST00304,ShopAxis,"Apple MacBook Air 13-inch M3 (MRXN3LL/A), 16GB/512GB, Platinum Silver",Apple,Laptops,1579.55,New,Zenith Trading Co,,,13.34,2026-09-11
LST00305,ShopAxis,"Aple MacBook Air 13-inch M3 (MRXN3LL/A), 16GB/512GB, Silver, Advanced Performance",Apple,Laptops,880.08,Refurbished,official_store,MRXN3LL/A,,35.08,2026-06-15
LST00306,MarketNest,🔥 HOT SALE Logitech MX Master 3S Wireless Mouse Graphite,,Computer Accessories,100.16,New,mega_deals_usa,,,5.31,2026-05-17
LST00307,ShopAxis,"Logitech MX Master 3S Wireless Mouse (910006557), Graphite, Ultra Portable",LOGITECH,Computer Accessories,78.73,Open Box,value_bazaar_99,,,10.64,2026-02-28
LST00308,MarketNest,★ Logitech MX Master 3S Wireless Mouse Graphite Gray Gift Ready,Logitech,Computer Accessories,74.56,Refurbished,NorthPoint Supply,,,,2026-01-11
LST00309,MarketNest,Authentic Logitech MX Master 3S Wireless Mouse Pale Gray Free Shipping,Logitech,,106.28,New,QuickCart Depot,,,7.07,2026-02-23
LST00310,ShopAxis,"Logitech MX Master 3S Wireless Mouse (910-006557), Pale Gray, Energy Efficient",Logitech,Computer Accessories,94.92,New,TechNook,,,17.93,2026-07-12
LST00311,BrandDirect,LogitechMX Master 3S Wireless Mouse - Pale Gray,Logitech,Electronics,89.2,New,Logitech Official Store,,,33.44,2026-03-14
LST00312,GadgetHub,Logitech 910-006557 | MX Master 3S Wireless Mouse | Pale Gray,Logitech,Computer Accessories,91.73,New,Sunrise Commerce,,,19.33,2026-08-15
LST00313,ValueMart,Logitech MX Master 3S Wireless Mouse Pale Gray,LOGITECH,Computer Accessories,98.13,New,ElectroMax,,,,2026-06-12
LST00314,GadgetHub,Logitech 910 006557 | MX Master 3S Wireless Mouse | Pale Gray,Logitech,Computer Accessories,94.12,New,NorthPoint Supply,910-006557,,1.33,2026-05-20
LST00315,MarketNest,NEW SEALED MX Master 3S Wireless Mouse Blk Gift Ready,Logitech,Computer Accessories,68.21,Refurbished,ElectroMax,,,12.65,2026-04-19
LST00316,ShopAxis,"Logitech MX Master 3S Wireless Mouse (910006557), Jet Black, Energy Efficient",Logitech,Computer Accessories,105.03,New,Deal Vortex,,,,2026-09-17
LST00317,GadgetHub,Logitech 910006557 | MX Master 3S Wireless Mouse | Black,Logitech Inc.,Computer Accessories,82.32,Open Box,mega_deals_usa,,,,2026-08-21
LST00318,ShopAxis,"Logitech MX Master 3S Wireless Mouse (910 006557), Jet Black, Premium Build, Energy Efficient",Logitech,Computer Accessories,104.97,New,PrimeTechDirect,,903030691548,,2026-02-22
LST00319,ValueMart,Logitech MX Master 3S Wireless Mouse Jet Black,,Computer Accessories,104.37,New,Zenith Trading Co,,,13.03,2026-02-23
LST00320,MarketNest,2024 Model Logitech MX Master 3S Wireless Mouse Jet Black,Logitech,Computer Accessories,97.21,New,TechNook,,,32.66,2026-02-20
LST00321,ShopAxis,"Keychron K8 Pro Wireless Mechanical Keyboard (K8P J3), Jet Black",Keychron,Computer Accessories,99.48,New,mega_deals_usa,K8PJ3,,,2026-08-19
LST00322,MarketNest,Authentic Keychron K8P-J3 Jet Black,keychron,Computer Accessories,112.31,New,official_store,K8PJ3,,21.29,2026-06-18
LST00323,MarketNest,Keychron K8P J3 Snow White,,Computer Accessories,71.76,Renewed,Zenith Trading Co,,,23.39,2026-07-18
LST00324,ShopAxis,"Keychron K8 Pro Wireless Mechanical Keyboard (K8P J3), Pure White, Advanced Performance",KEYCHRON,,112.19,New,PrimeTechDirect,,,27.36,2026-08-28
LST00325,ValueMart,Keychron K8 Pro Wireless Mechanical KEYBOARD Pure White,Keychron,Computer Accessories,103.04,New,PrimeTechDirect,K8PJ3,,,2026-09-26
LST00326,MarketNest,Samsung MU PE1T0S 1 TB Blk,,Storage,92.11,New,mega_deals_usa,,,29.06,2026-07-24
LST00327,ShopAxis,"Samsung T7 Shield Portable SSD (MU-PE1T0S), 1.0TB, Black",Samsung,,106.43,New,PrimeTechDirect,,,25.79,2026-02-18
LST00328,ShopAxis,"Samsung T7 Shield Portable SSD (MU PE1T0S), 1TB, Blk, Ultra Portable, Wireless",Samsung,Storage,106.0,New,NorthPoint Supply,,,1.55,2026-07-26
LST00329,ValueMart,Samsung T7 Shield Portable SSD 1.0TB BLACK,Samsung,General Merchandise,98.17,New,GreenLeaf Goods,MU-PE1T0S,,,2026-05-14
LST00330,ShopAxis,"Samsung T7 Shield Portable SSD (MU PE1T0S), 1.0TB, Blk, Energy Efficient, Wireless",Samsung,Storage,105.07,New,Zenith Trading Co,,,3.84,2026-02-22
LST00331,ValueMart,Samsung T7 Shield Portable SSD 1TB Jet Black,Samsung,Storage,103.89,New,QuickCart Depot,,,2.0,2026-06-15
LST00332,MarketNest,NEW SEALED Samsung T7 Shield Portable SSD 1.0TB Blk Best Price,Samsung,Storage,92.2,New,GreenLeaf Goods,,,33.21,2026-04-16
LST00333,MarketNest,★Samsung T7 Shield Portable SSD 1 TB Blue,Samsung,Storage,94.93,New,NorthPoint Supply,MU-PE1T0S,,8.14,2026-08-20
LST00334,ValueMart,Samsung T7 Shield Portable SSD 1 TB Blue,,Electronics,97.04,New,Zenith Trading Co,,005148286080,21.47,2026-08-20
LST00335,MarketNest,NEW Samsung MU-PE1T0S 1 TB Blue,Samsung,Storage,92.44,New,ElectroMax,,,,2026-01-19
LST00336,MarketNest,GENUINE Samsung T7 Shield Portable SSD 1 TB Blue,Samsung,Storage,63.77,Refurbished,BlueRiver Retail,MUPE1T0S,,26.91,2026-04-23
LST00337,ShopAxis,"Samsung T7 Shield Portable SSD (MU PE1T0S), 1.0TB, Beige, Advanced Performance",Samsung,Storage,94.46,New,TechNook,,,,2026-09-12
LST00338,BrandDirect,Samsung T7 Shield Portable SSD - 1TB Beige,Samsung,Storage,90.61,New,Samsung Official Store,,,32.23,2026-06-18
LST00339,GadgetHub,Samsung MU PE1T0S | T7 Shield Portable SSD | 1024GB / Beige,Samsung,Storage,89.25,New,TechNook,mu-pe1t0s,,22.04,2026-03-12
LST00340,ValueMart,Samsung T7 Shield Portable SSD 1TB Beige,Samsung,Accessories,93.9,New,urban_gadget_outlet,MU-PE1T0S,,21.04,2026-06-14
LST00341,ShopAxis,"Samsung T7 Shield Portable SSD (mu-pe1t0s), 1TB, Beige, Ultra Portable, Energy Efficient",Samsung,Storage,73.11,Refurbished,ElectroMax,,,23.03,2026-01-21
LST00342,ValueMart,Samsung T7 Shield Portable SSD 2048GB Black,samsung,Home & Kitchen,166.38,New,PrimeTechDirect,mu-pe1t0s,371843258581,12.96,2026-02-16
LST00343,MarketNest,Samsung T7 Shield Portable SSD 2 TB Blk,Samsung,Storage,181.18,New,mega_deals_usa,,,3.54,2026-07-19
LST00344,BrandDirect,Samsung T7 Shield Portable SSD - 2TB Black,Samsung,Storage,184.29,New,Samsung Official Store,,,1.47,2026-06-21
LST00345,GadgetHub,Samsung MU-PE1T0S | T7 Shield Portable SSD | 2TB / Jet Black,Samsung Inc.,Storage,111.65,Refurbished,ElectroMax,MU-PE1T0S,,,2026-04-10
LST00346,ValueMart,Samsung T7 Shield Portable SSD 2 TB BLACK,Samsung,Storage,162.17,New,official_store,MUPE1T0S,,,2026-05-10
LST00347,MarketNest,Samsung MUPE1T0S 2TB Blk Ships Same Day,Samsung,Storage,108.46,Used - Like New,GreenLeaf Goods,,,,2026-06-21
LST00348,ShopAxis,"Samsung T7 Shield Portable SSD (MU-PE1T0S), 2 TB, Blue, Wireless, Premium Build",SAMSUNG,Storage,116.26,Renewed,ElectroMax,,,28.99,2026-05-10
LST00349,MarketNest,OEM Samsung T7 Shield Portable SSD 2TB Blue,Samsung,Storage,182.22,New,NorthPoint Supply,MUPE1T0S,,20.3,2026-04-10
LST00350,ShopAxis,"Samsng T7 Shield Portable SSD (MUPE1T0S), 2048GB, Blue, Ultra Portable, Premium Build",Samsung,Storage,191.56,New,GreenLeaf Goods,,,26.97,2026-03-25
LST00351,MarketNest,mu-pe1t0s 2 TB Blue,Samsung,Storage,105.62,Refurbished,mega_deals_usa,mu-pe1t0s,,16.43,2026-04-24
LST00352,MarketNest,Samsung MUPE1T0S 2048GB Blue,Samsung,Storage,121.25,Renewed,PrimeTechDirect,MUPE1T0S,,3.68,2026-07-13
LST00353,ShopAxis,"Samsung T7 Shield Portable SSD (MU-PE1T0S), 2048GB, Blue, Bestseller, Ultra Portable",SAMSUNG,Storage,119.36,Renewed,value_bazaar_99,,,,2026-04-26
LST00354,MarketNest,Samsung T7 Shield Portable SSD 2TB Blue - FREE 2 DAY SHIPPING,Samsung,Storage,115.2,Used - Like New,warehouse_liquidators,mu-pe1t0s,,3.57,2026-08-25
LST00355,ShopAxis,"Samsung T7 Shield Portable SSD (MU-PE1T0S), 2 TB, Beige, Bestseller",,Storage,110.05,Refurbished,BlueRiver Retail,MU PE1T0S,,,2026-09-11
LST00356,GadgetHub,Samsung MU-PE1T0S | T7 Shield Portable SSD | 2TB / Beige,Samsung Inc.,Storage,164.84,New,Sunrise Commerce,,,1.45,2026-01-12
LST00357,BrandDirect,Samsung T7 Shield Portable SSD - 2TB Beige,Samsung,Storage,174.74,New,Samsung Official Store,,744695462790,,2026-06-11
LST00358,ShopAxis,"Samsung T7 Shield Portable SSD (MU-PE1T0S), 2 TB, Beige",Samsung,Storage,128.6,Renewed,NorthPoint Supply,,,24.76,2026-06-27
LST00359,ShopAxis,"SamsungT7 Shield Portable SSD (MU-PE1T0S), 2TB, Beige",Samsung,Storage,163.81,New,Deal Vortex,MU PE1T0S,776760334188,,2026-04-10
LST00360,ShopAxis,"Samsung T7 Shield PORTABLE SSD (mu-pe1t0s), 4 TB, Black, Advanced Performance",Samsung Inc.,Storage,320.11,New,TechNook,,739287267421,,2026-01-15
LST00361,BrandDirect,Samsung T7 Shield Portable SSD - 4TB Black,Samsung Inc.,Storage,345.03,New,Samsung Official Store,,,,2026-07-13
LST00362,MarketNest,mu-pe1t0s 4 TB Blak,SAMSUNG,Storage,335.23,New,QuickCart Depot,MU PE1T0S,295538302257,32.63,2026-03-12
LST00363,ShopAxis,"Samsung T7 Shield Portable SSD (mu-pe1t0s), 4TB, BLACK, Ultra Portable",Samsung,Storage,356.21,New,BlueRiver Retail,,,10.6,2026-09-18
LST00364,ShopAxis,"Samsung T7 Shield Portable SSD (MU PE1T0S), 4TB, BLACK, Premium Build, Ultra Portable",,Accessories,323.98,New,value_bazaar_99,,,,2026-09-13
LST00365,ShopAxis,"Samsung T7 Shield Portable SSD (MU PE1T0S), 4TB, Black, Energy Efficient",Samsung,Storage,306.79,New,BlueRiver Retail,MUPE1T0S,,38.77,2026-08-18
LST00366,MarketNest,NEW Samsung T7 Shield Portable SSD 4 TB Black 1 Year Warranty,Samsung,Storage,334.31,New,Sunrise Commerce,mu-pe1t0s,,13.54,2026-07-15
LST00367,GadgetHub,SamsungMU-PE1T0S | T7 Shield Portable SSD | 4 TB / Blue,Samsung,Electronics,353.75,New,official_store,,,5.09,2026-06-23
LST00368,BrandDirect,Samsung T7 Shield Portable SSD - 4TB Blue,Samsung,Electronics,332.71,New,Samsung Official Store,,,,2026-09-14
LST00369,ValueMart,Samsung T7 Shield Portable SSD 4TB Blue,Samsung,General Merchandise,327.06,New,TechNook,,989510161296,,2026-05-21
LST00370,ShopAxis,"Samsung T7 Shield Portable SSD (MU PE1T0S), 4TB, Beige, Wireless",Samsung,Storage,213.5,Refurbished,QuickCart Depot,,,10.64,2026-01-19
LST00371,ShopAxis,"Samsung T7 Shield Portable SSD (MUPE1T0S), 4TB, Beige",Samsung,Storage,305.58,Open Box,official_store,,,9.9,2026-07-16
LST00372,BrandDirect,Samsung T7 Shield Portable SSD - 4TB Beige,Samsung,Storage,333.92,New,Samsung Official Store,,,,2026-03-28
LST00373,ShopAxis,"Samsung T7 Shield Portable SSD (mu-pe1t0s), 4 TB, Beige",Samsung,Storage,308.87,New,GreenLeaf Goods,,,26.59,2026-07-25
LST00374,ValueMart,SanDisk Extreme microSDXC UHS-I Memory Card 128g,SanDisk,Storage,19.6,New,Deal Vortex,SDSQXAV,,30.83,2026-08-20
LST00375,ShopAxis,"SanDisk Extreme microSDXC UHS-I Memory Card (SDSQXAV), 128g",SanDisk Inc.,Storage,20.14,New,Sunrise Commerce,,374080256180,2.86,2026-08-20
LST00376,ValueMart,SanDisk Extreme microSDXC UHS-I Memory Card 182g,SanDisk,Storage,19.27,New,official_store,,773434005836,,2026-09-17
LST00377,MarketNest,2024 Model SanDisk Extreme microSDXC UHS-I Memory Card 128GB,SanDisk,Storage,13.78,Renewed,Deal Vortex,,,,2026-03-22
LST00378,ShopAxis,"SanDisk Extreme microSDXC UHS-I Memory Card (SDSQXAV), 256 GB, Wireless",SanDisk,Storage,33.34,New,NorthPoint Supply,,,,2026-05-27
LST00379,MarketNest,Authentic Sanisk Extreme microSDXC UHS-I Memory Card 256g Free Shipping,SanDisk,Storage,23.9,Used - Like New,PrimeTechDirect,,,,2026-08-15
LST00380,ShopAxis,"SanDiskExtreme microSDXC UHS-I Memory Card (SDSQXAV), 256g",SANDISK,Storage,35.9,New,PrimeTechDirect,,,39.63,2026-09-14
LST00381,MarketNest,2024 Model SanDisk Extreme microSDXC UHS-I Memory Card 256GB Gift Ready,SanDisk,Storage,22.01,Used - Like New,NorthPoint Supply,,,8.17,2026-08-18
LST00382,MarketNest,NEW SanDisk Extreme microSDXC UHS-I Memory Card 256 GB - FREE 2 DAY SHIPPING,SanDisk,Storage,34.0,New,Sunrise Commerce,,,4.96,2026-02-21
LST00383,GadgetHub,SanDisk SDSQXAV | Extreme microSDXC UHS-I Memory Card | 512GB,SanDisk,,60.42,New,official_store,SDSQXAV,,19.24,2026-03-17
LST00384,BrandDirect,SanDisk Extreme microSDXC UHS-I Memory Card - 512GB,SanDisk,Storage,62.67,New,SanDisk Official Store,,,13.83,2026-04-16
LST00385,ShopAxis,"Western Digital WD_BLACK SN850X NVMe SSD (wds100t2x0e), 1TB",Western Digital,General Merchandise,104.87,New,TechNook,,,32.49,2026-08-21
LST00386,ShopAxis,"Western Digital WD_BLACK SN850X NVMe SSD (WDS100T2X0E), 1 TB",Western Digital,Storage,104.34,New,PrimeTechDirect,,,1.84,2026-03-23
LST00387,ShopAxis,"Western Digital WD_BLACK SN850X NVMe SSD (WDS100T2X0E), 1TB, Bestseller",Western Digital,Storage,100.22,New,official_store,,,,2026-01-13
LST00388,GadgetHub,Western Digital WDS100T2X0E | WD_BLACK SN850X NVME SSD | 2TB,WESTERN DIGITAL,Storage,206.16,New,Deal Vortex,WDS100T2X0E,,3.9,2026-09-12
LST00389,ShopAxis,"Western Digital WD_BLACK SN850X NVMe SSD (WDS100T2X0E), 2 TB",Western Digital,Storage,207.31,New,TechNook,WDS100T2X0E,,8.78,2026-03-20
LST00390,BrandDirect,Western Digital WD_BLACK SN850X NVMe SSD - 2TB,WESTERN DIGITAL,Storage,195.61,New,Western Digital Official Store,WDS100T2X0E,,4.93,2026-03-27
LST00391,GadgetHub,Western Digital WDS100T2X0E | WD_BLACK SN850X NVMe SSD | 2TB,Western Digital,Storage,208.42,New,Zenith Trading Co,,,,2026-08-25
LST00392,ShopAxis,"Kingston FURY Beast DDR5 5600 Desktop Memory (KF556C40BBK2), 16GB",Kingston,Home & Kitchen,93.94,New,TechNook,kf556c40bbk2,,,2026-08-17
LST00393,MarketNest,Kingston FURY Beast DDR5 5600 Desktop Memory 16 GB,Kingston,Computer Components,85.29,New,QuickCart Depot,KF556C40BBK2,,26.25,2026-01-22
LST00394,GadgetHub,Kingston KF556C40BBK2 | FURY Beast DDR5 5600 Desktop Memory | 16 GB,Kingston,Computer Components,76.03,Open Box,PrimeTechDirect,,,38.4,2026-07-10
LST00395,ValueMart,Kingston FURY Beast DDR5 5600 Desktop Memory 16GB,Kingston,Computer Components,90.6,New,value_bazaar_99,KF556C40BBK2,,,2026-05-10
LST00396,BrandDirect,Kingston FURY Beast DDR5 5600 Desktop Memory - 16GB,Kingston Inc.,Computer Components,95.4,New,Kingston Official Store,,,10.63,2026-04-13
LST00397,MarketNest,OEM Kingston KF556C40BBK2 32GB,Kingston,Computer Components,98.36,Renewed,NorthPoint Supply,,,5.7,2026-04-27
LST00398,BrandDirect,Kingston FURY Beast DDR5 5600 DESKTOP Memory - 32GB,Kingston,Computer Components,155.16,New,Kingston Official Store,KF556C40BBK2,,,2026-03-20
LST00399,ShopAxis,"Kingston FURY Beast DDR5 5600 Desktop Memory (KF556C40BBK2), 32GB, Premium Build",Kingston,Computer Components,100.72,Refurbished,warehouse_liquidators,kf556c40bbk2,,,2026-09-24
LST00400,ShopAxis,"Kingston FURY Beast DDR5 5600 Desktop Memory (KF556C40BBK2), 32 GB, Bestseller, Wireless",Kingston,Computer Components,88.72,Used - Like New,BlueRiver Retail,,,,2026-01-22
LST00401,MarketNest,OEM Kingston KF556C40BBK2 64GB US Seller,Kingston,Computer Components,264.25,New,NorthPoint Supply,KF556C40BBK2,,,2026-04-26
LST00402,ValueMart,Kingston FURY Beast DDR5 5600 Desktop Memory 64GB,Kingston,Computer Components,259.03,New,BlueRiver Retail,kf556c40bbk2,,28.94,2026-05-15
LST00403,ShopAxis,"Kingston FURY Beast DDR5 5600 Desktop Memory (KF556C40BBK2), 64GB",Kingston,Electronics,157.89,Refurbished,Deal Vortex,,,12.43,2026-05-15
LST00404,ShopAxis,"Kingston FURY Beast DDR5 5600 Desktop Memory (KF556C40BBK2), 64GB, Bestseller",Kingston,Computer Components,228.73,New,Sunrise Commerce,,,,2026-09-16
LST00405,ShopAxis,"KingstonFURY Beast DDR5 5600 Desktop Memory (KF556C40BBK2), 64 GB",,Computer Components,228.24,New,GreenLeaf Goods,KF556C40BBK2,,,2026-06-10
LST00406,MarketNest,KF556C40BBK2 64GB Shiips Same Day,Kingston,Home & Kitchen,250.28,New,urban_gadget_outlet,,,0.47,2026-03-25
LST00407,MarketNest,KingstonFURY Beast DDR5 5600 Desktop Memory 64GB Ships Same Day,Kingston,Electronics,254.52,New,urban_gadget_outlet,,,14.85,2026-03-12
LST00408,ShopAxis,"Apple Watch Series 9 GPS 45mm (MR9A3LL/A), Black, Advanced Performance",Apple,Electronics,449.79,New,NorthPoint Supply,MR9A3LL/A,,37.54,2026-07-28
LST00409,ValueMart,Apple Watch SERIES 9 GPS 45mm Midnight Black,Apple,Smart Watches,403.29,New,value_bazaar_99,MR9A3LL/A,,,2026-02-13
LST00410,BrandDirect,Apple Watch Series 9 GPS 45mm - Midnight,Apple,Smart Watches,439.32,New,Apple Official Store,,,34.26,2026-04-24
LST00411,MarketNest,2024 Model Apple Watch Series 9 GPS 45mm Midnight Gift Ready,Apple,Electronics,387.38,New,PrimeTechDirect,mr9a3ll/a,,,2026-03-11
LST00412,ShopAxis,"Apple Watch Series 9 GPS 45mm (MR9A3LL/A), Black",Apple Inc.,Smart Watches,406.23,New,Zenith Trading Co,,,32.79,2026-05-12
LST00413,MarketNest,NEW Watch Series 9 GPS 45mm Black,Apple,Smart Watches,439.82,New,warehouse_liquidators,MR9A3LL/A,,27.76,2026-01-21
LST00414,ShopAxis,"Apple Watch Series 9 GPS 45mm (MR9A3LL/A), Starlight, Wireless, Ultra Portable",Apple,Smart Watches,412.84,New,ElectroMax,MR9A3LL/A,025054106618,,2026-01-10
LST00415,ShopAxis,"Apple Watch Series 9 GPS 45mm (MR9A3LL/A), Champagne Gold, Bestseller, Energy Efficient",Apple,Smart Watches,435.16,New,warehouse_liquidators,,,4.52,2026-06-20
LST00416,MarketNest,Brand New Apple Watch Series 9 GPS 45mm Star Light - FREE 2 DAY SHIPPING,Apple,Smart Watches,453.29,New,urban_gadget_outlet,mr9a3ll/a,410651374210,14.37,2026-03-28
LST00417,MarketNest,MR9A3LL/A Starlight,,Smart Watches,250.18,Refurbished,NorthPoint Supply,,,33.13,2026-03-25
LST00418,ShopAxis,"Apple Watch Series 9 GPS 45mm (mr9a3ll/a), Champagne Gold, Energy Efficient, Wireless",Apple,Smart Watches,448.99,New,mega_deals_usa,,,30.24,2026-02-14
LST00419,MarketNest,NEW Apple mr9a3ll/a Star Light Best Price,Apple Inc.,Smart Watches,402.15,New,warehouse_liquidators,,,37.61,2026-07-27
LST00420,ShopAxis,"Apple Watch Series 9 GPS 45mm (MR9A3LL/A), Starlight, Premium Build",Apple,Smart Watches,433.48,New,BlueRiver Retail,,,17.79,2026-08-11
LST00421,ValueMart,Apple Watch Series 9 GPS 45mm Pink,Apple,Smart Watches,424.5,New,QuickCart Depot,,,38.76,2026-03-14
LST00422,ValueMart,Apple Watch Series 9 GPS 45mm Pink,Apple,,393.12,New,value_bazaar_99,,953661609350,9.83,2026-08-21
LST00423,ShopAxis,"Apple Watch Series 9 GPS 45mm (MR9A3LL/A), Pink, Advanced Performance",Apple,General Merchandise,325.1,Renewed,value_bazaar_99,,,11.5,2026-09-26
LST00424,BrandDirect,Apple Watch Series 9 GPS 45mm - Pink,Apple,Smart Watches,389.15,New,Apple Official Store,,,,2026-09-20
LST00425,MarketNest,Apple Watch Series 9 GPS 45mm Pink Free Shipping,Apple,Smart Watches,253.56,Refurbished,BlueRiver Retail,,,18.57,2026-05-21
LST00426,ValueMart,Garmin Forerunner 265 GPS Running Smartwatch BLACK,Garmin,Smart Watches,462.25,New,mega_deals_usa,,,6.09,2026-03-11
LST00427,BrandDirect,Garmin Forerunner 265 GPS Running Smartwatch - Black,Garmin,Smart Watches,454.85,New,Garmin Official Store,010 02810,,,2026-07-26
LST00428,ShopAxis,"Garmin Forerunner 265 GPS Running Smartwatch (010-02810), Jet Black, Premium Build, Advanced Performance",Garmin,Smart Watches,455.95,New,BlueRiver Retail,,,,2026-02-19
LST00429,ShopAxis,"Garmin Forerunner 265 GPS Running Smartwatch (01002810), Black",Garmin,,461.74,New,warehouse_liquidators,010 02810,,,2026-04-12
LST00430,ShopAxis,"Garmin Forerunner 265 GPS Running Smartwatch (010-02810), Jet Black",Garmin,,434.29,New,Zenith Trading Co,,,21.96,2026-04-23
LST00431,BrandDirect,Garmin Forerunner 265 GPS Running Smartwatch - Whitestone,Garmin,Smart Watches,480.31,New,Garmin Official Store,010-02810,,,2026-06-24
LST00432,ShopAxis,"Garmin Forerunner 265 GPS Running Smartwatch (010-02810), Stone White, Wireless",Garmin,Smart Watches,461.91,New,value_bazaar_99,01002810,,,2026-05-24
LST00433,MarketNest,Garmin Forerunner 265 GPS Running Smartwatch Stone White,Garmin,Smart Watches,459.5,New,TechNook,,,25.45,2026-07-27
LST00434,MarketNest,BRAND New Garmin Forerunner 265 GPS Running Smartwatch White Stone,Garmin,Home & Kitchen,466.18,New,value_bazaar_99,,,,2026-05-25
LST00435,GadgetHub,Garmin 010-02810 | Forerunner 265 GPS Running Smartwatch | Aqua,Garmin,,269.53,Used - Like New,PrimeTechDirect,010-02810,,16.54,2026-04-18
LST00436,MarketNest,★ Garin Forerunner 265 GPS Running Smartwatch Aqua,Garmin,General Merchandise,464.9,New,GreenLeaf Goods,,,,2026-03-23
LST00437,GadgetHub,Garmiin 010-02810 | Forerunner 265 GPS Running Smartwatch | Aqua,Garmin,Accessories,288.45,Used - Like New,GreenLeaf Goods,01002810,,,2026-08-24
LST00438,ShopAxis,"Garmin Forerunner 265 GPS Running Smartwatch (010-02810), Aqua, Bestesller, Premium Build",Garmin,Smart Watches,376.62,Open Box,NorthPoint Supply,010-02810,,12.63,2026-03-15
LST00439,ShopAxis,"Garmin Forerunner 265 GPS Running Smartwatch (010 02810), Aqua, Ultra Portable",Garmin,Smart Watches,332.64,Renewed,value_bazaar_99,010 02810,,31.43,2026-04-25
LST00440,ValueMart,Garmin Forerunner 265 GPS Running Smartwatch Aqua,Garmin,Home & Kitchen,428.31,New,mega_deals_usa,010-02810,,32.28,2026-09-19
LST00441,ValueMart,Amazon Echo Dot (5th Gen) Smart Speaker Charcoal,Amazon,Accessories,50.54,New,value_bazaar_99,,,25.98,2026-01-24
LST00442,ShopAxis,"Amazon Echo Dot (5ht Gen) Smart Speaker (B09B8V1LZ3), Charcoal, Bestseller, Energy Efficient",AMAZON,Smart Home,43.57,Open Box,GreenLeaf Goods,,,14.15,2026-01-25
LST00443,GadgetHub,Amazon B09B8V1LZ3 | Echo Dot (5th Gen) Smart Speaker | Dark Charcoal,Amazon,Smart Home,52.65,New,PrimeTechDirect,B09B8V1LZ3,,7.08,2026-08-14
LST00444,BrandDirect,Amazon Eccho Dot (5th Gen) Smart Speaker - Charcoal,Amazon,Smart Home,47.01,New,Amazon Official Store,,,22.6,2026-09-13
LST00445,MarketNest,2024 Model Amazon Ecoh Dot (5th Gen) Smart Speaker Dark Charcoal | Limited Stock,Amazon,Smart Home,51.78,New,Deal Vortex,,,,2026-02-18
LST00446,ShopAxis,"Amazon Echo Dot (5th Gen) Smart Speaker (B09B8V1LZ3), Charcoal Gray, Wireless",amazon,Smart Home,47.7,New,ElectroMax,B09B8V1LZ3,,,2026-07-22
LST00447,ValueMart,Amazon Echo Dot (5th Gen) Smart Speaker Dark Charcoal,Amazon,Smart Home,44.77,New,Deal Vortex,,,,2026-08-18
LST00448,ShopAxis,"Amazon Echo Dot (5th Gen) Smart Speaker (B09B8V1LZ3,) Glacier",Amazon,Smart Home,46.59,New,Zenith Trading Co,,,37.14,2026-05-13
LST00449,ValueMart,Amazon Echo Dot (5th Gen) Smart Speaker White,Amazon,Smart Home,52.16,New,ElectroMax,,,4.14,2026-08-16
LST00450,MarketNest,Latest Model Amazon B09B8V1LZ3 Glacier,Amazon,Smart Home,38.28,Open Box,value_bazaar_99,,,33.67,2026-04-10
LST00451,ValueMart,AMAZON Echo Dot (5th Gen) Smart Speaker Glacier,Amazon,Smart Home,51.26,New,Deal Vortex,,,26.18,2026-02-13
LST00452,ShopAxis,"Amazon Echo Dot (5th Gen) Smart Speaker (B09B8V1LZ3), Deep Sea Blue, Wireless",Amazon,Smart Home,45.92,New,QuickCart Depot,B09B8V1LZ3,,36.09,2026-09-22
LST00453,ValueMart,Amazon Echo Dot (5th Gen) Smart Speaker Deep Sea Blue,Amazon,Smart Home,45.85,New,urban_gadget_outlet,,,0.65,2026-06-16
LST00454,ShopAxis,"Amazon Echo Dot (5th Gen) Smart Speaker (b09b8v1lz3), Deep Sea Blue, Bestseller",Amazon,Electronics,47.64,New,urban_gadget_outlet,,,17.65,2026-05-18
LST00455,MarketNest,★ Amazon B09B8V1LZ3 Deep Sea Blue,Amazon,Smart Home,47.66,New,warehouse_liquidators,B09B8V1LZ3,,37.78,2026-05-18
LST00456,ShopAxis,"Google Nest Thermostat (GA02081-US), Snow, Bestseller",Google,Smart Home,102.56,Open Box,GreenLeaf Goods,ga02081-us,,39.4,2026-03-11
LST00457,ValueMart,Google Nest Thermostat Snow,Google,Smart Home,127.4,New,Deal Vortex,GA02081US,,6.74,2026-07-18
LST00458,ShopAxis,"Google Nest Thermostat (GA02081-US), Snow, Advanced Performance, Wireless",Google,Smart Home,130.68,New,GreenLeaf Goods,,,39.94,2026-02-26
LST00459,GadgetHub,Google GA02081-US | Nest Thermostat | Snow,Google,Smart Home,102.02,Open Box,warehouse_liquidators,,,34.24,2026-09-18
LST00460,ShopAxis,"Google Nest Thermostat (GA02081 US), Charcoal Gray",Google,Smart Home,130.68,New,mega_deals_usa,,,,2026-06-18
LST00461,MarketNest,Google Nest Thermostat Dark Charcoal,Google,Smart Home,123.16,New,Deal Vortex,,,,2026-06-17
LST00462,ValueMart,Google Nest Thermostat Dark Charcoal,Google,Smart Home,121.46,New,GreenLeaf Goods,,762274432978,,2026-01-19
LST00463,ShopAxis,"Google Nest Thermostat (GA02081US), Charcoal, Wireless, Energy Efficient",Google,Smart Home,124.41,New,Zenith Trading Co,,,,2026-08-24
LST00464,MarketNest,GENUINE Google Nest Thermostat Charcoal New in Box,GOOGLE,Smart Home,133.65,New,TechNook,,,,2026-05-16
LST00465,MarketNest,Google Nest Thermostat Dark Charcoal US SELLER,Google,Smart Home,129.0,New,TechNook,,,,2026-06-24
LST00466,MarketNest,GENUINE Google Nest Thermostat Fog Factory Sealed,Google,Smart Home,81.18,Refurbished,warehouse_liquidators,GA02081US,,16.45,2026-03-27
LST00467,ShopAxis,"Google Nest Thermostat (GA02081US), Fog, Advanced Performance, Wireless",Google,Smart Home,126.72,New,Zenith Trading Co,,,,2026-04-14
LST00468,ValueMart,Google Nest Thermostat Fog,GOOGLE,Smart Home,138.79,New,PrimeTechDirect,ga02081-us,,5.25,2026-04-14
LST00469,ShopAxis,"Google Nest Thermostat (GA02081US), Fog, Advanced Performance, Bestseller",Google,Smart Home,76.02,Used - Like New,GreenLeaf Goods,GA02081-US,,26.46,2026-08-17
LST00470,MarketNest,★ Ring Video Doorbell Wired BLACK | Limited Stock,Ring,Smart Home,42.43,Refurbished,Zenith Trading Co,,001664056816,13.85,2026-06-17
LST00471,ShopAxis,"Ring Video Doorbell Wired (b08n5nq869), BLACK, Bestseller",Ring,Smart Home,40.55,Renewed,GreenLeaf Goods,B08N5NQ869,,0.58,2026-07-27
LST00472,MarketNest,Latest Model Ring b08n5nq869 Jet Black - FREE 2 DAY SHIPPING,Ring,Smart Home,43.29,Renewed,warehouse_liquidators,B08N5NQ869,,9.37,2026-05-10
LST00473,ValueMart,Ring Video Doorbell Wired Blk,Ring,Accessories,68.5,New,ElectroMax,B08N5NQ869,,0.78,2026-09-14
LST00474,ShopAxis,"Ring Video Doorbell Wired (B08N5NQ869), Jet Black, Bestseller",Ring,Smart Home,64.15,New,Sunrise Commerce,B08N5NQ869,,5.59,2026-03-26
LST00475,ShopAxis,"LG C4 Series OLED evo 4K Smart TV (OLEDC4PUA), 48-Inch, Advanced Performance",LG,General Merchandise,729.56,Renewed,GreenLeaf Goods,OLEDC4PUA,,31.44,2026-05-27
LST00476,BrandDirect,"LG C4 Series OLED evo 4K Smart TV - 48""",LG,Televisions,1179.82,New,LG Official Store,,,27.92,2026-06-19
LST00477,ShopAxis,"LG C4 Series OLED evo 4K Smart TV (OLEDC4PUA), 48"", Bestseller, Ultra Portable",LG,Televisions,659.47,Refurbished,Zenith Trading Co,,503768665538,23.56,2026-06-17
LST00478,ShopAxis,"LG C4 Series OLED evo 4K Smart TV (OLEDC4PUA), 55 Inch, Energy Efficient",LG,Televisions,1441.53,New,mega_deals_usa,,,7.91,2026-06-15
LST00479,MarketNest,LG oledc4pua OLED55 New in Box,LG,Televisions,1441.34,New,value_bazaar_99,OLEDC4PUA,076775741702,12.73,2026-02-22
LST00480,ValueMart,"LG C4 Series OLED evo 4K Smart TV 55""",LG,Televisions,1460.08,New,NorthPoint Supply,,,,2026-03-19
LST00481,ShopAxis,"LG C4 Series OLED evo 4K Smart TV (OLEDC4PUA), 55 Inch, Advanced Performance",LG,Televisions,1452.25,New,official_store,,,6.97,2026-04-27
LST00482,GadgetHub,LG OLEDC4PUA | C4 Series OLED evo 4K Smart TV | OLED55,LG,Televisions,965.66,Used - Like New,NorthPoint Supply,oledc4pua,,,2026-09-19
LST00483,MarketNest,NEW SEALED LG C4 Series OLED evo 4K Smart TV OLED55 New in Box,LG,Accessories,1296.5,New,Deal Vortex,,,8.74,2026-06-13
LST00484,GadgetHub,LG OLEDC4PUA | C4 Series OLED evo 4K Smart TV | 65-Inch,LG,Televisions,1983.68,New,TechNook,OLEDC4PUA,,,2026-01-28
LST00485,ShopAxis,"LG C4 Series OLED evo 4K Smart TV (OLEDC4PUA), 65-Inch, Bestseller, Energy Efficient",LG,Televisions,1981.63,New,BlueRiver Retail,oledc4pua,,34.85,2026-07-18
LST00486,BrandDirect,"LG C4 Series OLED evo 4K Smart TV - 65""",LG,Televisions,1778.77,New,LG Official Store,,,,2026-01-18
LST00487,MarketNest,LG C4 Series OLED evo 4K Smart TV OLED65 New in Box,LG,Televisions,1948.17,New,PrimeTechDirect,OLEDC4PUA,199386166144,26.11,2026-02-21
LST00488,ValueMart,"LG C4 Series OLED evo 4K Smart TV 65""",LG,General Merchandise,1829.19,New,ElectroMax,,665933606002,27.39,2026-02-19
LST00489,GadgetHub,LG OLEDC4PUA | C4 Series OLED evo 4K Smart TV | 65-Inch,LG,Televisions,1931.2,New,Sunrise Commerce,OLEDC4PUA,,,2026-06-20
LST00490,GadgetHub,LG OLEDC4PUA | C4 Series OLED evo 4K Smart TV | OLED65,LG,Home & Kitchen,1540.94,Open Box,official_store,,697585956042,39.99,2026-02-27
LST00491,ValueMart,LG C4 Series OLED evo 4K Smart TV 77-Inch,,Televisions,3029.97,New,urban_gadget_outlet,OLEDC4PUA,,19.3,2026-08-13
LST00492,ValueMart,LG C4 Series OLED evo 4K Smart TV OLED77,LG,Televisions,2932.9,New,Zenith Trading Co,OLEDC4PUA,,19.44,2026-02-22
LST00493,ValueMart,LG C4 Series OLED evo 4K Smart TV 77-Inch,,Televisions,3197.46,New,GreenLeaf Goods,OLEDC4PUA,,,2026-09-21
LST00494,ShopAxis,"LG C4 Series OLED evo 4K Smart TV (OLEDC4PUA), 77-Inch, Premium Build",LG,Accessories,3219.31,New,NorthPoint Supply,OLEDC4PUA,,2.34,2026-06-28
LST00495,ShopAxis,"LG C4 Series OLED evo 4K Smart TV (OLEDC4PUA), OLED77, Premium Build",LG,Televisions,3069.4,New,urban_gadget_outlet,OLEDC4PUA,,22.45,2026-01-14
LST00496,ShopAxis,"LG C4 Series OLED evo 4K Smart TV (oledc4pua), 77""",,Electronics,2660.23,Open Box,BlueRiver Retail,,,22.64,2026-07-17
LST00497,MarketNest,OEM LG OLEDC4PUA OLED77 Free Shipping,LG,Televisions,1833.64,Refurbished,warehouse_liquidators,,458095950150,38.04,2026-07-15
LST00498,MarketNest,2024 Model Samsung QN90D Neo QLED 4K Smart TV 55 Inch Free Shipping,Samsung,Televisions,1218.79,Renewed,ElectroMax,qn90dafxza,598962033677,,2026-07-25
LST00499,ShopAxis,"Samsung QN90D Neo QLED 4K Smart TV (QN90DAFXZA), OLED55, Energy Efficient",Samsung,Televisions,1714.23,New,QuickCart Depot,QN90DAFXZA,,36.78,2026-03-22
LST00500,ValueMart,Samsung QN90D Neo QLED 4K Smart TV 55-Inch,,Televisions,1586.73,New,NorthPoint Supply,,670637966953,,2026-02-15
LST00501,GadgetHub,Samsung qn90dafxza | QN90D Neo QLED 4K Smart TV | OLED65,Samsung,Home & Kitchen,2234.12,New,official_store,,,,2026-04-23
LST00502,ShopAxis,"Samsung QN90D Neo QLED 4K Smart TV (QN90DAFXZA), 65"", Advanced Performance, Premium Build",SAMSUNG,Televisions,2046.2,New,PrimeTechDirect,,,5.3,2026-02-23
LST00503,ShopAxis,"Samsung QN90D Neo QLED 4K Smart TV (QN90DAFXZA), OLED65",Samsung,Televisions,2236.25,New,PrimeTechDirect,,,,2026-03-27
LST00504,ValueMart,Samsung QN90D Neo QLED 4K Smart TV OLED65,Samsung,Televisions,1963.41,New,official_store,,,4.04,2026-09-23
LST00505,ValueMart,Samsung QN90D Neo QLED 4K Smart TV 75-Inch,Samsung,Accessories,2650.04,New,TechNook,,,,2026-04-28
LST00506,GadgetHub,Samsung QN90DAFXZA | QN90D Neo QLED 4K Smart TV | 75-Inch,Samsung,Televisions,2657.68,New,QuickCart Depot,QN90DAFXZA,,9.86,2026-02-12
LST00507,BrandDirect,"Samsung QN90D Neo QLED 4K Smart TV - 75""",Samsung,Televisions,2682.45,New,Samsung Official Store,QN90DAFXZA,,,2026-07-25
LST00508,MarketNest,"QN90DAFXZA 75"" 1 Year Warraty",Samsung,Televisions,2581.11,New,Sunrise Commerce,,,11.03,2026-04-19
LST00509,MarketNest,Latest Model Nintendo Switch OLED Model Console Pure White,Nintendo,Video Game Consoles,369.43,New,Zenith Trading Co,hegskaaaa,923997307640,19.17,2026-02-10
LST00510,GadgetHub,Nintendo HEGSKAAAA | Switch OLED Model Console | Snow White,NINTENDO,Video Game Consoles,339.25,New,NorthPoint Supply,HEGSKAAAA,,28.11,2026-09-23
LST00511,MarketNest,Brand New Switch OLED Model Console Pure White Ships Same Day,Nintendo,Video Game Consoles,374.61,New,ElectroMax,,,,2026-03-11
LST00512,MarketNest,Nintendo Switch OLED Model Console White,Nintendo,Video Game Consoles,321.46,New,urban_gadget_outlet,HEGSKAAAA,326147631729,,2026-08-17
LST00513,BrandDirect,NintendoSwitch OLED Model Console - Whitte,Nintendo,Electronics,356.35,New,Nintendo Official Store,,,39.31,2026-06-24
LST00514,ValueMart,Nintendo Switch OLED Model Console Snow White,Nintendo,Accessories,346.48,New,TechNook,HEGSKAAAA,,17.05,2026-08-25
LST00515,MarketNest,Nintendo HEGSKAAAA Pure White,Nintendo,Video Game Consoles,316.95,New,urban_gadget_outlet,,,13.26,2026-08-27
LST00516,ShopAxis,"Nintendo Switch OLED Model Console (hegskaaaa), NEON, Bestseller",Nintendo,Video Game Consoles,333.27,New,QuickCart Depot,,,28.26,2026-02-21
LST00517,ShopAxis,"Nintendo Switch OLED Model Console (hegskaaaa), Neon",,Video Game Consoles,268.15,Refurbished,Zenith Trading Co,HEGSKAAAA,,,2026-07-21
LST00518,ShopAxis,"Nintendo Switch OLED Model Console (hegskaaaa), Neon Blue/Neon Red, Bestseller",Nintendo,Video Game Consoles,336.97,New,urban_gadget_outlet,,956714819616,2.13,2026-03-19
LST00519,BrandDirect,Nintendo Switch OLED Model Console - Neon Blue/Neon Red,Nintendo,General Merchandise,342.15,New,Nintendo Official Store,HEGSKAAAA,,17.18,2026-06-24
LST00520,ShopAxis,"NintendoSwitch OLLED Model Console (HEGSKAAAA), Neon Blue/Neon Red",Nintendo,Video Game Consoles,344.28,New,TechNook,hegskaaaa,,15.21,2026-03-10
LST00521,ShopAxis,"Raspberry Pi Raspberry Pi 5 Single Board Computer (SC1111), 4 GB, Premium Build",,General Merchandise,55.78,Open Box,QuickCart Depot,SC1111,830346115924,17.74,2026-03-12
LST00522,MarketNest,OEMRaspberry Pi Raspberry Pi 5 Single Board Computer 4 GB,Raspberry Pi,Computer Components,59.3,New,Sunrise Commerce,,,9.06,2026-09-16
LST00523,BrandDirect,Raspberry Pi Raspberry Pi 5 Single Board Computer - 4GB,raspberry pi,Computer Components,62.14,New,Raspberry Pi Official Store,SC1111,,26.07,2026-03-24
LST00524,ValueMart,Raspberry Pi Raspberry Pi 5 Single Board Computer 4 GB,Raspberry Pi,Computer Components,62.46,New,PrimeTechDirect,,,,2026-08-22
LST00525,ShopAxis,"Raspberry Pi Raspberry Pi 5 Single Board Computer (SC1111), 4GB, Energy Efficient, Bestseller",Raspberry Pi,Computer Components,61.46,New,Zenith Trading Co,sc1111,,,2026-05-22
LST00526,ValueMart,Raspberry Pi Raspberry Pi 5 Single Board Computer 4GB,Raspberry Pi Inc.,Computer Components,56.96,New,urban_gadget_outlet,,,39.89,2026-01-20
LST00527,GadgetHub,RaspberryPi SC1111 | Raspberry Pi 5 Single BOARD Computer | 8 Gig,Raspberry Pi,Electronics,72.06,New,warehouse_liquidators,,,10.53,2026-09-28
LST00528,ValueMart,Raspberry Pi Raspberry Pi 5 Single Board Computer 8 Gig,Raspberry Pi,Computer Components,74.78,New,official_store,SC1111,,35.17,2026-05-13
LST00529,ShopAxis,"RaspberryPi Raspberry Pi 5 Single Board Computer (SC1111), 8GB",RASPBERRY PI,Computer Components,76.6,New,official_store,,,,2026-06-26
LST00530,ShopAxis,"Raspberry Pi Raspberry Pi 5 Single Board Computer (sc1111), 8GB, Ultra Portable",Raspberry Pi,Computer Components,77.67,New,NorthPoint Supply,SC1111,,25.8,2026-06-11
LST00531,ValueMart,Raspberry Pi Raspberry Pi 5 Single Board Computer 8 GB,Raspberry Pi,Computer Components,76.01,New,TechNook,,,28.48,2026-07-24
LST00532,BrandDirect,Raspberry PI Raspberry Pi 5 Single Board Computer - 8GB,Raspberry Pi,Computer Components,83.0,New,Raspberry Pi Official Store,,,20.94,2026-01-27
LST00533,ShopAxis,"AnkerPowerCore 10000 Portable Charger (A1263), BLACK, Energy Efficient, Advanced Performance",Anker,Power Banks,14.55,Refurbished,warehouse_liquidators,A1263,,23.73,2026-09-20
LST00534,ShopAxis,"Anker PowerCore 10000 Portable Charger (A1263), Black, Wireless",Anker,Power Banks,26.3,New,PrimeTechDirect,A1263,,23.25,2026-02-21
LST00535,BrandDirect,Anker PowerCore 10000 Portable CHARGER - Black,Anker Inc.,Power Banks,26.69,New,Anker Official Store,,319467687638,0.22,2026-09-13
LST00536,ShopAxis,"Anker PowerCore 10000 Portable Charger (a1263), Jet Black",Anker,Power Banks,22.72,Open Box,official_store,,,33.66,2026-02-23
LST00537,MarketNest,🔥 HOT SALE Anker PowerCore 10000 Portable Charger Blue Ships Same Day,Anker,Power Banks,24.63,New,official_store,A1263,,,2026-04-24
LST00538,ShopAxis,"Anker PowerCore 10000 Portable Charger (A1263), Blue, Premium Build",Anker,Power Banks,24.43,New,Sunrise Commerce,,401728669614,27.25,2026-09-17
LST00539,MarketNest,OEM Anker PowerCore 10000 Portable Charger Blue,Anker,Power Banks,14.33,Used - Like New,Sunrise Commerce,,,12.19,2026-07-19
LST00540,ValueMart,Anker PowerCore 10000 Portable Charger Blue,Anker,Power Banks,25.46,New,Deal Vortex,,,,2026-01-19
LST00541,ValueMart,Anker PowerCore 10000 Portable Charger Snow White,Anker,Power Banks,24.67,New,QuickCart Depot,,351620991509,,2026-08-13
LST00542,ShopAxis,"Anker PowerCore 10000 Portable Charger (A1263), Pure White, Premium Build, Energy Efficient",Anker,Electronics,22.34,Open Box,NorthPoint Supply,,,23.61,2026-02-17
LST00543,BrandDirect,Anker PowerCore 10000 Portable CHARGGER - White,Anker,Power Banks,23.96,New,Anker Official Store,,694896170308,14.72,2026-05-13
LST00544,ValueMart,Anker Nano 3 30W USB-C Charger BLACK,Anker,Chargers,19.11,New,mega_deals_usa,,474087548661,11.03,2026-06-26
LST00545,ShopAxis,"Anker Nano 3 30W USB-C Charger (A2147), Blk, Ultra Portable",Anker Inc.,,14.68,Renewed,GreenLeaf Goods,A2147,,,2026-05-10
LST00546,ShopAxis,"Anker Nano 3 30W USB-C Charger (A2147), BLACK, Advanced Performance",,Chargers,17.68,New,urban_gadget_outlet,,,,2026-07-21
LST00547,MarketNest,Anker a2147 Jet Black,ANKER,Chargers,17.39,Open Box,urban_gadget_outlet,A2147,,6.51,2026-09-11
LST00548,ShopAxis,"Anker Nano 3 30W USB-C Charger (A2147), Blk, Ultra Portable, Advanced Performance",Anker,Chargers,17.44,Open Box,PrimeTechDirect,A2147,,,2026-02-15
LST00549,ShopAxis,"Anker Nano 3 30W USB-C Charger (A2147), Green, Premium Build, Bestseller",anker,Chargers,12.04,Renewed,TechNook,,,,2026-09-21
LST00550,MarketNest,NEW SEALED Anker Nano 3 30W USB-C Chargre Green,Anker,Chargers,18.39,New,QuickCart Depot,,,9.95,2026-09-26
LST00551,MarketNest,OEM Anker Nano 3 30W USB-C Charger Green with Warranty,Anker,Chargers,19.84,New,PrimeTechDirect,,,10.28,2026-04-18
LST00552,MarketNest,2024Model Anker Nano 3 30W USB-C Charger Green Ships Same Day,Anker,Chargers,13.33,Renewed,NorthPoint Supply,a2147,244900674269,,2026-06-17
LST00553,MarketNest,🔥 HOT SALE Anker Nano 3 30W USB-C Charger Green Fast Ship,ANKER,Chargers,19.0,New,Sunrise Commerce,A2147,,10.98,2026-03-23
LST00554,MarketNest,Brand New Anker Nano 3 30W USB-C Charger Purple - FREE 2 DAY SHIPPING,Anker,Chargers,18.76,New,urban_gadget_outlet,A2147,,,2026-09-16
LST00555,MarketNest,Brand New Anker A2147 Purple,Anker,Chargers,17.28,New,PrimeTechDirect,,763908779798,14.99,2026-09-22
LST00556,MarketNest,Authentic Anker Nano 3 30W USB-C Charger Purple Free Shipping,Anker,Chargers,18.2,New,official_store,,,25.76,2026-06-24
LST00557,MarketNest,2024 Model Anker Nano 3 30W USB-C Charger Purple,Anker,Chargers,17.6,Open Box,QuickCart Depot,,,1.56,2026-07-12
LST00558,GadgetHub,Anker A2147 | Nano 3 30W USB-C Charger | Purple,Anker,Chargers,19.72,New,GreenLeaf Goods,,,18.4,2026-01-13
LST00559,GadgetHub,Energizer E91BP | MAX AA Alkaline Batteries | 8ct,Energizer,Electronics,8.48,New,TechNook,e91bp,,,2026-03-15
LST00560,ShopAxis,"Energizer MAX AA Alkaline Batteries (E91BP), 8ct",Energizer,Batteries,8.94,New,PrimeTechDirect,e91bp,,14.77,2026-08-18
LST00561,ValueMart,Energizer MAX AA Alkaline Bateries 8 ct,Energizer,Batteries,9.68,New,Zenith Trading Co,,,8.27,2026-07-18
LST00562,BrandDirect,Energizer MAX AA Alkaline Batteries - 8 Count,Energizer,General Merchandise,8.6,New,Energizer Official Store,,,23.62,2026-05-27
LST00563,ShopAxis,"Energizer MAX AA Alkaline Batteries (E91BP), 16 Count, Premium Build, Energy Efficient",Energizer,Batteries,10.8,Used - Like New,QuickCart Depot,,,,2026-01-19
LST00564,ShopAxis,"Energizer MAX AA Alkaline Batteries (E91BP), 16 Count",Energizer,Batteries,15.87,New,NorthPoint Supply,,,24.39,2026-07-16
LST00565,ShopAxis,"Energizer MAX AA Alkaline Batteries (E91BP), (16-Pack), Ultra Portable, Wireless",Energizer,Batteries,11.19,Used - Like New,PrimeTechDirect,E91BP,,17.88,2026-08-13
LST00566,BrandDirect,Energizer MAX AA Alkaline Batteries - 16 Count,Energizer Inc.,Batteries,14.62,New,Energizer Official Store,,,,2026-05-23
LST00567,MarketNest,Energizer E91BP 16-Count New in Box,Energizer,General Merchandise,14.08,New,Zenith Trading Co,e91bp,,,2026-03-19
LST00568,ShopAxis,"Energizer MAX AA Alkaline Batteries (E91BP), 16ct, Wireless",Energizer,Batteries,11.6,Renewed,Sunrise Commerce,E91BP,,4.34,2026-04-22
LST00569,ShopAxis,"Energizer MAX AA Alkaline Batteries (E91BP), 16 pcs, Wireless",Energizer,Batteries,13.96,New,Deal Vortex,E91BP,,,2026-04-22
LST00570,MarketNest,Energizer MAX AA Alkaline Batteries 24 Pack with Warranty,,Batteries,21.0,New,TechNook,E91BP,,,2026-08-22
LST00571,ValueMart,Energizer MAX AA Alkaline Batteries (24-Pack),Energizer,Batteries,21.27,New,urban_gadget_outlet,E91BP,,38.12,2026-08-25
LST00572,BrandDirect,EnergizerMAX AA Alkaline Batteries - 24 Cont,Energizer,Batteries,20.64,New,Energizer Official Store,E91BP,,31.68,2026-02-15
LST00573,ShopAxis,"Energizer MAX AA Alkaline Batteries (E91BP), 24-Count, Premium Build, Ultra Portable",Energizer,General Merchandise,18.74,New,Sunrise Commerce,E91BP,,14.0,2026-06-16
LST00574,ShopAxis,"Energizer MAX AA Alkaline Batteries (E91BP), 24 ct, Bestseller",,Batteries,15.82,Open Box,BlueRiver Retail,,,30.81,2026-05-24
LST00575,ValueMart,Energizer MAX AA Alkaline Batteries (48-Pack),,Batteries,31.24,New,TechNook,E91BP,,36.86,2026-06-24
LST00576,MarketNest,Energizer E91BP 48 Pack 1 Year Warranty,Energizer,Batteries,30.77,New,PrimeTechDirect,,,,2026-02-18
LST00577,ValueMart,Energizer MAX AA Alkaline Batteries (48-Pack),,Batteries,33.25,New,PrimeTechDirect,E91BP,068254766896,,2026-09-23
LST00578,ValueMart,Energizer MAX AA Alkaline Batteries 48 Pack,Energizer,Batteries,31.66,New,official_store,E91BP,,5.76,2026-09-10
LST00579,MarketNest,Duracell Coppertop AAA Alkaline BATTERIES PACK of 12,Duracell,Batteries,9.77,New,TechNook,,,15.97,2026-08-15
LST00580,ShopAxis,"Duracell Coppertop AAA Alkaline Batteries (MN2400B), (12-Pack), Wireless",Duracell,Batteries,9.69,New,ElectroMax,,488565318687,22.09,2026-09-21
LST00581,MarketNest,Duracell Coppertop AAA Alkaline Batteries 12 Count,Duracell,Batteries,9.0,Open Box,urban_gadget_outlet,,,35.67,2026-07-24
LST00582,GadgetHub,Duracell MN2400B | Coppertop AAA Alkaline Batteries | Pack of 12,Duracell,Batteries,9.42,New,PrimeTechDirect,MN2400B,,,2026-06-23
LST00583,GadgetHub,Duracell MN2400B | Coppertop AAA Alkaline Batteries | (24-Pack),Duracell Inc.,Batteries,15.51,New,QuickCart Depot,,,15.25,2026-02-28
LST00584,ValueMart,Duracell Coppertop AAA ALKALINE Batteries 24 ct,Duracell,,15.87,New,urban_gadget_outlet,MN2400B,,16.5,2026-08-12
LST00585,ShopAxis,"Duracell COPPERTOP AAA Alkaline Batteries (MN2400B), 24ct, BESTSELLER",Duracell,Accessories,18.35,New,PrimeTechDirect,MN2400B,,,2026-09-23
LST00586,ShopAxis,"Duracell Coppertop AAA Alkaline Batteries (MN2400B), 24ct, Energy Efficient",Duracell,Batteries,17.8,New,mega_deals_usa,MN2400B,,14.88,2026-06-28
LST00587,BrandDirect,Duracell Coppertop AAA Alkaline Batteries - 24 Count,Duracell Inc.,Batteries,15.47,New,Duracell Official Store,,,14.71,2026-08-16
LST00588,ShopAxis,"Duracell Coppertop AAA Alkaline Batteries (MN2400B), (36-Pack), Bestseller",Duracell,Batteries,16.27,Refurbished,QuickCart Depot,,,27.55,2026-06-18
LST00589,BrandDirect,Duracell Coppertop AAA Alkaline Batteries - 36 Count,Duracell,Batteries,23.9,New,Duracell Official Store,MN2400B,,24.88,2026-07-13
LST00590,MarketNest,NEW Coppertop AAA Alkaline Batteries 36-Count,Duracell,Batteries,18.29,Refurbished,Sunrise Commerce,,451349963828,5.67,2026-03-23
LST00591,ValueMart,DURACELL Coppertop AAA ALKALINE Batteries 36 ct,Duracell,Batteries,25.26,New,PrimeTechDirect,mn2400b,019225984239,5.96,2026-08-16
LST00592,MarketNest,★ Duracell Coppertop AAA Alkaline Batteries (36-Pack) New in Box,Duracell,Batteries,15.41,Renewed,official_store,,,12.39,2026-08-18
LST00593,ShopAxis,"Duracell Coppertop AAA Alkaline Batteries (mn2400b), 36ct, Advanced Performance",Duracell,Batteries,17.76,Refurbished,value_bazaar_99,,,3.22,2026-01-24
LST00594,ShopAxis,"Breville Barista Express Espresso Machine (BES870XL), Stainless Steel, Wireless, Energy Efficient",Breville,Espresso Machines,398.75,Used - Like New,mega_deals_usa,,,,2026-09-17
LST00595,GadgetHub,Breville BES870XL | Barista Express Espresso Machine | Stainless Steel,Breville,Espresso Machines,660.96,New,TechNook,BES870XL,,,2026-03-23
LST00596,BrandDirect,Breville Barista Express Espresso Machine - Stainless Steel,Breville,Espresso Machines,710.51,New,Breville Official Store,,,5.43,2026-08-15
LST00597,MarketNest,Barista Express Espresso Machine Black Sesame,Breville,Home & Kitchen,753.81,New,official_store,bes870xl,,,2026-06-17
LST00598,ShopAxis,"Breville Barista Express Espresso Machine (BES870XL), Black Sesame, Premium Build",Breville,Espresso Machines,649.05,New,Zenith Trading Co,,,31.02,2026-08-17
LST00599,MarketNest,GENUINE Breville Barista Express Espresso Machine Black Sesame,Breville,Espresso Machines,726.84,New,official_store,,,30.17,2026-02-27
LST00600,ShopAxis,"Breville Barista Express Espresso Machine (BES870XL), Black Sesame, Energy Efficient",Breville,Espresso Machines,714.78,New,Sunrise Commerce,BES870XL,,18.69,2026-07-17
LST00601,MarketNest,Latest Model Breille Barista Express Espresso Machine Sea Salt,Breville,Espresso Machines,626.92,Open Box,value_bazaar_99,,,,2026-01-18
LST00602,MarketNest,GENUINE bes870xl Sea Salt,Breville,Accessories,754.59,New,NorthPoint Supply,BES870XL,,19.84,2026-08-27
LST00603,ValueMart,Breville Barista Express Espresso Machine Sea Salt,Breville,General Merchandise,662.0,New,PrimeTechDirect,BES870XL,540019314521,29.89,2026-03-10
LST00604,MarketNest,OEM Breville Barista Express Espresso Machine Sea Salt,Breville,Espresso Machines,529.19,Refurbished,PrimeTechDirect,BES870XL,,11.88,2026-03-15
LST00605,ShopAxis,"Breville Barista Express Espresso Machine (BES870XL), Sea Salt, Advanced Performance, Energy Efficient",Breville,Espresso Machines,702.1,New,Sunrise Commerce,,,4.29,2026-02-10
LST00606,MarketNest,Brand New Barista Express Espresso Machine Sea Salt,Breville,Espresso Machines,618.76,Open Box,Deal Vortex,,,8.58,2026-01-16
LST00607,MarketNest,Instant Pot Duo 7-in-1 Electric Pressure Cooker 3 Qt SHIPS Same Day,instant pot,Pressure Cookers,61.0,Renewed,TechNook,,244629055931,26.6,2026-03-26
LST00608,ShopAxis,"Instant Pot Duo 7-in-1 Electric Pressure Cooker (112-0104-01), 2.8L, Ultra Portable, Premium Build",Instant Pot,Pressure Cookers,49.38,Renewed,Sunrise Commerce,112-0104-01,,,2026-09-14
LST00609,ValueMart,Instant Pot Duo 7-in-1 Electric Presssure Cooker 3 Qt,Instant Pot,,77.11,New,Deal Vortex,,174064628865,13.61,2026-01-13
LST00610,ValueMart,Instant Pot Duo 7-in-1 Electric Pressure Cooker 2.8L,Instant Pot,Pressure Cookers,78.61,New,PrimeTechDirect,112-0104-01,303693760412,22.01,2026-02-21
LST00611,MarketNest,Instant Pot 112 0104 01 3 Quart 1 Year Warranty,Instant Pot,Pressure Cookers,71.48,New,ElectroMax,,,9.57,2026-07-22
LST00612,BrandDirect,Instant Pot Duo 7-in-1 Electric Pressure Cooker - 3 Qt,Instant Pot,,72.3,New,Instant Pot Official Store,,,20.6,2026-05-15
LST00613,ValueMart,Instant Pot Duo 7-in-1 Electric Pressure Cooker 2.8L,Instant Pot,Pressure Cookers,71.57,New,BlueRiver Retail,112010401,,8.06,2026-05-17
LST00614,BrandDirect,Instant Pot Duo 7-in-1 Electric Pressure COOKER - 6 Qt,Instant Pot,Pressure Cookers,94.08,New,Instant Pot Official Store,,455808983401,,2026-07-14
LST00615,ShopAxis,"Instant Pot Duo 7-in-1 Electric Pressure Cooker (112-0104-01), 6 Qt, Advanced Performance",,Pressure Cookers,89.81,New,warehouse_liquidators,,,11.47,2026-09-25
LST00616,ShopAxis,"Instant Pot Duo 7-in-1 Electric Pressure Cooker (112-0104-01), 6QT, Energy Efficient",Instant Pot,Home & Kitchen,94.34,New,GreenLeaf Goods,112 0104 01,,20.08,2026-09-27
LST00617,MarketNest,Instant Pot Duo 7-in-1 Electric Pressure Cooker 5.7L Gift Ready,Instant Pot,Pressure Cookers,93.3,New,Zenith Trading Co,,,32.16,2026-04-24
LST00618,ValueMart,Instant Pot Duo 7-in-1 Electric Pressure Cooker 8 Qt,Instant Pot,Pressure Cookers,119.62,New,BlueRiver Retail,,,35.14,2026-07-14
LST00619,MarketNest,Instant Pot Duo 7-in-1 Electric Pressure Cooker 8 Qt,Instant Pot,,100.11,Refurbished,mega_deals_usa,,,38.5,2026-09-13
LST00620,MarketNest,Instant Pot Duo 7-in-1 Electric Pressure Cooker 8 Qt Gift Ready,instant pot,Home & Kitchen,135.83,New,TechNook,,,,2026-01-14
LST00621,MarketNest,Instant Pot Duo 7-in-1 Electric Pressure Cooker 7.6L,Instant Pot,Pressure Cookers,123.78,New,NorthPoint Supply,112 0104 01,,29.2,2026-08-20
LST00622,MarketNest,★ Dysn 447922-01 Yellow Gift Ready,Dyson,Vacuums,529.96,Used - Like New,ElectroMax,,,9.23,2026-02-21
LST00623,ValueMart,Dyson V15 Detect Absolute Cordless Vacuum Yellow/Nickel,DYSON,Vacuums,771.93,New,QuickCart Depot,,,37.47,2026-05-11
LST00624,ValueMart,Dyson V15 Detect Absolute Cordless Vacuum Yellow/Nickel,Dyson,Electronics,731.92,New,value_bazaar_99,447922 01,,4.77,2026-05-15
LST00625,ShopAxis,"Dyson V15 Detect Absolute Cordless Vacuum (447922 01), Yellow, Ultra Portable",Dyson,Accessories,623.41,Open Box,GreenLeaf Goods,,,36.31,2026-05-19
LST00626,ValueMart,Dyson V15 Detect Absolute Cordless Vacuum Gold/Gold,Dyson,Vacuums,760.57,New,BlueRiver Retail,,,,2026-08-16
LST00627,MarketNest,Authentic V15 Detect Absolute Cordless Vacuum Gold/Gold | Limited Stock,Dyson,Vacuums,555.52,Used - Like New,value_bazaar_99,447922 01,,11.82,2026-01-12
LST00628,BrandDirect,Dyson V15 Detect Absolute Cordless Vacuum - Gold/Gold,DYSON,Vacuums,696.66,New,Dyson Official Store,,,,2026-06-14
LST00629,GadgetHub,Dyson 447922-01 | V15 Detect Absolute Cordless Vacuum | Gold/Gold,Dyson,Vacuums,769.49,New,QuickCart Depot,447922-01,,5.79,2026-04-18
LST00630,ShopAxis,"DysonV15 Detect Absolute Cordless Vacuum (447922-01), Gold/Gold, Ultra Portable",Dyson,Vacuums,684.39,New,Sunrise Commerce,44792201,,8.8,2026-08-17
LST00631,MarketNest,NEW SEALED Ninja Professional Blender 1000W Blaack/Silver Factory Sealed,Ninja,Accessories,88.53,Open Box,Sunrise Commerce,,,,2026-01-24
LST00632,BrandDirect,Ninja Professional Blender 1000W - Black/Silver,Ninja,Blenders,95.43,New,Ninja Official Store,BL660,,,2026-05-11
LST00633,BrandDirect,Ninja Professional Blender 1000W - Black/Silver,Ninja,Accessories,100.17,New,Ninja Official Store,bl660,,29.85,2026-07-19
LST00634,ShopAxis,"Ninja Professional Blender 1000W (bl660), Black/Silver, Premium Build",Ninja,Blenders,76.34,Renewed,NorthPoint Supply,,,23.43,2026-09-10
LST00635,ValueMart,Keurig K-Elite Single Serve Coffee Maker Slate,Keurig,Coffee Makers,156.96,New,NorthPoint Supply,,,,2026-01-12
LST00636,MarketNest,Latest Model Keurig K-Elite Single Serve Coffee Maker Slate,,Coffee Makers,178.21,New,official_store,5000200226,,17.07,2026-09-15
LST00637,GadgetHub,Keurig 5000200226 | K-Elite Single Serve Coffee Maker | Brushed Slate,Keurig,Coffee Makers,169.28,New,PrimeTechDirect,,,30.49,2026-07-13
LST00638,MarketNest,Keurig K-Elite Single Serve Coffee Maker Brushed Silver,KEURIG,Coffee Makers,118.54,Refurbished,ElectroMax,,,15.27,2026-04-28
LST00639,ShopAxis,"Keruig K-Elite Single Serve Coffee Maker (5000200226), Brushed Silver, Wireless",Keurig,Coffee Makers,166.35,New,Sunrise Commerce,,,10.42,2026-08-21
LST00640,ShopAxis,"Keurig K-Elite Single Serve Coffee Maker (5000200226), Brushed Silver, Energy Efficient",Keurig,Coffee Makers,174.06,New,NorthPoint Supply,5000200226,,38.96,2026-06-26
LST00641,ShopAxis,"Keurig K-Elite Single SERVE Coffee Maker (5000200226), Brushed SILVER, Ultra PORTABLE",Keurig,Coffee Makers,136.45,Open Box,TechNook,5000200226,,24.35,2026-07-24
LST00642,MarketNest,Keurig K-Elite Single Serve Coffee Maker Brushed Silver,Keurig,Coffee Makers,161.56,New,NorthPoint Supply,,,,2026-02-13
LST00643,GadgetHub,Keurig 5000200226 | K-Elite Single Serve Coffee Maker | Brushed Silver,Keurig,Coffee Makers,116.65,Refurbished,ElectroMax,,,25.16,2026-05-12
LST00644,GadgetHub,Lodge L8SK3 | Pre-Seasoned Cast Iron Skillet | 10 1/4 in,Lodge,Cookware,22.48,New,PrimeTechDirect,,,11.7,2026-02-15
LST00645,ShopAxis,"Lodge Pre-Seasoned Cast Iron Skillet (L8SK3), 10.25"", Premium Build, Wireless",Lodge,Cookware,15.5,Refurbished,mega_deals_usa,,741343299853,,2026-06-21
LST00646,ShopAxis,"LodgePre-Seasoned Cast Iron Skillet (L8SK3), 10.25"", Wireless, Ultra Portable",Lodge,Cookware,23.62,New,official_store,L8SK3,921639023754,,2026-06-10
LST00647,GadgetHub,Lodge L8SK3 | Pre-Seasoned Cast Iron Skillet | 10.25 Inch,Lodge,Cookware,20.92,Open Box,Zenith Trading Co,,,11.64,2026-05-12
LST00648,MarketNest,NEW SEALED Lodge Pre-Seasoned Cast Iron Skillet 10.25 Inch,Lodge,Cookware,25.22,New,mega_deals_usa,L8SK3,,,2026-04-10
LST00649,ShopAxis,"LodgePre-Seasoned Cast Iron Skillet (L8SK3), 10.25"", Bestseller",Lodge,Cookware,23.81,New,NorthPoint Supply,L8SK3,,20.6,2026-08-23
LST00650,MarketNest,"★ Lodge Pre-Seasoned Cast Iron Skillet 12"" Free Shipping",Lodge,Cookware,32.83,New,official_store,,,5.62,2026-02-12
LST00651,ShopAxis,"Lodge Pre-Seasoned Cast Iron Skillet (L8SK3), 12in, Ultra Portable",,Cookware,32.76,New,value_bazaar_99,,,21.23,2026-07-13
LST00652,MarketNest,Lodge Pre-Seasoned Cast Iron Skillet 12in,Lodge,Cookware,25.58,Used - Like New,warehouse_liquidators,,,37.11,2026-09-10
LST00653,ShopAxis,"Lodge Pre-Seasoned Cast Iron Skillet (L8SK3), 8"", Advanced Performance, Wireless",Lodge,Cookware,10.23,Renewed,official_store,,,11.12,2026-06-19
LST00654,MarketNest,Authentic Pre-Seasoned Cast Iron Skillet 8 Inch Best Price,,Cookware,12.02,Renewed,GreenLeaf Goods,,841477583893,,2026-07-28
LST00655,ValueMart,"Lodge Pre-Seasoned Cast Irn Skillet 8""",Lodge,Cookware,16.84,New,warehouse_liquidators,l8sk3,115624206314,,2026-04-15
LST00656,BrandDirect,"Lodge Pre-Seasoned Cast Iron Skillet - 8""",Lodge,Accessories,15.09,New,Lodge Official Store,L8SK3,,7.24,2026-03-24
LST00657,MarketNest,Lodge Pre-Seasoned Cast Iron Skillet 8in,LODGE,Cookware,11.91,Renewed,NorthPoint Supply,,770296086466,39.53,2026-01-28
LST00658,ValueMart,Starbucks Pike Place Roast Medium Roast K-Cup Pods 24 Pack,Starbucks,Coffee Pods,17.9,New,PrimeTechDirect,,,29.57,2026-09-19
LST00659,ValueMart,StarbucksPike Place Roast Medium Roast K-Cup Pods (24-Pack),Starbucks,Coffee Pods,16.26,New,QuickCart Depot,,,,2026-03-28
LST00660,BrandDirect,Starbucks Pike Place Roast Medium Roast K-Cup Pods - 24 Count,Starbucks,Coffee Pods,17.51,New,Starbucks Official Store,,,5.43,2026-05-17
LST00661,ValueMart,Starbucks Pike Place Roast Medium Roast K-Cup Pods 24 Pack,Starbucks Inc.,Coffee Pods,16.37,New,official_store,,,,2026-09-17
LST00662,ValueMart,Starbucks Pike Place Roast Medium Roast K-Cup Pods (24-Pack),Starbucks,Coffee Pods,16.6,New,value_bazaar_99,,,21.89,2026-08-17
LST00663,MarketNest,★ Starbucks sbk9581 24 Count with Warranty,Starbucks,Coffee Pods,17.85,New,urban_gadget_outlet,,,29.17,2026-07-17
LST00664,ShopAxis,"Starbucks Pike Place Roast Medium Roast K-Cup Pods (SBK9581), 72ct",,Coffee Pods,43.85,New,value_bazaar_99,,,,2026-04-26
LST00665,BrandDirect,Starbucks Pike Place Roast Medium Roast K-Cup PODS - 72 Count,Starbucks,Coffee Pods,47.8,New,Starbucks Official Store,SBK9581,480857243999,,2026-02-20
LST00666,GadgetHub,Starbucks SBK9581 | Pike Place Roast Medium Roast K-Cup Pods | (72-Pack),Starbucks,General Merchandise,38.94,Open Box,urban_gadget_outlet,sbk9581,,21.83,2026-09-26
LST00667,MarketNest,Starbucks Pike Place Roast Medium Roast K-Cup Pods (96-Pack) - FREE 2 DAY SHIPPING,Starbucks,Coffee Pods,38.66,Used - Like New,QuickCart Depot,sbk9581,,,2026-02-12
LST00668,ShopAxis,"Starbucks Pike Place Roast Medium Roast K-Cup Pods (SBK9581), 96-Count",STARBUCKS,Coffee Pods,41.53,Refurbished,Sunrise Commerce,SBK9581,,34.08,2026-04-20
LST00669,ShopAxis,"Starbucks Pike Place Roast Medium Roast K-Cup Pods (SBK9581), 96 Count",Starbucks,Coffee Pods,54.24,New,TechNook,SBK9581,971020576892,,2026-06-10
LST00670,ShopAxis,"Starbucks Pike Place Roast Medium Roast K-Cup Pods (SBK9581), Pack of 96, Advanced Performance",Starbucks,Coffee Pods,53.71,New,GreenLeaf Goods,,,7.95,2026-04-21
LST00671,ValueMart,Nespresso Vertuo Melozio Coffee Capsules 10-Count,Nespresso,Accessories,11.03,New,urban_gadget_outlet,,,6.59,2026-03-21
LST00672,GadgetHub,Nespresso VL-MELOZIO | Vertuo Melozio Coffee Capsules | 10 Count,Nespresso,Coffee Pods,12.36,New,Zenith Trading Co,VL-MELOZIO,,28.25,2026-09-13
LST00673,ShopAxis,"Nespresso Vertuo Melozio Coffee Capsules (VL MELOZIO), 10 pcs, Advanced Performance, Ultra Portable",Nespresso Inc.,Coffee Pods,7.91,Used - Like New,PrimeTechDirect,,,25.74,2026-02-27
LST00674,ValueMart,NespressoVertuo Melozio Coffee Capsules 10 ct,Nespresso,Coffee Pods,11.54,New,Deal Vortex,,,,2026-09-13
LST00675,MarketNest,2024 Model Nespresso Vertuo Melozio Coffee Capsules 30 Pack with Warranty,Nespresso Inc.,Coffee Pods,31.89,New,value_bazaar_99,,,6.84,2026-06-12
LST00676,ShopAxis,"NespressoVertuo Melozio Coffee Capsules (VL-MELOZIO), Pack of 30, Advanced Performance",Nespresso,Coffee Pods,29.87,New,urban_gadget_outlet,vl-melozio,,,2026-02-22
LST00677,MarketNest,Nespresso Vertuo Melozio Coffee Capsules 30ct New in Box,Nespresso,Coffee Pods,33.9,New,NorthPoint Supply,VL MELOZIO,,36.05,2026-05-23
LST00678,ShopAxis,"Nespresso Vertuo Melozio Coffee Capsules (VL-MELOZIO), Pack of 30, Energy Efficient",NESPRESSO,Home & Kitchen,21.38,Refurbished,Zenith Trading Co,,,23.86,2026-02-12
LST00679,ValueMart,Nespresso Vertuo Melozio Coffee Capsules 50 pcs,Nespresso,Coffee Pods,45.61,New,TechNook,,,21.59,2026-05-25
LST00680,GadgetHub,Nespresso VL-MELOZIO | Vertuo Melozio Coffee Capsules | 50ct,Nespresso,Home & Kitchen,47.22,New,QuickCart Depot,VL-MELOZIO,,,2026-08-15
LST00681,MarketNest,NEW SEALED Optimum Nutrition Gold Standard 100% Whey Protein Powder Vanilla Ice Cream 2 lb Best Price,Optimum Nutrition,Protein Powder,37.06,New,value_bazaar_99,,,36.99,2026-01-26
LST00682,ShopAxis,"Optimum Nutrition Gold Standard 100% Whey Protein Powder Vanilla Ice Cream (on-gs-van), 907g, Premium Build, Advanced Performance",Optimum Nutrition,Protein Powder,36.96,New,BlueRiver Retail,,362357615687,11.8,2026-06-28
LST00683,ShopAxis,"Optimum Nutrition Gold Standard 100% Whey Protein Powder Vanilla Ice Cream (ON GS VAN), 2 Pound",Optimum Nutrition,Protein Powder,30.79,Renewed,Sunrise Commerce,,,30.7,2026-03-25
LST00684,ValueMart,Optimum Nutrition Gold Standard 100% Whey Protein Powder Vanilla Ice Cream 2lb,Optimum Nutrition,Protein Powder,40.04,New,Sunrise Commerce,on-gs-van,216199397845,,2026-09-23
LST00685,MarketNest,Authentic Optimum Nutrition Gold Standard 100% Whey Protein Powder Vanilla Ice Cream 2.27kg,Optimum Nutrition,Protein Powder,49.84,Used - Like New,PrimeTechDirect,,,11.24,2026-02-28
LST00686,ValueMart,Optimum Nutrition Gold Standard 100% Whey Protein Powder Vanilla Ice Cream 5 Pound,,Protein Powder,69.47,New,QuickCart Depot,,488177743712,,2026-07-24
LST00687,ShopAxis,"Optimum Nutrition Gold Standard 100% Whey Protein Powder Vanilla Ice Cream (ON-GS-VAN), 5lb, Bestseller",Optimum Nutrition,Protein Powder,69.93,New,Deal Vortex,ONGSVAN,,0.25,2026-05-26
LST00688,BrandDirect,Optimum Nutrition Gold Standard 100% Whey Protein Powder Vanilla Ice Cream - 5 lb,Optimum Nutrition,Protein Powder,75.87,New,Optimum Nutrition Official Store,,,,2026-09-15
LST00689,GadgetHub,Tide tid-fg | PODS Free & Gentle Laundry Detergent | Pack of 42,Tide,Laundry Detergent,14.38,New,ElectroMax,,,0.5,2026-08-22
LST00690,ValueMart,Tide PODS Free & Gentle Laundry Detergent 42 pcs,Tide,Electronics,13.82,New,urban_gadget_outlet,,195565061005,20.7,2026-09-19
LST00691,ShopAxis,"Tide PODS Free & Gentle Laundry Detergent (TIDFG), 42ct, Ultra Portable, Betseller",Tide,Laundry Detergent,14.27,New,urban_gadget_outlet,,,4.96,2026-01-16
LST00692,ShopAxis,"Tide PODS Free & Gentle Laundry Detergent (TID FG), 81 pcs",Tide,Laundry Detergent,27.89,New,TechNook,,,29.81,2026-03-16
LST00693,ShopAxis,"Tide PODS Free & Gentle Laundry Detergent (TID-FG), 81-Count, ADVANCED PERFORMANCE, Bestseller",Tide,Laundry Detergent,26.56,New,value_bazaar_99,TIDFG,,32.87,2026-09-17
LST00694,ShopAxis,"Tide PODS Free & Gentle Laundry Detergent (tid-fg), 112 ct",Tide,Laundry Detergent,37.08,New,QuickCart Depot,,,,2026-08-19
LST00695,ShopAxis,"Tide PODS Free & Gentle Laundry Detergent (TID-FG), 112 Pack, Ultra Portable",tide,Laundry Detergent,28.64,Open Box,official_store,,,,2026-02-27
LST00696,ShopAxis,"Tide PODS Free & Gentle Laundry Detergent (TID-FG), 112 pcs, Ultra Portable, Energy Efficient",Tide,Laundry Detergent,33.42,New,GreenLeaf Goods,,,8.89,2026-09-14
LST00697,GadgetHub,Tide tid-fg | PODS Free & Gentle Laundry Detergent | 112 Pack,Tide Inc.,Laundry Detergent,34.82,New,BlueRiver Retail,TID-FG,,,2026-06-28
LST00698,MarketNest,OEM PODS Free & Gentle Laundry Detergent (112-Pack) 1 Year Warranty,Tide,Laundry Detergent,30.05,Open Box,Sunrise Commerce,,,24.35,2026-01-20
LST00699,MarketNest,Latest Model Clif Bar Energy Bar Chocolate Chip (12-Pack),CLIF BAR,Electronics,9.83,Renewed,official_store,,,,2026-04-24
LST00700,ValueMart,Clif Bar Enregy Bar Chocolate Chip 12 pcs,Clif Bar Inc.,Snack Bars,12.18,New,value_bazaar_99,,,2.86,2026-01-13
LST00701,MarketNest,★ Clif Bar CLIF CC 12 ct Fast Ship,CLIF BAR,Snack Bars,8.47,Renewed,warehouse_liquidators,,789792255571,,2026-02-11
LST00702,MarketNest,Latest Model Energy Bar Chocolate Chip Pack of 18,Clif Bar,Home & Kitchen,19.45,New,ElectroMax,,,,2026-02-22
LST00703,ShopAxis,"Clif Bar Energy Bar Chocolate Chip (CLIF-CC), 18-Count",Clif Bar,Snack Bars,12.9,Renewed,Sunrise Commerce,,,30.93,2026-02-19
LST00704,MarketNest,Clif Bar Energy Bar Chocolate Chip 18 pcs,CLIF BAR,Snack Bars,18.86,New,BlueRiver Retail,,,21.62,2026-08-24
LST00705,ValueMart,Clif Bar Energy Bar Chocolate Chhip 18 Count,,Snack Bars,18.21,New,GreenLeaf Goods,,188613235040,36.03,2026-04-16
LST00706,MarketNest,Authentic Clif Bar Energy Bar Chocolate Chip 18ct Ships Same Day,Clif Bar,Electronics,17.29,New,TechNook,,,18.83,2026-09-10
LST00707,ValueMart,Clif Bar Energy Bar Chocolate Chip 24 pcs,Clif Bar,Snack Bars,24.2,New,official_store,,,34.71,2026-02-24
LST00708,MarketNest,OEM Clif Bar Energy Bar Chocolate Chip 24 Pack with Warranty,Clif Bar,Snack Bars,16.35,Used - Like New,Deal Vortex,,,,2026-01-15
LST00709,MarketNest,★ Clif Bar Energy Bar Chocolate Chip (24-Pack) Free Shipping,,Snack Bars,13.26,Used - Like New,GreenLeaf Goods,CLIF CC,,14.37,2026-01-28
LST00710,BrandDirect,Clif Bar Energy Bar Chocolate Chip - 24 Count,Clif Bar,Snack Bars,24.13,New,Clif Bar Official Store,,,1.38,2026-07-22
LST00711,GadgetHub,DeWalt DCD771C2 | 20V MAX Cordless Drill Driver Kit | Yellow/Black,DeWalt,Electronics,92.77,New,NorthPoint Supply,,,14.28,2026-05-12
LST00712,GadgetHub,DeWalt DCD771C2 | 20V MAX Cordless Drill Driver Kit | Yellow/Black,DeWalt,,74.85,Renewed,Zenith Trading Co,,,38.35,2026-06-17
LST00713,ValueMart,DeWalt 20V MAX Cordless Drill Driver Kit Yellow/Black,DeWalt,Electronics,96.25,New,NorthPoint Supply,DCD771C2,811990976904,,2026-07-12
LST00714,MarketNest,NEW DeWalt 20V MAX Cordless Drill Driver Kit Yellow/Black Fast Ship,DeWalt,General Merchandise,101.87,New,Sunrise Commerce,,,5.29,2026-02-20
LST00715,BrandDirect,DeWalt 20V MAX Cordless Drill Driver Kit - Yellow/Black,DeWalt,Power Tools,89.43,New,DeWalt Official Store,,121129445552,35.41,2026-04-23
LST00716,MarketNest,Authentic DeWalt 20V MAX Cordless Drill Driver Kit Yellow/Black Best Price,DeWalt,Power Tools,68.93,Used - Like New,GreenLeaf Goods,DCD771C2,,37.2,2026-02-18
LST00717,BrandDirect,Bosch GLM 165-40 Blaze Laser Measure - Blue,Bosch,Measuring Tools,100.59,New,Bosch Official Store,,,38.78,2026-01-20
LST00718,ShopAxis,"Bosch GLM 165-40 Blaze Laser Measure (glm165-40), Blue",,Measuring Tools,90.28,New,Deal Vortex,,,14.11,2026-03-18
LST00719,ValueMart,Bosch GLM 165-40 Blaze Laser Measure Blue,Bosch,Measuring Tools,97.76,New,QuickCart Depot,,,,2026-05-20
LST00720,MarketNest,OEM Bosch GLM 165-40 Blaze Laser Measure Blue,BOSCH,Measuring Tools,103.64,New,warehouse_liquidators,GLM165-40,,39.13,2026-03-17
LST00721,GadgetHub,Bosch GLM16540 | GLM 165-40 Blaze Laser Measure | Blue,Bosch,Measuring Tools,63.61,Used - Like New,value_bazaar_99,,,6.89,2026-07-10
LST00722,ValueMart,Mobil 1 Extended Performance Full Synthetic Motor Oil 5W-30 5QT,Mobil 1,Motor Oil,31.71,New,official_store,M1-EP-5W30,502217240857,19.49,2026-02-28
LST00723,GadgetHub,Mobil 1 M1-EP-5W30 | EXTENDED Performance Full Synthetic Motor Oil 5W-30 | 5 Quart,Mobil 1,Motor Oil,23.52,Refurbished,NorthPoint Supply,,587565184743,,2026-03-11
LST00724,MarketNest,2024 Model Mobil 1 Extended Performance FULL SYNTHETIC Motor Oil 5W-30 5 Quart Ships Same Day,Mobil 1,Motor Oil,33.29,New,GreenLeaf Goods,,,34.52,2026-02-22
LST00725,ValueMart,Mobil 1 Extended Performance Full Synthetic Motor Oil 5W-30 5 qt,Mobil 1,Motor Oil,30.48,New,Zenith Trading Co,,036368917204,20.56,2026-09-12
LST00726,ValueMart,Mobil 1 Extended Performance Full Synthetic Motor Oil 5W-30 946mL,Mobil 1,Motor Oil,9.38,New,Zenith Trading Co,M1EP5W30,,,2026-06-10
LST00727,MarketNest,GENUINE Mobil 1 m1-ep-5w30 946mL,Mobil 1,Home & Kitchen,9.58,New,TechNook,,,13.92,2026-03-26
LST00728,ValueMart,Mobil 1 Extended Performance Full Synthetic Motor Oil 5W-30 1 Quart,Mobil 1,Motor Oil,9.15,New,TechNook,,,,2026-05-13
LST00729,BrandDirect,Mobil 1 Extended Performance Full Synthetic Motor Oil 5W-30 - 1 qt,Mobil 1,Motor Oil,9.59,New,Mobil 1 Official Store,M1EP5W30,,,2026-06-18
LST00730,ValueMart,Mobil 1 Extended Performance Full Synthetic Motor Oil 5W-30 1 qt,mobil 1,Motor Oil,10.05,New,PrimeTechDirect,,,15.25,2026-05-25
LST00731,MarketNest,ExtendedPerformance FULL SYNTHETIC Motor Oil 5W-30 1 Quart,Mobil 1,,7.82,Renewed,Zenith Trading Co,,,,2026-04-25
LST00732,ShopAxis,"Mobil 1 Extended Performance Full Synthetic Motor Oil 5W-30 (M1EP5W30), 1 Quart, Wireless, Premium Build",Mobil 1,Motor Oil,8.63,Open Box,mega_deals_usa,,,37.98,2026-06-12
LST00733,ShopAxis,"Geekria Hard Shell Carrying Case Compatible with Sony WH-1000XM5 / WH-1000XM4 Headphones, BLACK, Shockproof Protective Accessory",Geekria,Headphone Accessories,19.86,New,urban_gadget_outlet,,,,2026-04-16
LST00734,GadgetHub,Geekria Hard Shell Carrying Case [GK-WH1000] fits Sony WH-1000XM5 / WH-100X0M4 HEADPHONES BLK,Geekria,Headphone Accessories,21.69,New,ElectroMax,,409536629305,21.61,2026-07-10
LST00735,ValueMart,Geekria Hard Shell Carrying Case - Sony WH-1000XM5 / WH-1000XM4 Headphones - Blk,Geekria,Headphone Accessories,19.23,New,BlueRiver Retail,,,23.54,2026-05-25
LST00736,ValueMart,Geekria Hard Shell Carrying Case - Sony WH-1000XM5 / WH-1000XM4 Headphones - BLACK,Geekria,Headphone Accessories,19.67,New,Deal Vortex,,,15.05,2026-02-12
LST00737,MarketNest,Brand New Hard Shell Carrying Case for Sony WH-1000XM5 / WH-1000XM4 Headphones Navy,Geekria,,20.9,New,official_store,,,10.96,2026-02-28
LST00738,ShopAxis,"Geekria Hard SHELL Carrying CASE Compatible with SONY WH-1000XM5 / WH-1000XM4 Headphones, Navy, Shockproof Protective Accessory",Geekria,Headphone Accessories,21.04,New,Sunrise Commerce,GKWH1000,,27.88,2026-07-21
LST00739,ShopAxis,"Geekria HARD Shell Carrying Case Compatible with Sony WH-1000XM5 / WH-1000XM4 Headphones, Navy, Shockproof Protective Accessory",Geekria,Headphone Accessories,17.12,Open Box,mega_deals_usa,GKWH1000,,28.52,2026-04-18
LST00740,ShopAxis,"Geekria Hard Shell Carrying Case Compatible with Sony WH-1000XM5 / WH-1000XM4 Headphones, Navy, Shockproof Protective Accessory",Geekria,Headphone Accessories,21.06,New,QuickCart Depot,,,18.67,2026-09-15
LST00741,MarketNest,NEW Hard Shell Carrying Case for Sony WH-1000XM5 / WH-1000XM4 Headphones Navy,Geekria,Headphone Accessories,21.34,New,QuickCart Depot,,,25.71,2026-02-20
LST00742,MarketNest,NEW SEALED Replacement Ear Pads for Sony WH-1000XM4 Headphones BLACK,Geekria,Headphone Accessories,10.71,Used - Like New,Deal Vortex,GK-EP1000,,,2026-02-11
LST00743,MarketNest,★ Replacement Ear Pads for Sony WH-1000XM4 Hedphones Jet Black,Geekria,Headphone Accessories,13.4,Open Box,warehouse_liquidators,,,,2026-06-11
LST00744,ShopAxis,"Spigen Tempered Glass Screen Protector 2-Pack Compatible with iPhone 15 Pro Max, 2-Count, Shockproof Protective Accessory",Spigen Inc.,Electronics,13.74,New,urban_gadget_outlet,AGL06895,544311309128,24.36,2026-08-18
LST00745,MarketNest,NEWSEALED Tempered Glass Screen Protector 2-Pack for iPhone 15 Pro Max (2-Pack),Spigen,Phone Accessories,12.72,New,value_bazaar_99,AGL06895,,,2026-03-19
LST00746,ValueMart,Spigen Tempered Glass Screen Protector 2-Pack - iPhone 15 Pro Max - (2-Pack),SPIGEN,Accessories,13.32,New,value_bazaar_99,,,5.75,2026-09-12
LST00747,BrandDirect,Spigen Tempered Glass Screen Protector 2-Pack for iPhone 15 Pro Max (AGL06895),Spigen Inc.,Phone Accessories,11.74,New,Spigen Official Store,,,28.36,2026-02-15
LST00748,BrandDirect,Spigen Tempered Glass Screen Protector 2-Pack for iPhone 15 Pro Max (AGL06895),Spigen,Phone Accessories,13.94,New,Spigen Official Store,,,34.6,2026-05-15
LST00749,MarketNest,NEW SEALED Tempered Glass Screen Protector 2-Pack for iPhone 15 Pro Max 3 ct,Spigen,Phone Accessories,13.04,New,mega_deals_usa,AGL06895,,14.16,2026-09-18
LST00750,ShopAxis,"Spigen Tempered Gllass Screen Protector 2-Pack Compatible with iPhone 15 Pro Max, 3ct, Shockproof Protective Accessory",Spigen,Phone Accessories,13.89,New,TechNook,AGL06895,276532752665,,2026-08-17
LST00751,ValueMart,Spigen Tempered Glass Screen Protector 2-Pack - iPhone 15 Pro Max - 3ct,Spigen Inc.,Phone Accessories,13.95,New,Sunrise Commerce,,,,2026-07-21
LST00752,MarketNest,GENUINE Tempered Glass Screen Protector 2-Pack for iPhone 15 Pro Max Pack of 3,spigen,Phone Accessories,13.4,New,NorthPoint Supply,AGL06895,,,2026-04-23
LST00753,ShopAxis,"SpigenTemperde Glass Screen Protector 2-Pack Compatible with iPhone 15 Pro Max, 3ct, Shockproof Protective Accessory",Spigen,Phone Accessories,13.03,New,Sunrise Commerce,,,11.75,2026-02-19
LST00754,MarketNest,OEM ULTRA Hybrid Case FOR iPhone 15 Pro Max Crystal Clear,Spigen,Phone Accessories,17.47,New,value_bazaar_99,,290410169295,,2026-04-19
LST00755,MarketNest,NEW SEALED Ultra Hybrid Case for iPhone 15 Pro Max Crystal Clear,spigen,Phone Accessories,12.85,Refurbished,PrimeTechDirect,,056492088398,36.24,2026-03-20
LST00756,MarketNest,★ Ultra Hybrid Case for iPhone 15 Pro Max Crystal Clear,spigen,Phone Accessories,15.73,Open Box,QuickCart Depot,,,28.35,2026-05-11
LST00757,MarketNest,2024 Model Ultra Hybrid Case for iPhone 15 Pro Max Crystal Clear,Spigen,Phone Accessories,13.37,Open Box,warehouse_liquidators,,,,2026-03-16
LST00758,BrandDirect,Spigen Ultra Hybrid Case for iPhone 15 Pro Max (ACS06714),SPIGEN,Phone Accessories,18.28,New,Spigen Official Store,ACS06714,567295822210,6.1,2026-02-24
LST00759,MarketNest,Latest Model Ultra Hybrid Case for iPhonne 15 Pro Max Matte Black,Spigen,Phone Accessories,15.65,New,PrimeTechDirect,ACS06714,,14.98,2026-09-20
LST00760,MarketNest,2024 Model Ulrta Hybrid Case for iPhone 15 Pro Max Matte Black,Spigen,Phone Accessories,15.92,New,BlueRiver Retail,,,35.95,2026-02-20
LST00761,ShopAxis,"Dyson Replacement Filter Compatible with Dyson V15 Detect Cordless Vacuum, 1ct, Shockproof Protective Accessory",Dyson,Vacuum Accessories,23.53,Open Box,mega_deals_usa,,,19.82,2026-09-22
LST00762,ShopAxis,"Dyson Replacement Filter Compatible with Dyson V15 Detect Cordless Vacuum, 1 pcs, Shockproof Protective Accessory",dyson,Vacuum Accessories,20.47,Refurbished,PrimeTechDirect,,,16.37,2026-06-12
LST00763,MarketNest,NEW Relpacement Filter for Dyson V15 Detect Cordless Vacuum (1-Pack),Dyson,Vacuum Accessories,29.63,New,TechNook,,,23.55,2026-02-27
LST00764,GadgetHub,Dyson Replacement Filter [970424-01] fits Dyson V15 Detect Cordless Vacuum 1 ct,Dyson,Vacuum Accessories,23.95,Open Box,PrimeTechDirect,,,17.66,2026-06-21
LST00765,ValueMart,Dyson Replacement Filter - Dyson V15 Detect Cordless Vacuum - (1-Pack),Dyson,Vacuum Accessories,27.07,New,Zenith Trading Co,,,,2026-08-12
LST00766,MarketNest,Brand New Replacement Filter for Dyson V15 Detect Cordless Vacuum 1 pcs,Dyson,Vacuum Accessories,17.25,Refurbished,BlueRiver Retail,,,,2026-05-20
LST00767,ShopAxis,"Dyson Replacement Filter Compatible with Dyson V15 Detect Cordless Vacuum, 2ct, Shockproof Protective Accessory",Dyson,Vacuum Accessories,29.59,New,ElectroMax,,,5.56,2026-02-14
LST00768,ValueMart,Dyson Replacement Filter - Dyson V15 Detect Cordless Vacuum - 2 Pack,Dyson,Accessories,27.3,New,Deal Vortex,97042401,,,2026-04-28
LST00769,ShopAxis,"Dyson Replacement Filter Comaptible with Dyson V15 Detect Cordless Vacuum, 2 ct, Shockproof Protective Accessory",Dyson,Vacuum Accessories,30.2,New,official_store,,,10.48,2026-09-16
LST00770,ShopAxis,"Dyson Replacement Filter Compatible with Dyson V15 Detect Cordless Vacuum, 2ct, Shockproof Protective Accessory",Dyson,Accessories,19.93,Refurbished,TechNook,,,,2026-09-10
LST00771,MarketNest,GENUINE ClaroSwiss Water Filter for Breville Barista Express BES870XL 6-Count,Breville,Espresso Machine Accessories,11.49,New,urban_gadget_outlet,,,31.4,2026-01-23
LST00772,MarketNest,Latest Model ClaroSwiss Water Filter for Breville Barista Express BES870XL 6 Pack,Breville,General Merchandise,7.94,Refurbished,Zenith Trading Co,,,3.27,2026-07-23
LST00773,GadgetHub,Breville ClaroSwiss Water Filter [BWF100] fits Breville Barista Express BES870XL 6 Pack,Breville,Espresso Machine Accessories,7.82,Used - Like New,GreenLeaf Goods,BWF100,,28.47,2026-02-23
LST00774,GadgetHub,Breville ClaroSwiss Water Filter [BWF100] fits Breville Barista Express BES870XL 6 pcs,Breville,Espresso Machine Accessories,7.73,Refurbished,official_store,,,1.49,2026-05-17
LST00775,ShopAxis,"BrevilleClaroSwiss Water Filter Compatible with Breville Barista Express BES870XL, Pack of 6, Shockproof Protective Accessory",,Espresso Machine Accessories,11.5,New,QuickCart Depot,,864495225092,,2026-03-14
LST00776,MarketNest,NEWSELED ClaroSwiss Water Filter for Breville Barista Express BES870XL 6ct,BREVILLE,Espresso Machine Accessories,10.98,New,official_store,,,0.6,2026-02-26
LST00777,MarketNest,Latest Model CLAROSWISS WATER Filter for BREVILLE Barista Express BES870XL 6 ct,Breville,Espresso Machine Accessories,10.65,Open Box,ElectroMax,BWF100,,12.96,2026-09-10
LST00778,ShopAxis,"Breville ClaroSwiss Water Filter Compatible with Breville Barista Express BES870XL, 12 Pack, Shockproof Protective Accessory",Breville,Espresso Machine Accessories,12.42,New,mega_deals_usa,BWF100,566369225909,,2026-03-17
LST00779,MarketNest,Latest Model ClaroSwiss Water Filter for Breville Barista Express BES870XL (12-Pack),Breville,Espresso Machine Accessories,8.19,Refurbished,ElectroMax,,,,2026-09-23
LST00780,ShopAxis,"Breville ClaroSwiss Water Filter Compatible with Breville Barista Express BES870XL, 12 ct, Shockproof Protective Accessory",Breville,Espresso Machine Accessories,7.67,Refurbished,warehouse_liquidators,,,31.21,2026-05-12
LST00781,ValueMart,Breville ClaroSwiss Water Filter - Breville Barista Express BES870XL - Pack of 12,BREVILLE,Espresso Machine Accessories,12.64,New,PrimeTechDirect,,,34.13,2026-07-26
LST00782,ValueMart,BrevilleClaroSwiss Water Filter - Breville Barista Express BES870XL - (12-Pack),Breville,Espresso Machine Accessories,11.02,New,ElectroMax,,,4.69,2026-07-22
LST00783,GadgetHub,Elecjet USB-C Fast Charging Cable 6ft [EJ-C6] fits iPhone 15 / 15 Pro 1 Count,Elecjet,Cables,7.14,Used - Like New,TechNook,EJ-C6,517990820768,26.72,2026-01-15
LST00784,ValueMart,Elecjet USB-C Fast Charging Cable 6ft - iPhne 15 / 15 Pro - 1 ct,elecjet,Cables,10.33,New,warehouse_liquidators,,,16.65,2026-04-15
LST00785,ValueMart,Elecjet USB-C Fast Charging Cable 6ft - iPhone 15 / 15 Pro - 1-Count,Elecjet,Cables,10.4,New,NorthPoint Supply,,,31.93,2026-09-11
LST00786,ShopAxis,"ElecjetUSB-C Fast Charging Cable 6ft Compatible with iPhone 15 / 15 Pro, 1-Count, Shockproof Protective Accessory",Elecjet,Cables,11.06,New,BlueRiver Retail,,550616922784,37.19,2026-06-23
LST00787,MarketNest,NEW SEALED USB-C Fast Charging Cable 6ft for iPhone 15 / 15 Pro 1 Count,Elecjet,Cables,11.28,New,official_store,EJC6,,13.97,2026-06-10
LST00788,BrandDirect,Elecjet USB-C Fast Charging Cable 6ft for iPhone 15 / 15 Pro (EJ-C6),Elecjet,Cables,10.94,New,Elecjet Official Store,,,25.39,2026-06-11
LST00789,ValueMart,Elecjet USB-C Fast Charging Cable 6ft - iPhone 15 / 15 Pro - Pack of 2,Elecjet,Cables,10.86,New,mega_deals_usa,ej-c6,,,2026-03-24
LST00790,BrandDirect,Elecjet USB-C Fast Charging Cable 6ft for iPhone 15 / 15 Pro (EJ-C6),,Cables,11.7,New,Elecjet Official Store,EJ C6,,13.8,2026-05-24
LST00791,MarketNest,NEW USB-C Fast Charging Cable 6ft for iPhone 15 / 15 Pro 2 Count,Elecjet,Cables,11.82,New,ElectroMax,,,30.1,2026-06-19
LST00792,GadgetHub,Elecjet USB-C Fast Charging Cable 6ft [EJ-C6] fits iPhone 15 / 15 Pro (2-Pack),Elecjet,Cables,10.91,New,TechNook,,,18.87,2026-02-20
LST00793,GadgetHub,Elecjet USB-C Fast Charging Cable 6ft [EJ-C6] fits iPhone 15 / 15 Pro 2 ct,Elecjet,Cables,11.32,New,PrimeTechDirect,,,,2026-08-28
LST00794,MarketNest,🔥 HOT SALE USB-C Fast Charging Cable 6ft for iPhone 15 / 15 Pro 2 Pack,Elecjet,Cables,11.21,New,ElectroMax,EJ-C6,,3.73,2026-04-16
LST00795,GadgetHub,Elecjet USB-C Fast Charging Cable 6ft [EJ-C6] fits iPhone 15 / 15 Pro 3 ct,,,10.53,New,QuickCart Depot,,,25.79,2026-08-28
LST00796,ValueMart,Elecjet USB-C Fast Charging Cable 6FT - iPhone 15 / 15 Pro - Pack of 3,Elecjet,Cables,11.22,New,NorthPoint Supply,,,26.59,2026-01-22
LST00797,BrandDirect,Elecjet USB-C Fast Charging Cable 6ft for iPhone 15 / 15 Pro (EJ-C6),Elecjet,Cables,10.5,New,Elecjet Official Store,EJ C6,,0.43,2026-08-25
LST00798,GadgetHub,Wasserstein Solar Panel Charger [WS-RVD-SP] fits Ring Video Doorbell Black,Wasserstein,Smart Home Accessories,27.34,New,mega_deals_usa,,,,2026-06-22
LST00799,ShopAxis,"Wasserstein Solar Panel Charger Compatible with Ring Video Doorbell, BLACK, Shockproof Protective Accessory",Wasserstein,Smart Home Accessories,27.82,New,Zenith Trading Co,,,11.61,2026-04-20
LST00800,GadgetHub,Wasserstein Solar Panel Charger [WS-RVD-SP] fits Ring Video Doorbell Blk,wasserstein,Smart Home Accessories,25.24,New,NorthPoint Supply,,,36.4,2026-06-11
LST00801,MarketNest,NEW Solar Panel Charger for Ring Video Doorbell Pure White,Wasserstein,Smart Home Accessories,25.48,New,Deal Vortex,,857947891616,4.9,2026-02-25
LST00802,ShopAxis,"Wasserstein Solar Panel Charger Compatible with Ring Video Doorbell, Snow White, Shockproof Protective Accessory",Wasserstein,Smart Home Accessories,17.78,Used - Like New,ElectroMax,,,21.44,2026-06-21
LST00803,ShopAxis,"Wasserstein Solar Panel Charger Compatible with Ring Video Doorbell, Pure White, Shockproof Protective Accessory",Wasserstein,Smart Home Accessories,17.01,Renewed,urban_gadget_outlet,,,,2026-07-19
LST00804,ValueMart,Wasserstein Solar Panel Charger - Ring Video Doorbell - Pure White,Wasserstein,Smart Home Accessories,26.98,New,PrimeTechDirect,,161314153796,21.52,2026-02-14
LST00805,ShopAxis,"Wasserstein Solar Panel Charger Compatible with Ring Video Doorbell, White, Shockproof Protective Accessory",Wasserstein,Smart Home Accessories,25.61,New,GreenLeaf Goods,,,28.06,2026-06-20
LST00806,ShopAxis,"Wasserstein Solar Panel Charger Compatible with Ring Video Doorbell, White, Shockproof Protective Accessory",Wasserstein,Smart Home Accessories,27.43,New,value_bazaar_99,,,22.79,2026-07-18
LST00807,ValueMart,Wasserstein Solar Panel Charger - Ring Video Doorbell - Pure White,Wasserstein,Smart Home Accessories,25.78,New,GreenLeaf Goods,,,10.62,2026-02-21
LST00808,GadgetHub,Sanoxy Screen Protector Film [SNX-GS24U] fits Samsung Galaxy S24 Ultra 2 ct,Sanoxy,Phone Accessories,9.4,New,Deal Vortex,,,,2026-02-14
LST00809,GadgetHub,Sanoxy Screen Protector Film [SNX-GS24U] fits Samsung Galaxy S24 Ultra 2 ct,Sanoxy,Phone Accessories,9.37,New,official_store,,,15.7,2026-06-21
LST00810,ValueMart,Sanoxy Screen Protector Film - Samsung Galaxy S24 Ultra - 2 pcs,Sanoxy,Phone Accessories,9.55,New,Zenith Trading Co,,,18.01,2026-05-11
LST00811,ShopAxis,"Sanoxy Screen Protector Film Compatible with Samsung Galaxy S24 Ultra, 2 pcs, Shockproof Protective ACCESSORY",Sanoxy,Phone Accessories,9.58,New,TechNook,,,7.6,2026-02-25
LST00812,GadgetHub,Sanoxy Screen Protector Film [SNX-GS24U] fits Samsung Galaxy S24 Ultra 2-Count,Sanoxy,Phone Accessories,5.94,Refurbished,GreenLeaf Goods,,,16.19,2026-07-20
LST00813,ShopAxis,"SanoxyScreen Protector Film Compatible with Samsung Galaxy S24 Ultra, 4 ct, Shockproof Protective Accessory",Sanoxy,Phone Accessories,6.46,Used - Like New,warehouse_liquidators,,,11.0,2026-06-21
LST00814,GadgetHub,Sanoxy Screen Protector Film [SNX-GS24U] fits Samsung Galaxy S24 Ultra 4 pcs,Sanoxy,Phone Accessories,9.65,New,Zenith Trading Co,,,,2026-05-22
LST00815,MarketNest,2024 Model Screen Protector Film for Samsung Galaxy S24 Ultra Pack of 4,Sanoxy,Phone Accessories,9.46,New,urban_gadget_outlet,,,17.83,2026-05-27
LST00816,BrandDirect,Sanoxy Screen Protector Film for Samsung Galaxy S24 Ultra (SNX-GS24U),Sanoxy Inc.,Phone Accessories,8.72,New,Sanoxy Official Store,,963502317539,32.7,2026-05-15
LST00817,MarketNest,NEW Screen Protector Film for Samsung Galaxy S24 Ultra 4 ct,Sanoxy,Phone Accessories,9.63,New,mega_deals_usa,,,34.24,2026-04-14
LST00818,GadgetHub,Sanoxy Screen Protector Film [SNX-GS24U] fits Samsung Galaxy S24 Ultra 4 Pack,Sanoxy,Phone Accessories,6.1,Renewed,ElectroMax,,,38.16,2026-06-18
LST00819,MarketNest,GENUINE Protective Sleeve for Dell XPS 13 Gray,Mercase,Laptop Accessories,17.38,New,Deal Vortex,,,,2026-06-12
LST00820,ShopAxis,"Mercase Protective Sleeve Compatible with Dell XPS 13, Gray, Shockproof Protective Accessory",Mercase,Accessories,18.96,New,PrimeTechDirect,MC-XPS13,418624646838,0.93,2026-07-23
LST00821,GadgetHub,Mercase Protective Sleeve [MC-XPS13] fits Dell XPS 13 Gray,Mercase,Laptop Accessories,12.67,Used - Like New,GreenLeaf Goods,,,21.95,2026-02-15
LST00822,GadgetHub,Mercase Protective Sleeve [MC-XPPS13] fits Dell XPS 13 Gray,Mercase,Laptop Accessories,15.77,Open Box,PrimeTechDirect,,,6.93,2026-02-16
LST00823,ShopAxis,"Mercase Protective Sleeve Compatible with Dell XPS 13, Gray, Shockproof Protective Accessory",MERCASE,Home & Kitchen,16.58,Open Box,warehouse_liquidators,,,26.7,2026-06-25
LST00824,ShopAxis,"Mercase Protective Sleeve Compatible with Dell XPS 13, Gray, Shockproof Protective Accessory",Mercase,Laptop Accessories,15.14,Open Box,Deal Vortex,,,14.21,2026-04-17
LST00825,ShopAxis,"Mercase Protective Sleeve Compatible with Dell XPS 13, Jet Black, Shockproof Protective Accessory",Mercase,Laptop Accessories,19.44,New,mega_deals_usa,MC-XPS13,,38.71,2026-05-26
LST00826,BrandDirect,Mercase Protective Sleeve for Dell XPS 13 (MC-XPS13),Mercase,Laptop Accessories,20.08,New,Mercase Official Store,,,,2026-02-24
LST00827,MarketNest,NEW SEALED Protective Sleeve for Dell XPS 13 Jet Black,Mercase,Laptop Accessories,11.93,Renewed,Deal Vortex,,,30.48,2026-04-14
LST00828,ValueMart,MercaseProtective Sleeve - Dell XPS 13 - Black,Mercase,Laptop Accessories,19.53,New,value_bazaar_99,,,,2026-01-17
