pair_id,split,pair_type
TR00001,train,variant_multi_attr
TR00002,train,variant_color
TR00003,train,token_block_noise
TR00004,train,accessory_vs_host
TR00005,train,variant_color
TR00006,train,random_same_category
TR00007,train,random_same_category
TR00008,train,same_sku
TR00009,train,cross_brand_lookalike
TR00010,train,token_block_noise
TR00011,train,token_block_noise
TR00012,train,token_block_noise
TR00013,train,token_block_noise
TR00014,train,variant_color
TR00015,train,variant_capacity
TR00016,train,variant_capacity
TR00017,train,same_sku
TR00018,train,variant_multi_attr
TR00019,train,same_sku
TR00020,train,token_block_noise
TR00021,train,random_same_category
TR00022,train,same_sku
TR00023,train,same_sku
TR00024,train,cross_brand_lookalike
TR00025,train,token_block_noise
TR00026,train,accessory_diff_host
TR00027,train,variant_multi_attr
TR00028,train,variant_pack
TR00029,train,variant_capacity
TR00030,train,token_block_noise
TR00031,train,token_block_noise
TR00032,train,token_block_noise
TR00033,train,token_block_noise
TR00034,train,variant_color
TR00035,train,same_sku
TR00036,train,cross_brand_lookalike
TR00037,train,variant_capacity
TR00038,train,accessory_vs_host
TR00039,train,variant_color
TR00040,train,variant_pack
TR00041,train,variant_pack
TR00042,train,token_block_noise
TR00043,train,variant_size
TR00044,train,variant_color
TR00045,train,accessory_vs_host
TR00046,train,variant_multi_attr
TR00047,train,variant_multi_attr
TR00048,train,cross_brand_lookalike
TR00049,train,variant_capacity
TR00050,train,same_sku
TR00051,train,variant_multi_attr
TR00052,train,cross_brand_lookalike
TR00053,train,random_same_category
TR00054,train,variant_color
TR00055,train,successor_model
TR00056,train,token_block_noise
TR00057,train,successor_model
TR00058,train,variant_capacity
TR00059,train,accessory_vs_host
TR00060,train,variant_color
TR00061,train,same_sku
TR00062,train,variant_multi_attr
TR00063,train,variant_pack
TR00064,train,variant_multi_attr
TR00065,train,cross_brand_lookalike
TR00066,train,same_sku
TR00067,train,variant_color
TR00068,train,accessory_vs_host
TR00069,train,successor_model
TR00070,train,token_block_noise
TR00071,train,variant_color
TR00072,train,variant_color
TR00073,train,variant_color
TR00074,train,random_same_category
TR00075,train,random_same_category
TR00076,train,variant_color
TR00077,train,variant_capacity
TR00078,train,token_block_noise
TR00079,train,variant_capacity
TR00080,train,successor_model
TR00081,train,variant_color
TR00082,train,token_block_noise
TR00083,train,random_same_category
TR00084,train,same_sku
TR00085,train,same_sku
TR00086,train,accessory_vs_host
TR00087,train,accessory_vs_host
TR00088,train,same_sku
TR00089,train,accessory_diff_host
TR00090,train,same_sku
TR00091,train,variant_capacity
TR00092,train,variant_color
TR00093,train,accessory_vs_host
TR00094,train,variant_capacity
TR00095,train,accessory_vs_host
TR00096,train,variant_capacity
TR00097,train,cross_brand_lookalike
TR00098,train,same_sku
TR00099,train,token_block_noise
TR00100,train,cross_brand_lookalike
TR00101,train,same_sku
TR00102,train,variant_capacity
TR00103,train,accessory_vs_host
TR00104,train,variant_size
TR00105,train,cross_brand_lookalike
TR00106,train,variant_multi_attr
TR00107,train,variant_pack
TR00108,train,cross_brand_lookalike
TR00109,train,token_block_noise
TR00110,train,variant_capacity
TR00111,train,cross_brand_lookalike
TR00112,train,token_block_noise
TR00113,train,random_same_category
TR00114,train,accessory_diff_host
TR00115,train,random_same_category
TR00116,train,token_block_noise
TR00117,train,variant_color
TR00118,train,random_same_category
TR00119,train,token_block_noise
TR00120,train,same_sku
TR00121,train,random_same_category
TR00122,train,variant_size
TR00123,train,variant_color
TR00124,train,variant_color
TR00125,train,cross_brand_lookalike
TR00126,train,token_block_noise
TR00127,train,cross_brand_lookalike
TR00128,train,same_sku
TR00129,train,token_block_noise
TR00130,train,variant_color
TR00131,train,accessory_diff_host
TR00132,train,variant_capacity
TR00133,train,same_sku
TR00134,train,token_block_noise
TR00135,train,variant_capacity
TR00136,train,cross_brand_lookalike
TR00137,train,variant_color
TR00138,train,variant_color
TR00139,train,cross_brand_lookalike
TR00140,train,variant_color
TR00141,train,variant_capacity
TR00142,train,token_block_noise
TR00143,train,accessory_vs_host
TR00144,train,cross_brand_lookalike
TR00145,train,variant_capacity
TR00146,train,cross_brand_lookalike
TR00147,train,variant_color
TR00148,train,variant_color
TR00149,train,cross_brand_lookalike
TR00150,train,successor_model
TR00151,train,random_same_category
TR00152,train,same_sku
TR00153,train,token_block_noise
TR00154,train,random_same_category
TR00155,train,variant_capacity
TR00156,train,variant_capacity
TR00157,train,cross_brand_lookalike
TR00158,train,variant_color
TR00159,train,variant_color
TR00160,train,successor_model
TR00161,train,token_block_noise
TR00162,train,variant_color
TR00163,train,token_block_noise
TR00164,train,variant_pack
TR00165,train,variant_multi_attr
TR00166,train,variant_size
TR00167,train,same_sku
TR00168,train,accessory_diff_host
TR00169,train,variant_pack
TR00170,train,cross_brand_lookalike
TR00171,train,accessory_vs_host
TR00172,train,cross_brand_lookalike
TR00173,train,variant_multi_attr
TR00174,train,same_sku
TR00175,train,accessory_vs_host
TR00176,train,cross_brand_lookalike
TR00177,train,variant_color
TR00178,train,variant_multi_attr
TR00179,train,cross_brand_lookalike
TR00180,train,variant_color
TR00181,train,variant_capacity
TR00182,train,variant_size
TR00183,train,variant_pack
TR00184,train,random_same_category
TR00185,train,variant_multi_attr
TR00186,train,variant_capacity
TR00187,train,variant_capacity
TR00188,train,cross_brand_lookalike
TR00189,train,variant_multi_attr
TR00190,train,token_block_noise
TR00191,train,token_block_noise
TR00192,train,same_sku
TR00193,train,variant_color
TR00194,train,successor_model
TR00195,train,same_sku
TR00196,train,cross_brand_lookalike
TR00197,train,same_sku
TR00198,train,variant_color
TR00199,train,random_same_category
TR00200,train,token_block_noise
TR00201,train,token_block_noise
TR00202,train,token_block_noise
TR00203,train,variant_color
TR00204,train,accessory_vs_host
TR00205,train,variant_color
TR00206,train,variant_pack
TR00207,train,random_same_category
TR00208,train,token_block_noise
TR00209,train,cross_brand_lookalike
TR00210,train,cross_brand_lookalike
TR00211,train,token_block_noise
TR00212,train,token_block_noise
TR00213,train,successor_model
TR00214,train,variant_pack
TR00215,train,cross_brand_lookalike
TR00216,train,variant_capacity
TR00217,train,same_sku
TR00218,train,same_sku
TR00219,train,same_sku
TR00220,train,same_sku
TR00221,train,random_same_category
TR00222,train,cross_brand_lookalike
TR00223,train,same_sku
TR00224,train,cross_brand_lookalike
TR00225,train,token_block_noise
TR00226,train,variant_color
TR00227,train,token_block_noise
TR00228,train,token_block_noise
TR00229,train,accessory_diff_host
TR00230,train,cross_brand_lookalike
TR00231,train,variant_multi_attr
TR00232,train,variant_pack
TR00233,train,cross_brand_lookalike
TR00234,train,successor_model
TR00235,train,variant_capacity
TR00236,train,token_block_noise
TR00237,train,token_block_noise
TR00238,train,same_sku
TR00239,train,accessory_diff_host
TR00240,train,same_sku
TR00241,train,successor_model
TR00242,train,cross_brand_lookalike
TR00243,train,same_sku
TR00244,train,variant_capacity
TR00245,train,variant_capacity
TR00246,train,same_sku
TR00247,train,token_block_noise
TR00248,train,same_sku
TR00249,train,variant_multi_attr
TR00250,train,variant_pack
TR00251,train,variant_color
TR00252,train,same_sku
TR00253,train,token_block_noise
TR00254,train,same_sku
TR00255,train,variant_size
TR00256,train,successor_model
TR00257,train,cross_brand_lookalike
TR00258,train,accessory_vs_host
TR00259,train,token_block_noise
TR00260,train,variant_color
TR00261,train,variant_color
TR00262,train,same_sku
TR00263,train,accessory_diff_host
TR00264,train,cross_brand_lookalike
TR00265,train,same_sku
TR00266,train,variant_capacity
TR00267,train,cross_brand_lookalike
TR00268,train,variant_multi_attr
TR00269,train,same_sku
TR00270,train,token_block_noise
TR00271,train,variant_capacity
TR00272,train,token_block_noise
TR00273,train,variant_capacity
TR00274,train,variant_multi_attr
TR00275,train,variant_color
TR00276,train,variant_capacity
TR00277,train,same_sku
TR00278,train,same_sku
TR00279,train,variant_multi_attr
TR00280,train,variant_capacity
TR00281,train,variant_multi_attr
TR00282,train,cross_brand_lookalike
TR00283,train,variant_capacity
TR00284,train,variant_color
TR00285,train,accessory_vs_host
TR00286,train,variant_size
TR00287,train,variant_capacity
TR00288,train,variant_multi_attr
TR00289,train,accessory_vs_host
TR00290,train,successor_model
TR00291,train,variant_color
TR00292,train,accessory_vs_host
TR00293,train,variant_pack
TR00294,train,variant_color
TR00295,train,same_sku
TR00296,train,same_sku
TR00297,train,token_block_noise
TR00298,train,variant_capacity
TR00299,train,same_sku
TR00300,train,random_same_category
TR00301,train,token_block_noise
TR00302,train,cross_brand_lookalike
TR00303,train,cross_brand_lookalike
TR00304,train,token_block_noise
TR00305,train,variant_color
TR00306,train,variant_color
TR00307,train,variant_color
TR00308,train,token_block_noise
TR00309,train,same_sku
TR00310,train,variant_pack
TR00311,train,same_sku
TR00312,train,variant_multi_attr
TR00313,train,token_block_noise
TR00314,train,token_block_noise
TR00315,train,variant_multi_attr
TR00316,train,variant_multi_attr
TR00317,train,token_block_noise
TR00318,train,variant_multi_attr
TR00319,train,token_block_noise
TR00320,train,random_same_category
TR00321,train,token_block_noise
TR00322,train,variant_capacity
TR00323,train,variant_multi_attr
TR00324,train,variant_multi_attr
TR00325,train,cross_brand_lookalike
TR00326,train,cross_brand_lookalike
TR00327,train,variant_color
TR00328,train,accessory_diff_host
TR00329,train,variant_multi_attr
TR00330,train,variant_capacity
TR00331,train,variant_capacity
TR00332,train,cross_brand_lookalike
TR00333,train,variant_multi_attr
TR00334,train,token_block_noise
TR00335,train,variant_capacity
TR00336,train,cross_brand_lookalike
TR00337,train,variant_color
TR00338,train,accessory_vs_host
TR00339,train,successor_model
TR00340,train,accessory_vs_host
TR00341,train,cross_brand_lookalike
TR00342,train,cross_brand_lookalike
TR00343,train,cross_brand_lookalike
TR00344,train,variant_capacity
TR00345,train,variant_pack
TR00346,train,same_sku
TR00347,train,same_sku
TR00348,train,accessory_vs_host
TR00349,train,random_same_category
TR00350,train,accessory_vs_host
TR00351,train,successor_model
TR00352,train,variant_capacity
TR00353,train,token_block_noise
TR00354,train,cross_brand_lookalike
TR00355,train,variant_multi_attr
TR00356,train,successor_model
TR00357,train,token_block_noise
TR00358,train,cross_brand_lookalike
TR00359,train,token_block_noise
TR00360,train,token_block_noise
TR00361,train,accessory_vs_host
TR00362,train,successor_model
TR00363,train,variant_pack
TR00364,train,variant_color
TR00365,train,variant_multi_attr
TR00366,train,token_block_noise
TR00367,train,variant_pack
TR00368,train,variant_pack
TR00369,train,random_same_category
TR00370,train,variant_color
TR00371,train,successor_model
TR00372,train,variant_capacity
TR00373,train,cross_brand_lookalike
TR00374,train,same_sku
TR00375,train,accessory_diff_host
TR00376,train,variant_multi_attr
TR00377,train,same_sku
TR00378,train,variant_capacity
TR00379,train,token_block_noise
TR00380,train,accessory_diff_host
TR00381,train,variant_capacity
TR00382,train,token_block_noise
TR00383,train,cross_brand_lookalike
TR00384,train,cross_brand_lookalike
TR00385,train,accessory_vs_host
TR00386,train,same_sku
TR00387,train,cross_brand_lookalike
TR00388,train,accessory_diff_host
TR00389,train,variant_multi_attr
TR00390,train,variant_pack
TR00391,train,variant_color
TR00392,train,variant_size
TR00393,train,variant_pack
TR00394,train,token_block_noise
TR00395,train,cross_brand_lookalike
TR00396,train,same_sku
TR00397,train,cross_brand_lookalike
TR00398,train,variant_multi_attr
TR00399,train,same_sku
TR00400,train,same_sku
TR00401,train,variant_multi_attr
TR00402,train,accessory_vs_host
TR00403,train,random_same_category
TR00404,train,variant_color
TR00405,train,variant_capacity
TR00406,train,variant_multi_attr
TR00407,train,variant_capacity
TR00408,train,random_same_category
TR00409,train,variant_multi_attr
TR00410,train,cross_brand_lookalike
TR00411,train,token_block_noise
TR00412,train,variant_capacity
TR00413,train,variant_size
TR00414,train,accessory_vs_host
TR00415,train,accessory_diff_host
TR00416,train,token_block_noise
TR00417,train,same_brand_diff_line
TR00418,train,cross_brand_lookalike
TR00419,train,token_block_noise
TR00420,train,random_same_category
TR00421,train,token_block_noise
TR00422,train,cross_brand_lookalike
TR00423,train,variant_size
TR00424,train,variant_capacity
TR00425,train,variant_multi_attr
TR00426,train,token_block_noise
TR00427,train,same_sku
TR00428,train,same_sku
TR00429,train,same_sku
TR00430,train,token_block_noise
TR00431,train,same_brand_diff_line
TR00432,train,variant_size
TR00433,train,variant_color
TR00434,train,random_same_category
TR00435,train,variant_multi_attr
TR00436,train,accessory_diff_host
TR00437,train,token_block_noise
TR00438,train,cross_brand_lookalike
TR00439,train,variant_capacity
TR00440,train,variant_capacity
TR00441,train,same_brand_diff_line
TR00442,train,variant_color
TR00443,train,variant_pack
TR00444,train,token_block_noise
TR00445,train,cross_brand_lookalike
TR00446,train,variant_color
TR00447,train,random_same_category
TR00448,train,token_block_noise
TR00449,train,token_block_noise
TR00450,train,cross_brand_lookalike
TR00451,train,successor_model
TR00452,train,accessory_vs_host
TR00453,train,cross_brand_lookalike
TR00454,train,variant_multi_attr
TR00455,train,cross_brand_lookalike
TR00456,train,same_sku
TR00457,train,variant_pack
TR00458,train,token_block_noise
TR00459,train,successor_model
TR00460,train,variant_size
TR00461,train,cross_brand_lookalike
TR00462,train,cross_brand_lookalike
TR00463,train,same_sku
TR00464,train,successor_model
TR00465,train,variant_color
TR00466,train,accessory_vs_host
TR00467,train,token_block_noise
TR00468,train,token_block_noise
TR00469,train,variant_color
TR00470,train,variant_color
TR00471,train,same_sku
TR00472,train,cross_brand_lookalike
TR00473,train,same_sku
TR00474,train,token_block_noise
TR00475,train,token_block_noise
TR00476,train,variant_color
TR00477,train,successor_model
TR00478,train,variant_multi_attr
TR00479,train,random_same_category
TR00480,train,cross_brand_lookalike
TR00481,train,token_block_noise
TR00482,train,cross_brand_lookalike
TR00483,train,same_sku
TR00484,train,variant_color
TR00485,train,variant_size
TR00486,train,random_same_category
TR00487,train,variant_capacity
TR00488,train,same_sku
TR00489,train,accessory_vs_host
TR00490,train,cross_brand_lookalike
TR00491,train,same_sku
TR00492,train,variant_size
TR00493,train,same_brand_diff_line
TR00494,train,accessory_vs_host
TR00495,train,cross_brand_lookalike
TR00496,train,variant_color
TR00497,train,variant_pack
TR00498,train,accessory_diff_host
TR00499,train,random_same_category
TR00500,train,token_block_noise
TR00501,train,variant_color
TR00502,train,variant_capacity
TR00503,train,same_sku
TR00504,train,token_block_noise
TR00505,train,variant_multi_attr
TR00506,train,accessory_vs_host
TR00507,train,variant_color
TR00508,train,variant_multi_attr
TR00509,train,token_block_noise
TR00510,train,variant_capacity
TR00511,train,same_sku
TR00512,train,same_sku
TR00513,train,variant_capacity
TR00514,train,same_brand_diff_line
TR00515,train,variant_multi_attr
TR00516,train,variant_multi_attr
TR00517,train,variant_color
TR00518,train,variant_color
TR00519,train,same_sku
TR00520,train,random_same_category
TR00521,train,accessory_diff_host
TR00522,train,variant_capacity
TR00523,train,same_sku
TR00524,train,successor_model
TR00525,train,variant_size
TR00526,train,same_sku
TR00527,train,accessory_diff_host
TR00528,train,token_block_noise
TR00529,train,same_sku
TR00530,train,token_block_noise
TR00531,train,same_sku
TR00532,train,variant_multi_attr
TR00533,train,same_sku
TR00534,train,random_same_category
TR00535,train,accessory_diff_host
TR00536,train,variant_color
TR00537,train,accessory_vs_host
TR00538,train,variant_color
TR00539,train,variant_color
TR00540,train,cross_brand_lookalike
TR00541,train,cross_brand_lookalike
TR00542,train,random_same_category
TR00543,train,token_block_noise
TR00544,train,cross_brand_lookalike
TR00545,train,successor_model
TR00546,train,token_block_noise
TR00547,train,variant_size
TR00548,train,cross_brand_lookalike
TR00549,train,same_sku
TR00550,train,token_block_noise
TR00551,train,variant_pack
TR00552,train,same_sku
TR00553,train,variant_color
TR00554,train,cross_brand_lookalike
TR00555,train,cross_brand_lookalike
TR00556,train,cross_brand_lookalike
TR00557,train,variant_size
TR00558,train,cross_brand_lookalike
TR00559,train,random_same_category
TR00560,train,cross_brand_lookalike
TR00561,train,cross_brand_lookalike
TR00562,train,accessory_vs_host
TR00563,train,cross_brand_lookalike
TR00564,train,token_block_noise
TR00565,train,same_sku
TR00566,train,variant_multi_attr
TR00567,train,accessory_vs_host
TR00568,train,token_block_noise
TR00569,train,same_sku
TR00570,train,same_sku
TR00571,train,successor_model
TR00572,train,variant_pack
TR00573,train,random_same_category
TR00574,train,same_sku
TR00575,train,variant_capacity
TR00576,train,accessory_diff_host
TR00577,train,successor_model
TR00578,train,random_same_category
TR00579,train,cross_brand_lookalike
TR00580,train,variant_multi_attr
TR00581,train,accessory_vs_host
TR00582,train,cross_brand_lookalike
TR00583,train,same_sku
TR00584,train,cross_brand_lookalike
TR00585,train,cross_brand_lookalike
TR00586,train,variant_color
TR00587,train,same_sku
TR00588,train,variant_capacity
TR00589,train,random_same_category
TR00590,train,token_block_noise
TR00591,train,same_sku
TR00592,train,token_block_noise
TR00593,train,token_block_noise
TR00594,train,same_sku
TR00595,train,same_sku
TR00596,train,variant_capacity
TR00597,train,token_block_noise
TR00598,train,token_block_noise
TR00599,train,same_sku
TR00600,train,accessory_vs_host
TR00601,train,successor_model
TR00602,train,accessory_diff_host
TR00603,train,same_sku
TR00604,train,same_sku
TR00605,train,accessory_vs_host
TR00606,train,successor_model
TR00607,train,accessory_vs_host
TR00608,train,same_sku
TR00609,train,cross_brand_lookalike
TR00610,train,variant_capacity
TR00611,train,token_block_noise
TR00612,train,accessory_diff_host
TR00613,train,cross_brand_lookalike
TR00614,train,random_same_category
TR00615,train,same_sku
TR00616,train,variant_size
TR00617,train,variant_color
TR00618,train,variant_color
TR00619,train,token_block_noise
TR00620,train,variant_color
TR00621,train,variant_size
TR00622,train,variant_pack
TR00623,train,token_block_noise
TR00624,train,cross_brand_lookalike
TR00625,train,accessory_diff_host
TR00626,train,variant_color
TR00627,train,same_sku
TR00628,train,variant_capacity
TR00629,train,token_block_noise
TR00630,train,cross_brand_lookalike
TR00631,train,accessory_vs_host
TR00632,train,cross_brand_lookalike
TR00633,train,accessory_vs_host
TR00634,train,successor_model
TR00635,train,cross_brand_lookalike
TR00636,train,variant_capacity
TR00637,train,variant_pack
TR00638,train,variant_capacity
TR00639,train,variant_size
TR00640,train,random_same_category
TR00641,train,cross_brand_lookalike
TR00642,train,variant_multi_attr
TR00643,train,variant_capacity
TR00644,train,same_sku
TR00645,train,variant_multi_attr
TR00646,train,variant_size
TR00647,train,token_block_noise
TR00648,train,accessory_diff_host
TR00649,train,accessory_diff_host
TR00650,train,variant_color
TR00651,train,random_same_category
TR00652,train,accessory_diff_host
TR00653,train,variant_size
TR00654,train,successor_model
TR00655,train,variant_multi_attr
TR00656,train,cross_brand_lookalike
TR00657,train,same_sku
TR00658,train,same_sku
TR00659,train,variant_capacity
TR00660,train,accessory_vs_host
TR00661,train,variant_capacity
TR00662,train,token_block_noise
TR00663,train,random_same_category
TR00664,train,variant_color
TR00665,train,variant_capacity
TR00666,train,variant_size
TR00667,train,accessory_diff_host
TR00668,train,cross_brand_lookalike
TR00669,train,variant_color
TR00670,train,random_same_category
TR00671,train,same_sku
TR00672,train,variant_color
TR00673,train,accessory_diff_host
TR00674,train,variant_color
TR00675,train,variant_multi_attr
TR00676,train,variant_capacity
TR00677,train,accessory_vs_host
TR00678,train,variant_capacity
TR00679,train,variant_capacity
TR00680,train,accessory_diff_host
TR00681,train,variant_pack
TR00682,train,cross_brand_lookalike
TR00683,train,accessory_vs_host
TR00684,train,cross_brand_lookalike
TR00685,train,random_same_category
TR00686,train,same_sku
TR00687,train,token_block_noise
TR00688,train,variant_color
TR00689,train,random_same_category
TR00690,train,variant_color
TR00691,train,variant_color
TR00692,train,variant_capacity
TR00693,train,variant_capacity
TR00694,train,cross_brand_lookalike
TR00695,train,cross_brand_lookalike
TR00696,train,cross_brand_lookalike
TR00697,train,variant_capacity
TR00698,train,cross_brand_lookalike
TR00699,train,variant_pack
TR00700,train,variant_capacity
TR00701,train,variant_color
TR00702,train,cross_brand_lookalike
TR00703,train,variant_color
TR00704,train,variant_color
TR00705,train,variant_color
TR00706,train,cross_brand_lookalike
TR00707,train,cross_brand_lookalike
TR00708,train,random_same_category
TR00709,train,successor_model
TR00710,train,same_sku
TR00711,train,same_sku
TR00712,train,cross_brand_lookalike
TR00713,train,cross_brand_lookalike
TR00714,train,variant_color
TR00715,train,token_block_noise
TR00716,train,token_block_noise
TR00717,train,same_sku
TR00718,train,variant_pack
TR00719,train,successor_model
TR00720,train,cross_brand_lookalike
TR00721,train,variant_multi_attr
TR00722,train,variant_multi_attr
TR00723,train,accessory_diff_host
TR00724,train,random_same_category
TR00725,train,same_sku
TR00726,train,variant_pack
TR00727,train,same_sku
TR00728,train,variant_capacity
TR00729,train,same_sku
TR00730,train,token_block_noise
TR00731,train,same_sku
TR00732,train,variant_multi_attr
TR00733,train,variant_color
TR00734,train,variant_capacity
TR00735,train,variant_color
TR00736,train,variant_multi_attr
TR00737,train,variant_capacity
TR00738,train,variant_pack
TR00739,train,same_sku
TR00740,train,cross_brand_lookalike
TR00741,train,variant_capacity
TR00742,train,accessory_diff_host
TR00743,train,variant_capacity
TR00744,train,random_same_category
TR00745,train,random_same_category
TR00746,train,cross_brand_lookalike
TR00747,train,token_block_noise
TR00748,train,same_sku
TR00749,train,token_block_noise
TR00750,train,variant_capacity
TR00751,train,variant_pack
TR00752,train,random_same_category
TR00753,train,variant_pack
TR00754,train,token_block_noise
TR00755,train,variant_capacity
TR00756,train,variant_multi_attr
TR00757,train,token_block_noise
TR00758,train,token_block_noise
TR00759,train,accessory_diff_host
TR00760,train,variant_color
TR00761,train,accessory_diff_host
TR00762,train,accessory_vs_host
TR00763,train,variant_color
TR00764,train,variant_color
TR00765,train,random_same_category
TR00766,train,successor_model
TR00767,train,variant_multi_attr
TR00768,train,accessory_diff_host
TR00769,train,variant_capacity
TR00770,train,variant_color
TR00771,train,successor_model
TR00772,train,cross_brand_lookalike
TR00773,train,variant_capacity
TR00774,train,token_block_noise
TR00775,train,variant_pack
TR00776,train,same_sku
TR00777,train,token_block_noise
TR00778,train,variant_size
TR00779,train,token_block_noise
TR00780,train,variant_size
TR00781,train,variant_color
TR00782,train,accessory_diff_host
TR00783,train,token_block_noise
TR00784,train,cross_brand_lookalike
TR00785,train,random_same_category
TR00786,train,same_sku
TR00787,train,variant_capacity
TR00788,train,successor_model
TR00789,train,same_sku
TR00790,train,token_block_noise
TR00791,train,same_sku
TR00792,train,successor_model
TR00793,train,successor_model
TR00794,train,cross_brand_lookalike
TR00795,train,successor_model
TR00796,train,variant_multi_attr
TR00797,train,variant_color
TR00798,train,variant_capacity
TR00799,train,token_block_noise
TR00800,train,cross_brand_lookalike
TR00801,train,cross_brand_lookalike
TR00802,train,variant_capacity
TR00803,train,token_block_noise
TR00804,train,same_sku
TR00805,train,accessory_vs_host
TR00806,train,token_block_noise
TR00807,train,variant_size
TR00808,train,token_block_noise
TR00809,train,variant_pack
TR00810,train,same_sku
TR00811,train,random_same_category
TR00812,train,random_same_category
TR00813,train,variant_color
TR00814,train,cross_brand_lookalike
TR00815,train,accessory_diff_host
TR00816,train,variant_capacity
TR00817,train,variant_capacity
TR00818,train,accessory_diff_host
TR00819,train,cross_brand_lookalike
TR00820,train,same_sku
TR00821,train,variant_multi_attr
TR00822,train,same_sku
TR00823,train,cross_brand_lookalike
TR00824,train,random_same_category
TR00825,train,token_block_noise
TR00826,train,variant_pack
TR00827,train,same_sku
TR00828,train,variant_capacity
TR00829,train,variant_color
TR00830,train,token_block_noise
TR00831,train,variant_pack
TR00832,train,token_block_noise
TR00833,train,variant_color
TR00834,train,accessory_diff_host
TR00835,train,variant_color
TR00836,train,accessory_vs_host
TR00837,train,cross_brand_lookalike
TR00838,train,accessory_diff_host
TR00839,train,token_block_noise
TR00840,train,variant_color
TR00841,train,accessory_vs_host
TR00842,train,variant_color
TR00843,train,token_block_noise
TR00844,train,variant_capacity
TR00845,train,cross_brand_lookalike
TR00846,train,variant_multi_attr
TR00847,train,variant_multi_attr
TR00848,train,accessory_vs_host
TR00849,train,same_sku
TR00850,train,token_block_noise
TR00851,train,same_sku
TR00852,train,same_sku
TR00853,train,cross_brand_lookalike
TR00854,train,same_sku
TR00855,train,token_block_noise
TR00856,train,token_block_noise
TR00857,train,accessory_diff_host
TR00858,train,token_block_noise
TR00859,train,accessory_diff_host
TR00860,train,cross_brand_lookalike
TR00861,train,cross_brand_lookalike
TR00862,train,accessory_vs_host
TR00863,train,accessory_diff_host
TR00864,train,token_block_noise
TR00865,train,random_same_category
TR00866,train,random_same_category
TR00867,train,variant_capacity
TR00868,train,variant_capacity
TR00869,train,token_block_noise
TR00870,train,accessory_vs_host
TR00871,train,same_sku
TR00872,train,cross_brand_lookalike
TR00873,train,cross_brand_lookalike
TR00874,train,variant_color
TR00875,train,random_same_category
TR00876,train,accessory_vs_host
TR00877,train,random_same_category
TR00878,train,variant_color
TR00879,train,accessory_vs_host
TR00880,train,cross_brand_lookalike
TR00881,train,same_sku
TR00882,train,cross_brand_lookalike
TR00883,train,variant_multi_attr
TR00884,train,variant_size
TR00885,train,variant_size
TR00886,train,token_block_noise
TR00887,train,variant_capacity
TR00888,train,random_same_category
TR00889,train,random_same_category
TR00890,train,cross_brand_lookalike
TR00891,train,variant_capacity
TR00892,train,cross_brand_lookalike
TR00893,train,cross_brand_lookalike
TR00894,train,variant_capacity
TR00895,train,token_block_noise
TR00896,train,cross_brand_lookalike
TR00897,train,variant_pack
TR00898,train,variant_color
TR00899,train,variant_pack
TR00900,train,variant_multi_attr
TR00901,train,same_sku
TR00902,train,token_block_noise
TR00903,train,cross_brand_lookalike
TR00904,train,same_sku
TR00905,train,token_block_noise
TR00906,train,random_same_category
TR00907,train,variant_size
TR00908,train,random_same_category
TR00909,train,accessory_vs_host
TR00910,train,token_block_noise
TR00911,train,variant_capacity
TR00912,train,token_block_noise
TR00913,train,variant_capacity
TR00914,train,variant_pack
TR00915,train,cross_brand_lookalike
TR00916,train,same_sku
TR00917,train,variant_multi_attr
TR00918,train,token_block_noise
TR00919,train,variant_color
TR00920,train,variant_color
TR00921,train,variant_multi_attr
TR00922,train,variant_multi_attr
TR00923,train,random_same_category
TR00924,train,accessory_diff_host
TR00925,train,variant_color
TR00926,train,same_sku
TR00927,train,variant_capacity
TR00928,train,successor_model
TR00929,train,random_same_category
TR00930,train,token_block_noise
TR00931,train,variant_multi_attr
TR00932,train,cross_brand_lookalike
TR00933,train,cross_brand_lookalike
TR00934,train,same_sku
TR00935,train,random_same_category
TR00936,train,cross_brand_lookalike
TR00937,train,accessory_vs_host
TR00938,train,variant_multi_attr
TR00939,train,token_block_noise
TR00940,train,token_block_noise
TR00941,train,variant_color
TR00942,train,variant_multi_attr
TR00943,train,variant_multi_attr
TR00944,train,variant_pack
TR00945,train,token_block_noise
TR00946,train,variant_capacity
TR00947,train,same_sku
TR00948,train,same_sku
TR00949,train,random_same_category
TR00950,train,same_sku
TR00951,train,variant_size
TR00952,train,accessory_vs_host
TR00953,train,variant_color
TR00954,train,successor_model
TR00955,train,successor_model
TR00956,train,variant_capacity
TR00957,train,accessory_vs_host
TR00958,train,token_block_noise
TR00959,train,random_same_category
TR00960,train,token_block_noise
TR00961,train,token_block_noise
TR00962,train,variant_color
TR00963,train,variant_pack
TR00964,train,cross_brand_lookalike
TR00965,train,random_same_category
TR00966,train,variant_size
TR00967,train,cross_brand_lookalike
TR00968,train,same_sku
TR00969,train,same_sku
TR00970,train,token_block_noise
TR00971,train,random_same_category
TR00972,train,variant_color
TR00973,train,cross_brand_lookalike
TR00974,train,cross_brand_lookalike
TR00975,train,variant_color
TR00976,train,variant_multi_attr
TR00977,train,same_sku
TR00978,train,token_block_noise
TR00979,train,cross_brand_lookalike
TR00980,train,variant_color
TR00981,train,random_same_category
TR00982,train,token_block_noise
TR00983,train,same_sku
TR00984,train,same_sku
TR00985,train,variant_multi_attr
TR00986,train,accessory_diff_host
TR00987,train,token_block_noise
TR00988,train,cross_brand_lookalike
TR00989,train,successor_model
TR00990,train,variant_pack
TR00991,train,random_same_category
TR00992,train,cross_brand_lookalike
TR00993,train,variant_pack
TR00994,train,variant_color
TR00995,train,token_block_noise
TR00996,train,variant_color
TR00997,train,variant_multi_attr
TR00998,train,cross_brand_lookalike
TR00999,train,variant_capacity
TR01000,train,cross_brand_lookalike
TR01001,train,same_sku
TR01002,train,variant_color
TR01003,train,cross_brand_lookalike
TR01004,train,variant_color
TR01005,train,cross_brand_lookalike
TR01006,train,token_block_noise
TR01007,train,cross_brand_lookalike
TR01008,train,variant_capacity
TR01009,train,random_same_category
TR01010,train,cross_brand_lookalike
TR01011,train,random_same_category
TR01012,train,variant_capacity
TR01013,train,same_sku
TR01014,train,cross_brand_lookalike
TR01015,train,token_block_noise
TR01016,train,variant_pack
TR01017,train,same_sku
TR01018,train,random_same_category
TR01019,train,variant_pack
TR01020,train,same_sku
TR01021,train,accessory_diff_host
TR01022,train,same_sku
TR01023,train,variant_capacity
TR01024,train,variant_color
TR01025,train,variant_capacity
TR01026,train,variant_pack
TR01027,train,cross_brand_lookalike
TR01028,train,same_sku
TR01029,train,same_sku
TR01030,train,variant_capacity
TR01031,train,accessory_vs_host
TR01032,train,same_sku
TR01033,train,token_block_noise
TR01034,train,variant_multi_attr
TR01035,train,variant_capacity
TR01036,train,token_block_noise
TR01037,train,cross_brand_lookalike
TR01038,train,cross_brand_lookalike
TR01039,train,successor_model
TR01040,train,variant_multi_attr
TR01041,train,variant_color
TR01042,train,random_same_category
TR01043,train,variant_capacity
TR01044,train,cross_brand_lookalike
TR01045,train,token_block_noise
TR01046,train,variant_capacity
TR01047,train,cross_brand_lookalike
TR01048,train,variant_pack
TR01049,train,same_sku
TR01050,train,same_sku
TR01051,train,accessory_diff_host
TR01052,train,cross_brand_lookalike
TR01053,train,variant_color
TR01054,train,successor_model
TR01055,train,token_block_noise
TR01056,train,variant_color
TR01057,train,variant_capacity
TR01058,train,same_sku
TR01059,train,variant_color
TR01060,train,variant_color
TR01061,train,variant_color
TR01062,train,random_same_category
TR01063,train,accessory_vs_host
TR01064,train,token_block_noise
TR01065,train,token_block_noise
TR01066,train,same_sku
TR01067,train,cross_brand_lookalike
TR01068,train,token_block_noise
TR01069,train,variant_multi_attr
TR01070,train,same_sku
TR01071,train,variant_color
TR01072,train,successor_model
TR01073,train,cross_brand_lookalike
TR01074,train,variant_capacity
TR01075,train,variant_color
TR01076,train,variant_multi_attr
TR01077,train,accessory_vs_host
TR01078,train,cross_brand_lookalike
TR01079,train,token_block_noise
TR01080,train,same_sku
TR01081,train,variant_color
TR01082,train,variant_capacity
TR01083,train,cross_brand_lookalike
TR01084,train,same_sku
TR01085,train,successor_model
TR01086,train,token_block_noise
TR01087,train,variant_color
TR01088,train,accessory_vs_host
TR01089,train,cross_brand_lookalike
TR01090,train,token_block_noise
TR01091,train,same_sku
TR01092,train,accessory_vs_host
TR01093,train,cross_brand_lookalike
TR01094,train,cross_brand_lookalike
TR01095,train,accessory_diff_host
TR01096,train,variant_color
TR01097,train,variant_color
TR01098,train,same_sku
TR01099,train,random_same_category
TR01100,train,same_sku
TR01101,train,variant_color
TR01102,train,token_block_noise
TR01103,train,variant_size
TR01104,train,variant_multi_attr
TR01105,train,same_sku
TR01106,train,accessory_vs_host
TR01107,train,successor_model
TR01108,train,token_block_noise
TR01109,train,cross_brand_lookalike
TR01110,train,token_block_noise
TR01111,train,accessory_vs_host
TR01112,train,same_sku
TR01113,train,variant_color
TR01114,train,accessory_diff_host
TR01115,train,variant_multi_attr
TR01116,train,same_sku
TR01117,train,cross_brand_lookalike
TR01118,train,accessory_vs_host
TR01119,train,cross_brand_lookalike
TR01120,train,accessory_vs_host
TR01121,train,variant_capacity
TR01122,train,variant_multi_attr
TR01123,train,token_block_noise
TR01124,train,same_sku
TR01125,train,same_sku
TR01126,train,cross_brand_lookalike
TR01127,train,variant_multi_attr
TR01128,train,token_block_noise
TR01129,train,variant_capacity
TR01130,train,cross_brand_lookalike
TR01131,train,variant_multi_attr
TR01132,train,random_same_category
TR01133,train,variant_pack
TR01134,train,accessory_diff_host
TR01135,train,variant_multi_attr
TR01136,train,variant_pack
TR01137,train,token_block_noise
TR01138,train,variant_capacity
TR01139,train,same_sku
TR01140,train,same_sku
TR01141,train,variant_color
TR01142,train,variant_multi_attr
TR01143,train,successor_model
TR01144,train,variant_color
TR01145,train,cross_brand_lookalike
TR01146,train,cross_brand_lookalike
TR01147,train,variant_color
TR01148,train,variant_size
TR01149,train,same_sku
TR01150,train,accessory_diff_host
TR01151,train,successor_model
TR01152,train,accessory_diff_host
TR01153,train,random_same_category
TR01154,train,cross_brand_lookalike
TR01155,train,cross_brand_lookalike
TR01156,train,random_same_category
TR01157,train,variant_capacity
TR01158,train,random_same_category
TR01159,train,variant_capacity
TR01160,train,variant_size
TR01161,train,variant_pack
TR01162,train,cross_brand_lookalike
TR01163,train,accessory_diff_host
TR01164,train,accessory_vs_host
TR01165,train,variant_multi_attr
TR01166,train,successor_model
TR01167,train,variant_capacity
TR01168,train,cross_brand_lookalike
TR01169,train,variant_color
TR01170,train,cross_brand_lookalike
TR01171,train,same_sku
TR01172,train,same_sku
TR01173,train,variant_capacity
TR01174,train,variant_size
TR01175,train,successor_model
TR01176,train,variant_capacity
TR01177,train,variant_capacity
TR01178,train,variant_size
TR01179,train,variant_pack
TR01180,train,same_sku
TR01181,train,accessory_diff_host
TR01182,train,variant_multi_attr
TR01183,train,variant_color
TR01184,train,variant_capacity
TR01185,train,cross_brand_lookalike
TR01186,train,random_same_category
TR01187,train,same_sku
TR01188,train,same_sku
TR01189,train,variant_multi_attr
TR01190,train,cross_brand_lookalike
TR01191,train,variant_color
TR01192,train,token_block_noise
TR01193,train,variant_multi_attr
TR01194,train,variant_pack
TR01195,train,random_same_category
TR01196,train,variant_multi_attr
TR01197,train,token_block_noise
TR01198,train,variant_color
TR01199,train,successor_model
TR01200,train,token_block_noise
TR01201,train,accessory_diff_host
TR01202,train,cross_brand_lookalike
TR01203,train,variant_color
TR01204,train,variant_capacity
TR01205,train,same_sku
TR01206,train,token_block_noise
TR01207,train,random_same_category
TR01208,train,successor_model
TR01209,train,cross_brand_lookalike
TR01210,train,accessory_vs_host
TR01211,train,cross_brand_lookalike
TR01212,train,variant_capacity
TR01213,train,cross_brand_lookalike
TR01214,train,variant_pack
TR01215,train,token_block_noise
TR01216,train,same_sku
TR01217,train,token_block_noise
TR01218,train,accessory_vs_host
TR01219,train,variant_size
TR01220,train,random_same_category
TR01221,train,random_same_category
TR01222,train,token_block_noise
TR01223,train,token_block_noise
TR01224,train,token_block_noise
TR01225,train,variant_multi_attr
TR01226,train,variant_capacity
TR01227,train,variant_capacity
TR01228,train,variant_color
TR01229,train,variant_pack
TR01230,train,cross_brand_lookalike
TR01231,train,token_block_noise
TR01232,train,variant_capacity
TR01233,train,variant_pack
TR01234,train,variant_color
TR01235,train,cross_brand_lookalike
TR01236,train,variant_color
TR01237,train,token_block_noise
TR01238,train,variant_capacity
TR01239,train,token_block_noise
TR01240,train,accessory_diff_host
TR01241,train,cross_brand_lookalike
TR01242,train,token_block_noise
TR01243,train,cross_brand_lookalike
TR01244,train,token_block_noise
TR01245,train,cross_brand_lookalike
TR01246,train,cross_brand_lookalike
TR01247,train,token_block_noise
TR01248,train,variant_multi_attr
TR01249,train,same_sku
TR01250,train,accessory_vs_host
TR01251,train,random_same_category
TR01252,train,variant_capacity
TR01253,train,variant_size
TR01254,train,accessory_vs_host
TR01255,train,token_block_noise
TR01256,train,variant_pack
TR01257,train,token_block_noise
TR01258,train,same_sku
TR01259,train,variant_multi_attr
TR01260,train,same_sku
TR01261,train,variant_multi_attr
TR01262,train,variant_multi_attr
TR01263,train,token_block_noise
TR01264,train,successor_model
TR01265,train,successor_model
TR01266,train,cross_brand_lookalike
TR01267,train,variant_multi_attr
TR01268,train,cross_brand_lookalike
TR01269,train,cross_brand_lookalike
TR01270,train,accessory_vs_host
TR01271,train,accessory_vs_host
TR01272,train,same_brand_diff_line
TR01273,train,cross_brand_lookalike
TR01274,train,variant_pack
TR01275,train,successor_model
TR01276,train,variant_capacity
TR01277,train,same_sku
TR01278,train,token_block_noise
TR01279,train,token_block_noise
TR01280,train,accessory_diff_host
TR01281,train,token_block_noise
TR01282,train,variant_multi_attr
TR01283,train,same_sku
TR01284,train,token_block_noise
TR01285,train,variant_capacity
TR01286,train,same_sku
TR01287,train,cross_brand_lookalike
TR01288,train,accessory_vs_host
TR01289,train,cross_brand_lookalike
TR01290,train,variant_capacity
TR01291,train,variant_multi_attr
TR01292,train,cross_brand_lookalike
TR01293,train,variant_color
TR01294,train,token_block_noise
TR01295,train,cross_brand_lookalike
TR01296,train,same_sku
TR01297,train,random_same_category
TR01298,train,cross_brand_lookalike
TR01299,train,variant_multi_attr
TR01300,train,cross_brand_lookalike
TR01301,train,cross_brand_lookalike
TR01302,train,successor_model
TR01303,train,successor_model
TR01304,train,variant_capacity
TR01305,train,variant_capacity
TR01306,train,token_block_noise
TR01307,train,variant_capacity
TR01308,train,variant_pack
TR01309,train,variant_color
TR01310,train,variant_multi_attr
TR01311,train,variant_multi_attr
TR01312,train,variant_pack
TR01313,train,accessory_vs_host
TR01314,train,variant_pack
TR01315,train,variant_capacity
TR01316,train,variant_capacity
TR01317,train,token_block_noise
TR01318,train,variant_multi_attr
TR01319,train,token_block_noise
TR01320,train,random_same_category
TR01321,train,same_sku
TR01322,train,variant_color
TR01323,train,variant_capacity
TR01324,train,random_same_category
TR01325,train,accessory_vs_host
TR01326,train,cross_brand_lookalike
TR01327,train,cross_brand_lookalike
TR01328,train,cross_brand_lookalike
TR01329,train,same_sku
TR01330,train,random_same_category
TR01331,train,accessory_vs_host
TR01332,train,token_block_noise
TR01333,train,variant_color
TR01334,train,variant_capacity
TR01335,train,variant_pack
TR01336,train,token_block_noise
TR01337,train,variant_capacity
TR01338,train,random_same_category
TR01339,train,cross_brand_lookalike
TR01340,train,accessory_diff_host
TR01341,train,variant_capacity
TR01342,train,cross_brand_lookalike
TR01343,train,random_same_category
TR01344,train,variant_pack
TR01345,train,accessory_vs_host
TR01346,train,accessory_diff_host
TR01347,train,variant_color
TR01348,train,token_block_noise
TR01349,train,same_brand_diff_line
TR01350,train,cross_brand_lookalike
TR01351,train,cross_brand_lookalike
TR01352,train,variant_capacity
TR01353,train,token_block_noise
TR01354,train,successor_model
TR01355,train,cross_brand_lookalike
TR01356,train,variant_pack
TR01357,train,variant_color
TR01358,train,variant_color
TR01359,train,same_sku
TR01360,train,variant_multi_attr
TR01361,train,variant_color
TR01362,train,variant_pack
TR01363,train,random_same_category
TR01364,train,variant_multi_attr
TR01365,train,same_sku
TR01366,train,same_sku
TR01367,train,cross_brand_lookalike
TR01368,train,variant_pack
TR01369,train,cross_brand_lookalike
TR01370,train,random_same_category
TR01371,train,variant_pack
TR01372,train,variant_color
TR01373,train,variant_pack
TR01374,train,variant_size
TR01375,train,variant_color
TR01376,train,variant_color
TR01377,train,variant_pack
TR01378,train,token_block_noise
TR01379,train,variant_multi_attr
TR01380,train,variant_color
TR01381,train,random_same_category
TR01382,train,cross_brand_lookalike
TR01383,train,accessory_vs_host
TR01384,train,cross_brand_lookalike
TR01385,train,token_block_noise
TR01386,train,token_block_noise
TR01387,train,random_same_category
TR01388,train,token_block_noise
TR01389,train,successor_model
TR01390,train,accessory_diff_host
TR01391,train,variant_color
TR01392,train,token_block_noise
TR01393,train,token_block_noise
TR01394,train,successor_model
TR01395,train,variant_color
TR01396,train,accessory_vs_host
TR01397,train,accessory_vs_host
TR01398,train,token_block_noise
TR01399,train,accessory_vs_host
TR01400,train,variant_color
TR01401,train,accessory_vs_host
TR01402,train,variant_multi_attr
TR01403,train,same_sku
TR01404,train,variant_color
TR01405,train,successor_model
TR01406,train,variant_color
TR01407,train,variant_multi_attr
TR01408,train,successor_model
TR01409,train,variant_capacity
TR01410,train,successor_model
TR01411,train,token_block_noise
TR01412,train,cross_brand_lookalike
TR01413,train,token_block_noise
TR01414,train,cross_brand_lookalike
TR01415,train,same_sku
TR01416,train,variant_capacity
TR01417,train,variant_color
TR01418,train,accessory_vs_host
TR01419,train,variant_capacity
TR01420,train,token_block_noise
TR01421,train,same_sku
TR01422,train,successor_model
TR01423,train,random_same_category
TR01424,train,same_sku
TR01425,train,successor_model
TR01426,train,variant_multi_attr
TR01427,train,variant_multi_attr
TR01428,train,token_block_noise
TR01429,train,cross_brand_lookalike
TR01430,train,cross_brand_lookalike
TR01431,train,random_same_category
TR01432,train,variant_capacity
TR01433,train,accessory_vs_host
TR01434,train,accessory_diff_host
TR01435,train,same_sku
TR01436,train,successor_model
TR01437,train,token_block_noise
TR01438,train,accessory_vs_host
TR01439,train,successor_model
TR01440,train,accessory_vs_host
TR01441,train,random_same_category
TR01442,train,token_block_noise
TR01443,train,random_same_category
TR01444,train,successor_model
TR01445,train,variant_color
TR01446,train,accessory_diff_host
TR01447,train,variant_size
TR01448,train,variant_multi_attr
TR01449,train,variant_pack
TR01450,train,same_sku
TR01451,train,accessory_vs_host
TR01452,train,same_sku
TR01453,train,cross_brand_lookalike
TR01454,train,cross_brand_lookalike
TR01455,train,variant_size
TR01456,train,variant_capacity
TR01457,train,variant_capacity
TR01458,train,variant_multi_attr
TR01459,train,token_block_noise
TR01460,train,variant_color
TR01461,train,cross_brand_lookalike
TR01462,train,cross_brand_lookalike
TR01463,train,cross_brand_lookalike
TR01464,train,cross_brand_lookalike
TR01465,train,variant_color
TR01466,train,token_block_noise
TR01467,train,cross_brand_lookalike
TR01468,train,cross_brand_lookalike
TR01469,train,same_sku
TR01470,train,token_block_noise
TR01471,train,cross_brand_lookalike
TR01472,train,variant_color
TR01473,train,token_block_noise
TR01474,train,token_block_noise
TR01475,train,token_block_noise
TR01476,train,variant_multi_attr
TR01477,train,variant_color
TR01478,train,variant_color
TR01479,train,same_sku
TR01480,train,variant_color
TR01481,train,random_same_category
TR01482,train,token_block_noise
TR01483,train,random_same_category
TR01484,train,token_block_noise
TR01485,train,variant_capacity
TR01486,train,token_block_noise
TR01487,train,variant_color
TR01488,train,variant_color
TR01489,train,random_same_category
TR01490,train,same_sku
TR01491,train,accessory_vs_host
TR01492,train,accessory_vs_host
TR01493,train,cross_brand_lookalike
TR01494,train,same_sku
TR01495,train,variant_color
TR01496,train,variant_capacity
TR01497,train,same_sku
TR01498,train,variant_size
TR01499,train,variant_multi_attr
TR01500,train,variant_multi_attr
TR01501,train,variant_capacity
TR01502,train,accessory_vs_host
TR01503,train,variant_capacity
TR01504,train,same_sku
TR01505,train,token_block_noise
TR01506,train,accessory_diff_host
TR01507,train,token_block_noise
TR01508,train,successor_model
TR01509,train,variant_color
TR01510,train,cross_brand_lookalike
TR01511,train,variant_color
TR01512,train,variant_multi_attr
TR01513,train,variant_capacity
TR01514,train,token_block_noise
TR01515,train,token_block_noise
TR01516,train,random_same_category
TR01517,train,variant_size
TR01518,train,variant_color
TR01519,train,random_same_category
TR01520,train,token_block_noise
TR01521,train,token_block_noise
TR01522,train,same_sku
TR01523,train,accessory_vs_host
TR01524,train,accessory_vs_host
TR01525,train,variant_multi_attr
TR01526,train,same_sku
TR01527,train,variant_color
TR01528,train,cross_brand_lookalike
TR01529,train,variant_capacity
TR01530,train,variant_color
TR01531,train,accessory_vs_host
TR01532,train,variant_capacity
TR01533,train,token_block_noise
TR01534,train,accessory_vs_host
TR01535,train,accessory_vs_host
TR01536,train,same_sku
TR01537,train,cross_brand_lookalike
TR01538,train,accessory_vs_host
TR01539,train,random_same_category
TR01540,train,variant_multi_attr
TR01541,train,successor_model
TR01542,train,variant_pack
TR01543,train,variant_color
TR01544,train,token_block_noise
TR01545,train,cross_brand_lookalike
TR01546,train,token_block_noise
TR01547,train,random_same_category
TR01548,train,accessory_diff_host
TR01549,train,variant_multi_attr
TR01550,train,variant_multi_attr
TR01551,train,variant_capacity
TR01552,train,variant_capacity
TR01553,train,variant_pack
TR01554,train,variant_capacity
TR01555,train,variant_size
TR01556,train,cross_brand_lookalike
TR01557,train,variant_color
TR01558,train,variant_color
TR01559,train,random_same_category
TR01560,train,token_block_noise
TR01561,train,cross_brand_lookalike
TR01562,train,variant_capacity
TR01563,train,same_sku
TR01564,train,cross_brand_lookalike
TR01565,train,token_block_noise
TR01566,train,variant_capacity
TR01567,train,same_sku
TR01568,train,accessory_vs_host
TR01569,train,variant_pack
TR01570,train,token_block_noise
TR01571,train,cross_brand_lookalike
TR01572,train,variant_multi_attr
TR01573,train,accessory_diff_host
TR01574,train,random_same_category
TR01575,train,variant_size
TR01576,train,token_block_noise
TR01577,train,token_block_noise
TR01578,train,token_block_noise
TR01579,train,variant_capacity
TR01580,train,cross_brand_lookalike
TR01581,train,random_same_category
TR01582,train,variant_pack
TR01583,train,variant_size
TR01584,train,variant_color
TR01585,train,variant_color
TR01586,train,token_block_noise
TR01587,train,same_sku
TR01588,train,same_sku
TR01589,train,token_block_noise
TR01590,train,token_block_noise
TR01591,train,variant_color
TR01592,train,accessory_diff_host
TR01593,train,variant_pack
TR01594,train,variant_capacity
TR01595,train,variant_capacity
TR01596,train,cross_brand_lookalike
TR01597,train,random_same_category
TR01598,train,accessory_diff_host
TR01599,train,variant_color
TR01600,train,random_same_category
TR01601,train,same_sku
TR01602,train,variant_capacity
TR01603,train,token_block_noise
TR01604,train,token_block_noise
TR01605,train,accessory_vs_host
TR01606,train,accessory_diff_host
TR01607,train,variant_color
TR01608,train,variant_color
TR01609,train,cross_brand_lookalike
TR01610,train,same_sku
TR01611,train,accessory_vs_host
TR01612,train,variant_color
TR01613,train,cross_brand_lookalike
TR01614,train,variant_capacity
TR01615,train,accessory_vs_host
TR01616,train,token_block_noise
TR01617,train,variant_multi_attr
TR01618,train,cross_brand_lookalike
TR01619,train,cross_brand_lookalike
TR01620,train,accessory_diff_host
TR01621,train,variant_color
TR01622,train,same_sku
TR01623,train,accessory_vs_host
TR01624,train,variant_multi_attr
TR01625,train,variant_size
TR01626,train,random_same_category
TR01627,train,variant_capacity
TR01628,train,cross_brand_lookalike
TR01629,train,variant_multi_attr
TR01630,train,accessory_diff_host
TR01631,train,variant_size
TR01632,train,variant_capacity
TR01633,train,variant_capacity
TR01634,train,token_block_noise
TR01635,train,same_sku
TR01636,train,token_block_noise
TR01637,train,variant_capacity
TR01638,train,variant_multi_attr
TR01639,train,variant_capacity
TR01640,train,variant_capacity
TR01641,train,variant_pack
TR01642,train,token_block_noise
TR01643,train,variant_size
TR01644,train,token_block_noise
TR01645,train,variant_pack
TR01646,train,same_sku
TR01647,train,token_block_noise
TR01648,train,accessory_vs_host
TR01649,train,successor_model
TR01650,train,token_block_noise
TR01651,train,cross_brand_lookalike
TR01652,train,same_sku
TR01653,train,token_block_noise
TR01654,train,cross_brand_lookalike
TR01655,train,same_sku
TR01656,train,variant_capacity
TR01657,train,successor_model
TR01658,train,cross_brand_lookalike
TR01659,train,cross_brand_lookalike
TR01660,train,cross_brand_lookalike
TR01661,train,variant_pack
TR01662,train,token_block_noise
TR01663,train,random_same_category
TR01664,train,token_block_noise
TR01665,train,same_sku
TR01666,train,accessory_diff_host
TR01667,train,variant_capacity
TR01668,train,variant_color
TR01669,train,accessory_vs_host
TR01670,train,variant_color
TR01671,train,cross_brand_lookalike
TR01672,train,variant_multi_attr
TR01673,train,same_sku
TR01674,train,accessory_diff_host
TR01675,train,token_block_noise
TR01676,train,accessory_diff_host
TR01677,train,random_same_category
TR01678,train,accessory_diff_host
TR01679,train,variant_multi_attr
TR01680,train,same_sku
TR01681,train,accessory_vs_host
TR01682,train,variant_capacity
TR01683,train,same_sku
TR01684,train,variant_multi_attr
TR01685,train,cross_brand_lookalike
TR01686,train,random_same_category
TR01687,train,cross_brand_lookalike
TR01688,train,cross_brand_lookalike
TR01689,train,accessory_diff_host
TR01690,train,same_sku
TR01691,train,variant_color
TR01692,train,token_block_noise
TR01693,train,accessory_diff_host
TR01694,train,random_same_category
TR01695,train,cross_brand_lookalike
TR01696,train,variant_capacity
TR01697,train,variant_color
TR01698,train,token_block_noise
TR01699,train,variant_multi_attr
TR01700,train,variant_capacity
TR01701,train,successor_model
TR01702,train,cross_brand_lookalike
TR01703,train,token_block_noise
TR01704,train,token_block_noise
TR01705,train,random_same_category
TR01706,train,variant_color
TR01707,train,accessory_diff_host
TR01708,train,variant_pack
TR01709,train,variant_color
TR01710,train,variant_color
TR01711,train,variant_capacity
TR01712,train,variant_capacity
TR01713,train,same_sku
TR01714,train,accessory_vs_host
TR01715,train,variant_capacity
TR01716,train,cross_brand_lookalike
TR01717,train,same_sku
TR01718,train,same_sku
TR01719,train,same_sku
TR01720,train,variant_color
TR01721,train,token_block_noise
TR01722,train,same_sku
TR01723,train,token_block_noise
TR01724,train,random_same_category
TR01725,train,accessory_vs_host
TR01726,train,accessory_vs_host
TR01727,train,successor_model
TR01728,train,variant_size
TR01729,train,same_sku
TR01730,train,token_block_noise
TR01731,train,variant_pack
TR01732,train,cross_brand_lookalike
TR01733,train,cross_brand_lookalike
TR01734,train,accessory_diff_host
TR01735,train,random_same_category
TR01736,train,same_sku
TR01737,train,same_sku
TR01738,train,same_sku
TR01739,train,accessory_vs_host
TR01740,train,same_sku
TR01741,train,accessory_vs_host
TR01742,train,accessory_vs_host
TR01743,train,variant_multi_attr
TR01744,train,variant_color
TR01745,train,cross_brand_lookalike
TR01746,train,same_sku
TR01747,train,cross_brand_lookalike
TR01748,train,random_same_category
TR01749,train,variant_multi_attr
TR01750,train,accessory_diff_host
TR01751,train,variant_capacity
TR01752,train,variant_pack
TR01753,train,cross_brand_lookalike
TR01754,train,token_block_noise
TR01755,train,same_sku
TR01756,train,variant_color
TR01757,train,variant_multi_attr
TR01758,train,cross_brand_lookalike
TR01759,train,variant_size
TR01760,train,random_same_category
TR01761,train,cross_brand_lookalike
TR01762,train,variant_color
TR01763,train,cross_brand_lookalike
TR01764,train,token_block_noise
TR01765,train,cross_brand_lookalike
TR01766,train,variant_multi_attr
TR01767,train,accessory_vs_host
TR01768,train,accessory_vs_host
TR01769,train,accessory_vs_host
TR01770,train,variant_capacity
TR01771,train,same_sku
TR01772,train,token_block_noise
TR01773,train,successor_model
TR01774,train,variant_color
TR01775,train,variant_pack
TR01776,train,same_sku
TR01777,train,variant_capacity
TR01778,train,successor_model
TR01779,train,variant_capacity
TR01780,train,token_block_noise
TR01781,train,accessory_vs_host
TR01782,train,variant_pack
TR01783,train,variant_color
TR01784,train,accessory_diff_host
TR01785,train,variant_multi_attr
TR01786,train,accessory_vs_host
TR01787,train,token_block_noise
TR01788,train,accessory_vs_host
TR01789,train,token_block_noise
TR01790,train,variant_color
TR01791,train,variant_color
TR01792,train,variant_capacity
TR01793,train,token_block_noise
TR01794,train,variant_multi_attr
TR01795,train,variant_capacity
TR01796,train,variant_size
TR01797,train,variant_multi_attr
TR01798,train,variant_multi_attr
TR01799,train,token_block_noise
TR01800,train,accessory_vs_host
TR01801,train,accessory_vs_host
TR01802,train,variant_multi_attr
TR01803,train,cross_brand_lookalike
TR01804,train,cross_brand_lookalike
TR01805,train,same_sku
TR01806,train,random_same_category
TR01807,train,same_sku
TR01808,train,same_sku
TR01809,train,variant_size
TR01810,train,variant_capacity
TR01811,train,same_brand_diff_line
TR01812,train,accessory_diff_host
TR01813,train,accessory_vs_host
TR01814,train,same_sku
TR01815,train,token_block_noise
TR01816,train,token_block_noise
TR01817,train,random_same_category
TR01818,train,same_sku
TR01819,train,accessory_vs_host
TR01820,train,accessory_vs_host
TR01821,train,variant_pack
TR01822,train,same_sku
TR01823,train,same_sku
TR01824,train,same_sku
TR01825,train,variant_capacity
TR01826,train,variant_multi_attr
TR01827,train,variant_capacity
TR01828,train,same_sku
TR01829,train,token_block_noise
TR01830,train,same_sku
TR01831,train,variant_pack
TR01832,train,random_same_category
TR01833,train,token_block_noise
TR01834,train,token_block_noise
TR01835,train,accessory_vs_host
TR01836,train,token_block_noise
TR01837,train,cross_brand_lookalike
TR01838,train,cross_brand_lookalike
TR01839,train,same_sku
TR01840,train,cross_brand_lookalike
TR01841,train,cross_brand_lookalike
TR01842,train,variant_color
TR01843,train,variant_color
TR01844,train,variant_multi_attr
TR01845,train,cross_brand_lookalike
TR01846,train,variant_capacity
TR01847,train,random_same_category
TR01848,train,accessory_vs_host
TR01849,train,variant_multi_attr
TR01850,train,cross_brand_lookalike
TR01851,train,variant_color
TR01852,train,token_block_noise
TR01853,train,variant_capacity
TR01854,train,token_block_noise
TR01855,train,variant_pack
TR01856,train,variant_size
TR01857,train,token_block_noise
TR01858,train,successor_model
TR01859,train,random_same_category
TR01860,train,token_block_noise
TR01861,train,same_sku
TR01862,train,successor_model
TR01863,train,token_block_noise
TR01864,train,variant_size
TR01865,train,variant_capacity
TR01866,train,variant_multi_attr
TR01867,train,variant_capacity
TR01868,train,token_block_noise
TR01869,train,variant_color
TR01870,train,variant_capacity
TR01871,train,token_block_noise
TR01872,train,cross_brand_lookalike
TR01873,train,variant_multi_attr
TR01874,train,accessory_vs_host
TR01875,train,random_same_category
TR01876,train,same_sku
TR01877,train,accessory_vs_host
TR01878,train,token_block_noise
TR01879,train,random_same_category
TR01880,train,same_sku
TR01881,train,cross_brand_lookalike
TR01882,train,accessory_vs_host
TR01883,train,variant_multi_attr
TR01884,train,random_same_category
TR01885,train,cross_brand_lookalike
TR01886,train,random_same_category
TR01887,train,variant_capacity
TR01888,train,variant_capacity
TR01889,train,random_same_category
TR01890,train,token_block_noise
TR01891,train,accessory_diff_host
TR01892,train,variant_size
TR01893,train,accessory_diff_host
TR01894,train,cross_brand_lookalike
TR01895,train,variant_capacity
TR01896,train,cross_brand_lookalike
TR01897,train,variant_color
TR01898,train,variant_capacity
TR01899,train,variant_capacity
TR01900,train,random_same_category
TR01901,train,variant_capacity
TR01902,train,accessory_vs_host
TR01903,train,accessory_vs_host
TR01904,train,successor_model
TR01905,train,accessory_diff_host
TR01906,train,accessory_vs_host
TR01907,train,same_sku
TR01908,train,cross_brand_lookalike
TR01909,train,random_same_category
TR01910,train,variant_multi_attr
TR01911,train,variant_color
TR01912,train,cross_brand_lookalike
TR01913,train,variant_pack
TR01914,train,accessory_diff_host
TR01915,train,token_block_noise
TR01916,train,same_sku
TR01917,train,variant_multi_attr
TR01918,train,same_sku
TR01919,train,variant_pack
TR01920,train,same_sku
TR01921,train,variant_color
TR01922,train,variant_color
TR01923,train,variant_pack
TR01924,train,variant_color
TR01925,train,random_same_category
TR01926,train,token_block_noise
TR01927,train,token_block_noise
TR01928,train,variant_size
TR01929,train,accessory_vs_host
TR01930,train,random_same_category
TR01931,train,variant_capacity
TR01932,train,variant_pack
TR01933,train,random_same_category
TR01934,train,successor_model
TR01935,train,cross_brand_lookalike
TR01936,train,variant_color
TR01937,train,accessory_vs_host
TR01938,train,cross_brand_lookalike
TR01939,train,accessory_vs_host
TR01940,train,same_sku
TR01941,train,variant_pack
TR01942,train,variant_multi_attr
TR01943,train,variant_pack
TR01944,train,successor_model
TR01945,train,token_block_noise
TR01946,train,variant_color
TR01947,train,variant_capacity
TR01948,train,variant_color
TR01949,train,variant_capacity
TR01950,train,token_block_noise
TR01951,train,token_block_noise
TR01952,train,token_block_noise
TR01953,train,variant_pack
TR01954,train,variant_size
TR01955,train,variant_color
TR01956,train,random_same_category
TR01957,train,cross_brand_lookalike
TR01958,train,same_sku
TR01959,train,variant_capacity
TR01960,train,successor_model
TR01961,train,variant_color
TR01962,train,cross_brand_lookalike
TR01963,train,token_block_noise
TR01964,train,cross_brand_lookalike
TR01965,train,cross_brand_lookalike
TR01966,train,accessory_vs_host
TR01967,train,cross_brand_lookalike
TR01968,train,cross_brand_lookalike
TR01969,train,same_sku
TR01970,train,variant_color
TR01971,train,variant_capacity
TR01972,train,variant_color
TR01973,train,successor_model
TR01974,train,variant_pack
TR01975,train,same_sku
TR01976,train,same_sku
TR01977,train,token_block_noise
TR01978,train,accessory_diff_host
TR01979,train,cross_brand_lookalike
TR01980,train,variant_color
TR01981,train,random_same_category
TR01982,train,same_sku
TR01983,train,random_same_category
TR01984,train,accessory_diff_host
TR01985,train,token_block_noise
TR01986,train,variant_color
TR01987,train,random_same_category
TR01988,train,variant_color
TR01989,train,random_same_category
TR01990,train,variant_color
TR01991,train,same_sku
TR01992,train,variant_color
TR01993,train,random_same_category
TR01994,train,variant_size
TR01995,train,variant_color
TR01996,train,same_sku
TR01997,train,same_sku
TR01998,train,successor_model
TR01999,train,same_brand_diff_line
TR02000,train,token_block_noise
TR02001,train,variant_size
TR02002,train,token_block_noise
TR02003,train,token_block_noise
TR02004,train,variant_capacity
TR02005,train,same_sku
TR02006,train,token_block_noise
TR02007,train,same_sku
TR02008,train,variant_pack
TR02009,train,token_block_noise
TR02010,train,same_sku
TR02011,train,token_block_noise
TR02012,train,same_brand_diff_line
TR02013,train,accessory_vs_host
TR02014,train,variant_size
TR02015,train,accessory_vs_host
TR02016,train,same_sku
TR02017,train,token_block_noise
TR02018,train,cross_brand_lookalike
TR02019,train,variant_capacity
TR02020,train,random_same_category
TR02021,train,token_block_noise
TR02022,train,variant_pack
TR02023,train,variant_color
TR02024,train,token_block_noise
TR02025,train,variant_pack
TR02026,train,accessory_diff_host
TR02027,train,same_sku
TR02028,train,same_sku
TR02029,train,successor_model
TR02030,train,token_block_noise
TR02031,train,cross_brand_lookalike
TR02032,train,token_block_noise
TR02033,train,same_brand_diff_line
TR02034,train,variant_color
TR02035,train,random_same_category
TR02036,train,cross_brand_lookalike
TR02037,train,cross_brand_lookalike
TR02038,train,variant_capacity
TR02039,train,cross_brand_lookalike
TR02040,train,variant_capacity
TR02041,train,variant_capacity
TR02042,train,same_sku
TR02043,train,variant_color
TR02044,train,variant_pack
TR02045,train,token_block_noise
TR02046,train,cross_brand_lookalike
TR02047,train,accessory_vs_host
TR02048,train,variant_multi_attr
TR02049,train,token_block_noise
TR02050,train,accessory_diff_host
TR02051,train,variant_color
TR02052,train,accessory_vs_host
TR02053,train,cross_brand_lookalike
TR02054,train,same_sku
TR02055,train,variant_multi_attr
TR02056,train,random_same_category
TR02057,train,token_block_noise
TR02058,train,variant_color
TR02059,train,random_same_category
TR02060,train,cross_brand_lookalike
TR02061,train,variant_size
TR02062,train,same_sku
TR02063,train,accessory_diff_host
TR02064,train,token_block_noise
TR02065,train,variant_color
TR02066,train,cross_brand_lookalike
TR02067,train,cross_brand_lookalike
TR02068,train,cross_brand_lookalike
TR02069,train,accessory_vs_host
TR02070,train,variant_color
TR02071,train,token_block_noise
TR02072,train,variant_multi_attr
TR02073,train,variant_capacity
TR02074,train,variant_pack
TR02075,train,variant_capacity
TR02076,train,variant_pack
TR02077,train,cross_brand_lookalike
TR02078,train,variant_capacity
TR02079,train,variant_capacity
TR02080,train,variant_color
TR02081,train,same_sku
TR02082,train,accessory_vs_host
TR02083,train,accessory_vs_host
TR02084,train,variant_capacity
TR02085,train,variant_color
TR02086,train,variant_multi_attr
TR02087,train,accessory_diff_host
TR02088,train,cross_brand_lookalike
TR02089,train,variant_multi_attr
TR02090,train,same_sku
TR02091,train,token_block_noise
TR02092,train,same_sku
TR02093,train,accessory_vs_host
TR02094,train,variant_color
TR02095,train,same_brand_diff_line
TR02096,train,random_same_category
TR02097,train,successor_model
TR02098,train,token_block_noise
TR02099,train,variant_color
TR02100,train,variant_color
TR02101,train,random_same_category
TR02102,train,accessory_vs_host
TR02103,train,variant_capacity
TR02104,train,same_sku
TR02105,train,variant_multi_attr
TR02106,train,cross_brand_lookalike
TR02107,train,same_sku
TR02108,train,cross_brand_lookalike
TR02109,train,token_block_noise
TR02110,train,cross_brand_lookalike
TR02111,train,random_same_category
TR02112,train,same_sku
TR02113,train,random_same_category
TR02114,train,variant_color
TR02115,train,same_sku
TR02116,train,token_block_noise
TR02117,train,variant_color
TR02118,train,token_block_noise
TR02119,train,token_block_noise
TR02120,train,variant_color
TR02121,train,random_same_category
TR02122,train,random_same_category
TR02123,train,cross_brand_lookalike
TR02124,train,cross_brand_lookalike
TR02125,train,accessory_vs_host
TR02126,train,cross_brand_lookalike
TR02127,train,token_block_noise
TR02128,train,same_sku
TR02129,train,same_sku
TR02130,train,cross_brand_lookalike
TR02131,train,cross_brand_lookalike
TR02132,train,cross_brand_lookalike
TR02133,train,variant_capacity
TR02134,train,same_sku
TR02135,train,variant_capacity
TR02136,train,random_same_category
TR02137,train,variant_pack
TR02138,train,same_sku
TR02139,train,variant_color
TR02140,train,accessory_diff_host
TR02141,train,random_same_category
TR02142,train,variant_multi_attr
TR02143,train,cross_brand_lookalike
TR02144,train,same_sku
TR02145,train,same_sku
TR02146,train,accessory_vs_host
TR02147,train,random_same_category
TR02148,train,variant_multi_attr
TR02149,train,variant_capacity
TR02150,train,variant_capacity
TR02151,train,accessory_vs_host
TR02152,train,variant_color
TR02153,train,variant_color
TR02154,train,same_sku
TR02155,train,successor_model
TR02156,train,variant_capacity
TR02157,train,token_block_noise
TR02158,train,successor_model
TR02159,train,random_same_category
TR02160,train,random_same_category
TR02161,train,cross_brand_lookalike
TR02162,train,variant_multi_attr
TR02163,train,accessory_vs_host
TR02164,train,variant_color
TR02165,train,accessory_vs_host
TR02166,train,same_sku
TR02167,train,variant_multi_attr
TR02168,train,same_sku
TR02169,train,variant_size
TR02170,train,cross_brand_lookalike
TR02171,train,variant_color
TR02172,train,variant_capacity
TR02173,train,variant_capacity
TR02174,train,token_block_noise
TR02175,train,variant_capacity
TR02176,train,cross_brand_lookalike
TR02177,train,variant_color
TR02178,train,same_sku
TR02179,train,accessory_vs_host
TR02180,train,variant_capacity
TR02181,train,variant_color
TR02182,train,random_same_category
TR02183,train,accessory_vs_host
TR02184,train,variant_pack
TR02185,train,variant_multi_attr
TR02186,train,token_block_noise
TR02187,train,variant_color
TR02188,train,token_block_noise
TR02189,train,variant_capacity
TR02190,train,cross_brand_lookalike
TR02191,train,token_block_noise
TR02192,train,cross_brand_lookalike
TR02193,train,same_sku
TR02194,train,token_block_noise
TR02195,train,cross_brand_lookalike
TR02196,train,same_sku
TR02197,train,variant_color
TR02198,train,cross_brand_lookalike
TR02199,train,same_sku
TR02200,train,variant_capacity
TR02201,train,variant_multi_attr
TR02202,train,variant_capacity
TR02203,train,accessory_vs_host
TR02204,train,accessory_vs_host
TR02205,train,variant_color
TR02206,train,variant_color
TR02207,train,successor_model
TR02208,train,cross_brand_lookalike
TR02209,train,cross_brand_lookalike
TR02210,train,accessory_diff_host
TR02211,train,variant_color
TR02212,train,variant_color
TR02213,train,variant_color
TR02214,train,same_sku
TR02215,train,variant_color
TR02216,train,cross_brand_lookalike
TR02217,train,token_block_noise
TR02218,train,variant_pack
TR02219,train,successor_model
TR02220,train,token_block_noise
TR02221,train,token_block_noise
TR02222,train,cross_brand_lookalike
TR02223,train,random_same_category
TR02224,train,variant_color
TR02225,train,successor_model
TR02226,train,token_block_noise
TR02227,train,same_brand_diff_line
TR02228,train,same_brand_diff_line
TR02229,train,random_same_category
TR02230,train,variant_pack
TR02231,train,successor_model
TR02232,train,token_block_noise
TR02233,train,same_sku
TR02234,train,cross_brand_lookalike
TR02235,train,variant_color
TR02236,train,cross_brand_lookalike
TR02237,train,token_block_noise
TR02238,train,same_sku
TR02239,train,variant_capacity
TR02240,train,variant_color
TR02241,train,cross_brand_lookalike
TR02242,train,same_sku
TR02243,train,cross_brand_lookalike
TR02244,train,successor_model
TR02245,train,accessory_diff_host
TR02246,train,token_block_noise
TR02247,train,successor_model
TR02248,train,variant_pack
TR02249,train,successor_model
TR02250,train,variant_pack
TR02251,train,same_sku
TR02252,train,token_block_noise
TR02253,train,variant_capacity
TR02254,train,same_sku
TR02255,train,same_sku
TR02256,train,same_sku
TR02257,train,variant_color
TR02258,train,accessory_diff_host
TR02259,train,variant_color
TR02260,train,cross_brand_lookalike
TR02261,train,variant_pack
TR02262,train,same_sku
TR02263,train,variant_capacity
TR02264,train,random_same_category
TR02265,train,same_brand_diff_line
TR02266,train,cross_brand_lookalike
TR02267,train,random_same_category
TR02268,train,variant_color
TR02269,train,variant_capacity
TR02270,train,same_sku
TR02271,train,token_block_noise
TR02272,train,accessory_diff_host
TR02273,train,variant_capacity
TR02274,train,variant_capacity
TR02275,train,cross_brand_lookalike
TR02276,train,same_sku
TR02277,train,random_same_category
TR02278,train,variant_color
TR02279,train,random_same_category
TR02280,train,same_brand_diff_line
TR02281,train,random_same_category
TR02282,train,cross_brand_lookalike
TR02283,train,variant_color
TR02284,train,successor_model
TR02285,train,accessory_vs_host
TR02286,train,cross_brand_lookalike
TR02287,train,cross_brand_lookalike
TR02288,train,random_same_category
TR02289,train,variant_multi_attr
TR02290,train,token_block_noise
TR02291,train,random_same_category
TR02292,train,variant_pack
TR02293,train,variant_color
TR02294,train,random_same_category
TR02295,train,variant_multi_attr
TR02296,train,accessory_vs_host
TR02297,train,variant_color
TR02298,train,token_block_noise
TR02299,train,variant_multi_attr
TR02300,train,successor_model
TR02301,train,variant_pack
TR02302,train,cross_brand_lookalike
TR02303,train,cross_brand_lookalike
TR02304,train,accessory_vs_host
TR02305,train,token_block_noise
TR02306,train,cross_brand_lookalike
TR02307,train,variant_multi_attr
TR02308,train,random_same_category
TR02309,train,token_block_noise
TR02310,train,accessory_diff_host
TR02311,train,accessory_vs_host
TR02312,train,token_block_noise
TR02313,train,variant_color
TR02314,train,same_sku
TR02315,train,same_sku
TR02316,train,token_block_noise
TR02317,train,accessory_vs_host
TR02318,train,cross_brand_lookalike
TR02319,train,random_same_category
TR02320,train,same_sku
TR02321,train,same_sku
TR02322,train,token_block_noise
TR02323,train,variant_color
TR02324,train,variant_color
TR02325,train,variant_color
TR02326,train,accessory_vs_host
TR02327,train,variant_multi_attr
TR02328,train,variant_size
TR02329,train,variant_multi_attr
TR02330,train,accessory_vs_host
TR02331,train,accessory_vs_host
TR02332,train,random_same_category
TR02333,train,same_sku
TR02334,train,cross_brand_lookalike
TR02335,train,variant_color
TR02336,train,token_block_noise
TR02337,train,random_same_category
TR02338,train,accessory_vs_host
TR02339,train,token_block_noise
TR02340,train,cross_brand_lookalike
TR02341,train,variant_color
TR02342,train,cross_brand_lookalike
TR02343,train,variant_capacity
TR02344,train,accessory_vs_host
TR02345,train,accessory_diff_host
TR02346,train,successor_model
TR02347,train,variant_capacity
TR02348,train,variant_capacity
TR02349,train,accessory_vs_host
TR02350,train,token_block_noise
TR02351,train,variant_pack
TR02352,train,token_block_noise
TR02353,train,variant_pack
TR02354,train,token_block_noise
TR02355,train,token_block_noise
TR02356,train,accessory_vs_host
TR02357,train,token_block_noise
TR02358,train,same_sku
TR02359,train,variant_color
TR02360,train,cross_brand_lookalike
TR02361,train,variant_color
TR02362,train,variant_color
TR02363,train,token_block_noise
TR02364,train,cross_brand_lookalike
TR02365,train,cross_brand_lookalike
TR02366,train,variant_pack
TR02367,train,token_block_noise
TR02368,train,cross_brand_lookalike
TR02369,train,successor_model
TR02370,train,token_block_noise
TR02371,train,variant_multi_attr
TR02372,train,same_sku
TR02373,train,variant_color
TR02374,train,accessory_vs_host
TR02375,train,variant_color
TR02376,train,cross_brand_lookalike
TR02377,train,same_sku
TR02378,train,successor_model
TR02379,train,token_block_noise
TR02380,train,token_block_noise
TR02381,train,variant_capacity
TR02382,train,token_block_noise
TR02383,train,cross_brand_lookalike
TR02384,train,variant_size
TR02385,train,same_sku
TR02386,train,variant_capacity
TR02387,train,cross_brand_lookalike
TR02388,train,cross_brand_lookalike
TR02389,train,cross_brand_lookalike
TR02390,train,variant_color
TR02391,train,same_sku
TR02392,train,same_sku
TR02393,train,variant_size
TR02394,train,random_same_category
TR02395,train,random_same_category
TR02396,train,random_same_category
TR02397,train,token_block_noise
TR02398,train,variant_color
TR02399,train,variant_capacity
TR02400,train,cross_brand_lookalike
TR02401,train,variant_multi_attr
TR02402,train,variant_pack
TR02403,train,token_block_noise
TR02404,train,accessory_diff_host
TR02405,train,variant_color
TR02406,train,same_sku
TR02407,train,cross_brand_lookalike
TR02408,train,same_sku
TR02409,train,variant_capacity
TR02410,train,token_block_noise
TR02411,train,token_block_noise
TR02412,train,cross_brand_lookalike
TR02413,train,cross_brand_lookalike
TR02414,train,cross_brand_lookalike
TR02415,train,accessory_vs_host
TR02416,train,variant_pack
TR02417,train,same_sku
TR02418,train,cross_brand_lookalike
TR02419,train,variant_capacity
TR02420,train,variant_color
TR02421,train,random_same_category
TR02422,train,same_sku
TR02423,train,variant_color
TR02424,train,variant_pack
TR02425,train,successor_model
TR02426,train,token_block_noise
TR02427,train,accessory_vs_host
TR02428,train,accessory_vs_host
TR02429,train,variant_color
TR02430,train,variant_capacity
TR02431,train,cross_brand_lookalike
TR02432,train,cross_brand_lookalike
TR02433,train,variant_capacity
TR02434,train,successor_model
TR02435,train,variant_pack
TR02436,train,token_block_noise
TR02437,train,variant_color
TR02438,train,cross_brand_lookalike
TR02439,train,same_sku
TR02440,train,variant_capacity
TR02441,train,token_block_noise
TR02442,train,variant_size
TR02443,train,successor_model
TR02444,train,token_block_noise
TR02445,train,variant_color
TR02446,train,same_sku
TR02447,train,variant_pack
TR02448,train,variant_pack
TR02449,train,variant_multi_attr
TR02450,train,cross_brand_lookalike
TR02451,train,variant_color
TR02452,train,same_sku
TR02453,train,cross_brand_lookalike
TR02454,train,token_block_noise
TR02455,train,token_block_noise
TR02456,train,cross_brand_lookalike
TR02457,train,accessory_vs_host
TR02458,train,cross_brand_lookalike
TR02459,train,variant_capacity
TR02460,train,cross_brand_lookalike
TR02461,train,variant_color
TR02462,train,random_same_category
TR02463,train,same_sku
TR02464,train,variant_multi_attr
TR02465,train,successor_model
TR02466,train,accessory_vs_host
TR02467,train,cross_brand_lookalike
TR02468,train,same_sku
TR02469,train,variant_color
TR02470,train,variant_capacity
TR02471,train,accessory_diff_host
TR02472,train,accessory_diff_host
TR02473,train,variant_capacity
TR02474,train,variant_pack
TR02475,train,cross_brand_lookalike
TR02476,train,same_sku
TR02477,train,accessory_diff_host
TR02478,train,same_sku
TR02479,train,variant_pack
TR02480,train,variant_capacity
TR02481,train,accessory_vs_host
TR02482,train,token_block_noise
TR02483,train,accessory_vs_host
TR02484,train,random_same_category
TR02485,train,cross_brand_lookalike
TR02486,train,same_brand_diff_line
TR02487,train,accessory_vs_host
TR02488,train,cross_brand_lookalike
TR02489,train,token_block_noise
TR02490,train,cross_brand_lookalike
TR02491,train,variant_multi_attr
TR02492,train,cross_brand_lookalike
TR02493,train,variant_color
TR02494,train,cross_brand_lookalike
TR02495,train,token_block_noise
TR02496,train,variant_multi_attr
TR02497,train,variant_capacity
TR02498,train,cross_brand_lookalike
TR02499,train,variant_size
TR02500,train,cross_brand_lookalike
TR02501,train,variant_capacity
TR02502,train,variant_pack
TR02503,train,variant_color
TR02504,train,variant_color
TR02505,train,variant_color
TR02506,train,variant_color
TR02507,train,cross_brand_lookalike
TR02508,train,accessory_vs_host
TR02509,train,cross_brand_lookalike
TR02510,train,accessory_vs_host
TR02511,train,variant_color
TR02512,train,variant_multi_attr
TR02513,train,accessory_vs_host
TR02514,train,token_block_noise
TR02515,train,variant_pack
TR02516,train,variant_capacity
TR02517,train,variant_pack
TR02518,train,variant_color
TR02519,train,cross_brand_lookalike
TR02520,train,token_block_noise
TR02521,train,variant_size
TR02522,train,cross_brand_lookalike
TR02523,train,random_same_category
TR02524,train,successor_model
TR02525,train,token_block_noise
TR02526,train,cross_brand_lookalike
TR02527,train,successor_model
TR02528,train,successor_model
TR02529,train,variant_multi_attr
TR02530,train,variant_color
TR02531,train,token_block_noise
TR02532,train,variant_color
TR02533,train,cross_brand_lookalike
TR02534,train,cross_brand_lookalike
TR02535,train,variant_capacity
TR02536,train,variant_size
TR02537,train,token_block_noise
TR02538,train,token_block_noise
TR02539,train,same_sku
TR02540,train,variant_color
TR02541,train,successor_model
TR02542,train,same_sku
TR02543,train,variant_color
TR02544,train,token_block_noise
TR02545,train,variant_color
TR02546,train,successor_model
TR02547,train,variant_capacity
TR02548,train,variant_pack
TR02549,train,variant_multi_attr
TR02550,train,variant_multi_attr
TR02551,train,variant_pack
TR02552,train,token_block_noise
TR02553,train,variant_capacity
TR02554,train,variant_color
TR02555,train,variant_multi_attr
TR02556,train,variant_capacity
TR02557,train,successor_model
TR02558,train,variant_color
TR02559,train,cross_brand_lookalike
TR02560,train,token_block_noise
TR02561,train,accessory_diff_host
TR02562,train,cross_brand_lookalike
TR02563,train,cross_brand_lookalike
TR02564,train,successor_model
TR02565,train,variant_color
TR02566,train,token_block_noise
TR02567,train,successor_model
TR02568,train,accessory_vs_host
TR02569,train,token_block_noise
TR02570,train,successor_model
TR02571,train,variant_pack
TR02572,train,variant_multi_attr
TR02573,train,same_sku
TR02574,train,cross_brand_lookalike
TR02575,train,same_sku
TR02576,train,accessory_vs_host
TR02577,train,same_sku
TR02578,train,variant_multi_attr
TR02579,train,variant_capacity
TR02580,train,token_block_noise
TR02581,train,accessory_diff_host
TR02582,train,variant_color
TR02583,train,variant_capacity
TR02584,train,same_sku
TR02585,train,cross_brand_lookalike
TR02586,train,variant_color
TR02587,train,accessory_diff_host
TR02588,train,successor_model
TR02589,train,random_same_category
TR02590,train,successor_model
TR02591,train,variant_multi_attr
TR02592,train,same_sku
TR02593,train,token_block_noise
TR02594,train,random_same_category
TR02595,train,token_block_noise
TR02596,train,cross_brand_lookalike
TR02597,train,variant_capacity
TR02598,train,variant_pack
TR02599,train,variant_multi_attr
TR02600,train,variant_color
TR02601,train,same_sku
TR02602,train,variant_pack
TR02603,train,cross_brand_lookalike
TR02604,train,variant_capacity
TR02605,train,same_sku
TR02606,train,variant_color
TR02607,train,variant_capacity
TR02608,train,token_block_noise
TR02609,train,variant_multi_attr
TR02610,train,variant_color
TR02611,train,variant_multi_attr
TR02612,train,token_block_noise
TR02613,train,variant_multi_attr
TR02614,train,variant_pack
TR02615,train,variant_multi_attr
TR02616,train,token_block_noise
TR02617,train,cross_brand_lookalike
TR02618,train,accessory_vs_host
TR02619,train,variant_multi_attr
TR02620,train,variant_capacity
TR02621,train,same_sku
TR02622,train,same_sku
TR02623,train,successor_model
TR02624,train,variant_pack
TR02625,train,cross_brand_lookalike
TR02626,train,variant_color
TR02627,train,token_block_noise
TR02628,train,variant_pack
TR02629,train,token_block_noise
TR02630,train,random_same_category
TR02631,train,variant_pack
TR02632,train,successor_model
TR02633,train,token_block_noise
TR02634,train,variant_color
TR02635,train,variant_capacity
TR02636,train,variant_color
TR02637,train,variant_color
TR02638,train,variant_color
TR02639,train,cross_brand_lookalike
TR02640,train,random_same_category
TR02641,train,cross_brand_lookalike
TR02642,train,same_sku
TR02643,train,same_brand_diff_line
TR02644,train,variant_color
TR02645,train,random_same_category
TR02646,train,token_block_noise
TR02647,train,same_brand_diff_line
TR02648,train,cross_brand_lookalike
TR02649,train,token_block_noise
TR02650,train,token_block_noise
TR02651,train,same_sku
TR02652,train,variant_color
TR02653,train,random_same_category
TR02654,train,token_block_noise
TR02655,train,token_block_noise
TR02656,train,variant_multi_attr
TR02657,train,same_sku
TR02658,train,same_brand_diff_line
TR02659,train,same_sku
TR02660,train,accessory_vs_host
TR02661,train,random_same_category
TR02662,train,variant_multi_attr
TR02663,train,variant_color
TR02664,train,cross_brand_lookalike
TR02665,train,cross_brand_lookalike
TR02666,train,random_same_category
TR02667,train,accessory_vs_host
TR02668,train,accessory_vs_host
TR02669,train,variant_color
TR02670,train,token_block_noise
TR02671,train,variant_capacity
TR02672,train,cross_brand_lookalike
TR02673,train,variant_capacity
TR02674,train,same_sku
TR02675,train,variant_color
TR02676,train,cross_brand_lookalike
TR02677,train,variant_multi_attr
TR02678,train,variant_color
TR02679,train,variant_color
TR02680,train,token_block_noise
TR02681,train,variant_capacity
TR02682,train,token_block_noise
TR02683,train,accessory_diff_host
TR02684,train,variant_pack
TR02685,train,successor_model
TR02686,train,variant_multi_attr
TR02687,train,random_same_category
TR02688,train,variant_pack
TR02689,train,random_same_category
TR02690,train,same_sku
TR02691,train,variant_pack
TR02692,train,token_block_noise
TR02693,train,variant_pack
TR02694,train,accessory_diff_host
TR02695,train,variant_color
TR02696,train,accessory_vs_host
TR02697,train,token_block_noise
TR02698,train,variant_size
TR02699,train,accessory_diff_host
TR02700,train,variant_pack
TR02701,train,same_sku
TR02702,train,token_block_noise
TR02703,train,variant_pack
TR02704,train,cross_brand_lookalike
TR02705,train,token_block_noise
TR02706,train,same_sku
TR02707,train,same_sku
TR02708,train,cross_brand_lookalike
TR02709,train,accessory_diff_host
TR02710,train,variant_color
TR02711,train,same_sku
TR02712,train,token_block_noise
TR02713,train,successor_model
TR02714,train,same_sku
TR02715,train,same_sku
TR02716,train,same_sku
TR02717,train,variant_color
TR02718,train,same_sku
TR02719,train,variant_capacity
TR02720,train,variant_color
TR02721,train,token_block_noise
TR02722,train,successor_model
TR02723,train,token_block_noise
TR02724,train,token_block_noise
TR02725,train,token_block_noise
TR02726,train,token_block_noise
TR02727,train,accessory_vs_host
TR02728,train,accessory_diff_host
TR02729,train,random_same_category
TR02730,train,token_block_noise
TR02731,train,random_same_category
TR02732,train,variant_multi_attr
TR02733,train,variant_multi_attr
TR02734,train,variant_pack
TR02735,train,variant_size
TR02736,train,variant_capacity
TR02737,train,cross_brand_lookalike
TR02738,train,variant_color
TR02739,train,cross_brand_lookalike
TR02740,train,variant_color
TR02741,train,random_same_category
TR02742,train,successor_model
TR02743,train,variant_size
TR02744,train,token_block_noise
TR02745,train,token_block_noise
TR02746,train,cross_brand_lookalike
TR02747,train,accessory_vs_host
TR02748,train,random_same_category
TR02749,train,token_block_noise
TR02750,train,accessory_diff_host
TR02751,train,cross_brand_lookalike
TR02752,train,token_block_noise
TR02753,train,variant_color
TR02754,train,token_block_noise
TR02755,train,variant_capacity
TR02756,train,accessory_vs_host
TR02757,train,variant_size
TR02758,train,same_sku
TR02759,train,successor_model
TR02760,train,variant_capacity
TR02761,train,variant_color
TR02762,train,random_same_category
TR02763,train,variant_multi_attr
TR02764,train,token_block_noise
TR02765,train,variant_capacity
TR02766,train,accessory_vs_host
TR02767,train,cross_brand_lookalike
TR02768,train,token_block_noise
TR02769,train,token_block_noise
TR02770,train,successor_model
TR02771,train,random_same_category
TR02772,train,variant_capacity
TR02773,train,same_sku
TR02774,train,successor_model
TR02775,train,random_same_category
TR02776,train,same_sku
TR02777,train,token_block_noise
TR02778,train,variant_capacity
TR02779,train,accessory_vs_host
TR02780,train,variant_color
TR02781,train,variant_color
TR02782,train,cross_brand_lookalike
TR02783,train,variant_capacity
TR02784,train,token_block_noise
TR02785,train,variant_multi_attr
TR02786,train,same_sku
TR02787,train,random_same_category
TR02788,train,same_sku
TR02789,train,successor_model
TR02790,train,same_sku
TR02791,train,cross_brand_lookalike
TR02792,train,accessory_vs_host
TR02793,train,accessory_vs_host
TR02794,train,token_block_noise
TR02795,train,variant_pack
TR02796,train,token_block_noise
TR02797,train,token_block_noise
TR02798,train,same_sku
TR02799,train,same_sku
TR02800,train,same_sku
TR02801,train,variant_capacity
TR02802,train,variant_pack
TR02803,train,accessory_diff_host
TR02804,train,same_sku
TR02805,train,token_block_noise
TR02806,train,accessory_vs_host
TR02807,train,variant_pack
TR02808,train,variant_multi_attr
TR02809,train,accessory_vs_host
TR02810,train,variant_capacity
TR02811,train,variant_multi_attr
TR02812,train,variant_capacity
TR02813,train,cross_brand_lookalike
TR02814,train,variant_size
TR02815,train,token_block_noise
TR02816,train,cross_brand_lookalike
TR02817,train,same_sku
TR02818,train,cross_brand_lookalike
TR02819,train,random_same_category
TR02820,train,accessory_vs_host
TR02821,train,variant_capacity
TR02822,train,variant_color
TR02823,train,token_block_noise
TR02824,train,token_block_noise
TR02825,train,variant_pack
TR02826,train,token_block_noise
TR02827,train,variant_pack
TR02828,train,accessory_vs_host
TR02829,train,cross_brand_lookalike
TR02830,train,variant_color
TR02831,train,variant_color
TR02832,train,successor_model
TR02833,train,same_sku
TR02834,train,same_sku
TR02835,train,cross_brand_lookalike
TR02836,train,successor_model
TR02837,train,variant_color
TR02838,train,random_same_category
TR02839,train,accessory_vs_host
TR02840,train,variant_color
TR02841,train,token_block_noise
TR02842,train,accessory_diff_host
TR02843,train,token_block_noise
TR02844,train,cross_brand_lookalike
TR02845,train,accessory_diff_host
TR02846,train,variant_capacity
TR02847,train,accessory_vs_host
TR02848,train,accessory_vs_host
TR02849,train,same_sku
TR02850,train,random_same_category
TR02851,train,cross_brand_lookalike
TR02852,train,variant_color
TR02853,train,variant_color
TR02854,train,variant_color
TR02855,train,token_block_noise
TR02856,train,cross_brand_lookalike
TR02857,train,same_sku
TR02858,train,cross_brand_lookalike
TR02859,train,random_same_category
TR02860,train,token_block_noise
TR02861,train,variant_multi_attr
TR02862,train,cross_brand_lookalike
TR02863,train,variant_multi_attr
TR02864,train,accessory_vs_host
TR02865,train,same_sku
TR02866,train,token_block_noise
TR02867,train,accessory_diff_host
TR02868,train,variant_multi_attr
TR02869,train,same_sku
TR02870,train,same_sku
TR02871,train,variant_pack
TR02872,train,variant_color
TR02873,train,token_block_noise
TR02874,train,cross_brand_lookalike
TR02875,train,variant_capacity
TR02876,train,variant_capacity
TR02877,train,same_sku
TR02878,train,same_sku
TR02879,train,same_sku
TR02880,train,same_sku
TR02881,train,variant_multi_attr
TR02882,train,variant_size
TR02883,train,variant_color
TR02884,train,variant_capacity
TR02885,train,cross_brand_lookalike
TR02886,train,variant_multi_attr
TR02887,train,cross_brand_lookalike
TR02888,train,random_same_category
TR02889,train,variant_color
TR02890,train,token_block_noise
TR02891,train,variant_multi_attr
TR02892,train,cross_brand_lookalike
TR02893,train,random_same_category
TR02894,train,variant_multi_attr
TR02895,train,cross_brand_lookalike
TR02896,train,variant_capacity
TR02897,train,variant_pack
TR02898,train,variant_capacity
TR02899,train,variant_capacity
TR02900,train,variant_size
TR02901,train,cross_brand_lookalike
TR02902,train,variant_capacity
TR02903,train,token_block_noise
TR02904,train,token_block_noise
TR02905,train,variant_pack
TR02906,train,variant_capacity
TR02907,train,same_sku
TR02908,train,variant_multi_attr
TR02909,train,variant_color
TR02910,train,variant_multi_attr
TR02911,train,cross_brand_lookalike
TR02912,train,variant_capacity
TR02913,train,variant_color
TR02914,train,variant_pack
TR02915,train,variant_pack
TR02916,train,random_same_category
TR02917,train,variant_pack
TR02918,train,same_brand_diff_line
TR02919,train,random_same_category
TR02920,train,same_brand_diff_line
TR02921,train,variant_color
TR02922,train,token_block_noise
TR02923,train,variant_capacity
TR02924,train,variant_multi_attr
TR02925,train,same_sku
TR02926,train,random_same_category
TR02927,train,variant_capacity
TR02928,train,accessory_vs_host
TR02929,train,same_sku
TR02930,train,variant_pack
TR02931,train,variant_color
TR02932,train,variant_color
TR02933,train,variant_color
TR02934,train,accessory_vs_host
TR02935,train,variant_color
TR02936,train,variant_capacity
TR02937,train,token_block_noise
TR02938,train,same_sku
TR02939,train,accessory_vs_host
TR02940,train,same_sku
TR02941,train,accessory_vs_host
TR02942,train,accessory_vs_host
TR02943,train,variant_size
TR02944,train,same_sku
TR02945,train,token_block_noise
TR02946,train,token_block_noise
TR02947,train,same_sku
TR02948,train,accessory_vs_host
TR02949,train,variant_multi_attr
TR02950,train,token_block_noise
TR02951,train,successor_model
TR02952,train,token_block_noise
TR02953,train,same_sku
TR02954,train,token_block_noise
TR02955,train,variant_capacity
TR02956,train,token_block_noise
TR02957,train,cross_brand_lookalike
TR02958,train,same_sku
TR02959,train,token_block_noise
TR02960,train,accessory_diff_host
TR02961,train,cross_brand_lookalike
TR02962,train,token_block_noise
TR02963,train,variant_color
TR02964,train,variant_color
TR02965,train,token_block_noise
TR02966,train,successor_model
TR02967,train,accessory_vs_host
TR02968,train,token_block_noise
TR02969,train,token_block_noise
TR02970,train,successor_model
TR02971,train,accessory_diff_host
TR02972,train,variant_color
TR02973,train,variant_multi_attr
TR02974,train,cross_brand_lookalike
TR02975,train,token_block_noise
TR02976,train,variant_multi_attr
TR02977,train,same_sku
TR02978,train,same_sku
TR02979,train,variant_color
TR02980,train,variant_capacity
TR02981,train,accessory_vs_host
TR02982,train,variant_color
TR02983,train,variant_color
TR02984,train,cross_brand_lookalike
TR02985,train,accessory_diff_host
TR02986,train,successor_model
TR02987,train,variant_pack
TR02988,train,token_block_noise
TR02989,train,variant_multi_attr
TR02990,train,accessory_vs_host
TR02991,train,random_same_category
TR02992,train,cross_brand_lookalike
TR02993,train,token_block_noise
TR02994,train,random_same_category
TR02995,train,token_block_noise
TR02996,train,cross_brand_lookalike
TR02997,train,variant_capacity
TR02998,train,variant_pack
TR02999,train,variant_color
TR03000,train,variant_capacity
TR03001,train,variant_color
TR03002,train,variant_capacity
TR03003,train,variant_pack
TR03004,train,random_same_category
TR03005,train,variant_pack
TR03006,train,accessory_diff_host
TR03007,train,accessory_vs_host
TR03008,train,token_block_noise
TR03009,train,variant_color
TR03010,train,variant_capacity
TR03011,train,variant_color
TR03012,train,same_sku
TR03013,train,token_block_noise
TR03014,train,variant_color
TR03015,train,successor_model
TR03016,train,cross_brand_lookalike
TR03017,train,accessory_diff_host
TR03018,train,variant_capacity
TR03019,train,random_same_category
TR03020,train,variant_multi_attr
TR03021,train,token_block_noise
TR03022,train,variant_multi_attr
TR03023,train,variant_capacity
TR03024,train,accessory_diff_host
TR03025,train,random_same_category
TR03026,train,variant_capacity
TR03027,train,cross_brand_lookalike
TR03028,train,random_same_category
TR03029,train,successor_model
TR03030,train,same_sku
TR03031,train,cross_brand_lookalike
TR03032,train,variant_pack
TR03033,train,variant_color
TR03034,train,variant_capacity
TR03035,train,variant_color
TR03036,train,variant_color
TR03037,train,cross_brand_lookalike
TR03038,train,variant_size
TR03039,train,variant_pack
TR03040,train,variant_multi_attr
TR03041,train,variant_color
TR03042,train,accessory_diff_host
TR03043,train,token_block_noise
TR03044,train,token_block_noise
TR03045,train,cross_brand_lookalike
TR03046,train,accessory_diff_host
TR03047,train,variant_color
TR03048,train,token_block_noise
TR03049,train,accessory_vs_host
TR03050,train,random_same_category
TR03051,train,same_sku
TR03052,train,variant_multi_attr
TR03053,train,successor_model
TR03054,train,cross_brand_lookalike
TR03055,train,token_block_noise
TR03056,train,same_sku
TR03057,train,accessory_vs_host
TR03058,train,variant_multi_attr
TR03059,train,cross_brand_lookalike
TR03060,train,token_block_noise
TR03061,train,variant_color
TR03062,train,same_sku
TR03063,train,variant_color
TR03064,train,cross_brand_lookalike
TR03065,train,cross_brand_lookalike
TR03066,train,variant_size
TR03067,train,variant_capacity
TR03068,train,variant_color
TR03069,train,accessory_vs_host
TR03070,train,variant_pack
TR03071,train,variant_multi_attr
TR03072,train,accessory_vs_host
TR03073,train,successor_model
TR03074,train,same_brand_diff_line
TR03075,train,accessory_diff_host
TR03076,train,successor_model
TR03077,train,token_block_noise
TR03078,train,random_same_category
TR03079,train,token_block_noise
TR03080,train,same_sku
TR03081,train,token_block_noise
TR03082,train,accessory_diff_host
TR03083,train,variant_capacity
TR03084,train,accessory_vs_host
TR03085,train,variant_color
TR03086,train,same_sku
TR03087,train,successor_model
TR03088,train,variant_multi_attr
TR03089,train,token_block_noise
TR03090,train,cross_brand_lookalike
TR03091,train,same_sku
TR03092,train,cross_brand_lookalike
TR03093,train,token_block_noise
TR03094,train,accessory_diff_host
TR03095,train,variant_multi_attr
TR03096,train,token_block_noise
TR03097,train,variant_color
TR03098,train,variant_capacity
TR03099,train,accessory_diff_host
TR03100,train,variant_size
TR03101,train,token_block_noise
TR03102,train,accessory_vs_host
TR03103,train,cross_brand_lookalike
TR03104,train,variant_color
TR03105,train,same_sku
TR03106,train,random_same_category
TR03107,train,same_sku
TR03108,train,variant_capacity
TR03109,train,variant_color
TR03110,train,token_block_noise
TR03111,train,variant_capacity
TR03112,train,accessory_vs_host
TR03113,train,accessory_diff_host
TR03114,train,variant_capacity
TR03115,train,token_block_noise
TR03116,train,variant_size
TR03117,train,cross_brand_lookalike
TR03118,train,accessory_vs_host
TR03119,train,token_block_noise
TR03120,train,variant_capacity
TR03121,train,variant_capacity
TR03122,train,accessory_diff_host
TR03123,train,variant_color
TR03124,train,same_sku
TR03125,train,variant_multi_attr
TR03126,train,same_sku
TR03127,train,variant_multi_attr
TR03128,train,variant_color
TR03129,train,cross_brand_lookalike
TR03130,train,variant_multi_attr
TR03131,train,variant_color
TR03132,train,random_same_category
TR03133,train,variant_multi_attr
TR03134,train,token_block_noise
TR03135,train,cross_brand_lookalike
TR03136,train,variant_multi_attr
TR03137,train,variant_size
TR03138,train,same_sku
TR03139,train,token_block_noise
TR03140,train,token_block_noise
TR03141,train,accessory_diff_host
TR03142,train,variant_capacity
TR03143,train,token_block_noise
TR03144,train,cross_brand_lookalike
TR03145,train,variant_multi_attr
TR03146,train,random_same_category
TR03147,train,variant_multi_attr
TR03148,train,variant_color
TR03149,train,accessory_vs_host
TR03150,train,accessory_diff_host
TR03151,train,successor_model
TR03152,train,variant_color
TR03153,train,cross_brand_lookalike
TR03154,train,accessory_diff_host
TR03155,train,cross_brand_lookalike
TR03156,train,same_sku
TR03157,train,same_sku
TR03158,train,accessory_diff_host
TR03159,train,variant_capacity
TR03160,train,same_sku
TR03161,train,random_same_category
TR03162,train,token_block_noise
TR03163,train,variant_capacity
TR03164,train,variant_pack
TR03165,train,variant_color
TR03166,train,variant_capacity
TR03167,train,accessory_diff_host
TR03168,train,variant_multi_attr
TR03169,train,successor_model
TR03170,train,same_sku
TR03171,train,token_block_noise
TR03172,train,token_block_noise
TR03173,train,variant_multi_attr
TR03174,train,random_same_category
TR03175,train,token_block_noise
TR03176,train,same_sku
TR03177,train,accessory_vs_host
TR03178,train,accessory_vs_host
TR03179,train,variant_color
TR03180,train,variant_color
TR03181,train,token_block_noise
TR03182,train,variant_color
TR03183,train,same_sku
TR03184,train,variant_size
TR03185,train,variant_size
TR03186,train,accessory_diff_host
TR03187,train,token_block_noise
TR03188,train,variant_multi_attr
TR03189,train,token_block_noise
TR03190,train,accessory_vs_host
TR03191,train,same_sku
TR03192,train,token_block_noise
TR03193,train,cross_brand_lookalike
TR03194,train,token_block_noise
TR03195,train,random_same_category
TR03196,train,variant_color
TR03197,train,random_same_category
TR03198,train,variant_capacity
TR03199,train,variant_pack
TR03200,train,same_brand_diff_line
TR03201,train,same_sku
TR03202,train,same_sku
TR03203,train,variant_color
TR03204,train,same_sku
TR03205,train,accessory_vs_host
TR03206,train,accessory_diff_host
TR03207,train,random_same_category
TR03208,train,same_sku
TR03209,train,variant_capacity
TR03210,train,random_same_category
TR03211,train,token_block_noise
TR03212,train,variant_color
TR03213,train,cross_brand_lookalike
TR03214,train,cross_brand_lookalike
TR03215,train,cross_brand_lookalike
TR03216,train,random_same_category
TR03217,train,token_block_noise
TR03218,train,accessory_diff_host
TR03219,train,token_block_noise
TR03220,train,cross_brand_lookalike
TR03221,train,variant_color
TR03222,train,same_sku
TR03223,train,successor_model
TR03224,train,token_block_noise
TR03225,train,successor_model
TR03226,train,accessory_diff_host
TR03227,train,variant_capacity
TR03228,train,random_same_category
TR03229,train,variant_capacity
TR03230,train,random_same_category
TR03231,train,variant_multi_attr
TR03232,train,token_block_noise
TR03233,train,variant_color
TR03234,train,cross_brand_lookalike
TR03235,train,same_sku
TR03236,train,variant_color
TR03237,train,cross_brand_lookalike
TR03238,train,token_block_noise
TR03239,train,accessory_vs_host
TR03240,train,cross_brand_lookalike
TR03241,train,variant_multi_attr
TR03242,train,same_sku
TR03243,train,variant_multi_attr
TR03244,train,variant_capacity
TR03245,train,random_same_category
TR03246,train,accessory_vs_host
TR03247,train,same_sku
TR03248,train,variant_color
TR03249,train,variant_capacity
TR03250,train,variant_capacity
TR03251,train,same_sku
TR03252,train,variant_color
TR03253,train,same_sku
TR03254,train,same_sku
TR03255,train,same_sku
TR03256,train,variant_color
TR03257,train,same_sku
TR03258,train,successor_model
TR03259,train,accessory_vs_host
TR03260,train,variant_color
TR03261,train,variant_color
TR03262,train,variant_color
TR03263,train,token_block_noise
TR03264,train,variant_multi_attr
TR03265,train,random_same_category
TR03266,train,variant_multi_attr
TR03267,train,same_brand_diff_line
TR03268,train,same_brand_diff_line
TR03269,train,token_block_noise
TR03270,train,cross_brand_lookalike
TR03271,train,token_block_noise
TR03272,train,variant_color
TR03273,train,token_block_noise
TR03274,train,variant_pack
TR03275,train,token_block_noise
TR03276,train,same_sku
TR03277,train,accessory_vs_host
TR03278,train,variant_capacity
TR03279,train,token_block_noise
TR03280,train,same_sku
TR03281,train,accessory_diff_host
TR03282,train,accessory_vs_host
TR03283,train,variant_color
TR03284,train,variant_color
TR03285,train,variant_pack
TR03286,train,same_sku
TR03287,train,token_block_noise
TR03288,train,accessory_vs_host
TR03289,train,successor_model
TR03290,train,cross_brand_lookalike
TR03291,train,token_block_noise
TR03292,train,token_block_noise
TR03293,train,same_sku
TR03294,train,accessory_diff_host
TR03295,train,variant_multi_attr
TR03296,train,variant_color
TR03297,train,token_block_noise
TR03298,train,token_block_noise
TR03299,train,token_block_noise
TR03300,train,accessory_diff_host
TR03301,train,same_sku
TR03302,train,random_same_category
TR03303,train,variant_multi_attr
TR03304,train,variant_multi_attr
TR03305,train,accessory_diff_host
TR03306,train,variant_pack
TR03307,train,cross_brand_lookalike
TR03308,train,cross_brand_lookalike
TR03309,train,cross_brand_lookalike
TR03310,train,same_sku
TR03311,train,random_same_category
TR03312,train,random_same_category
TR03313,train,variant_capacity
TR03314,train,cross_brand_lookalike
TR03315,train,variant_multi_attr
TR03316,train,cross_brand_lookalike
TR03317,train,token_block_noise
TR03318,train,cross_brand_lookalike
TR03319,train,variant_capacity
TR03320,train,accessory_vs_host
TR03321,train,same_sku
TR03322,train,variant_multi_attr
TR03323,train,accessory_vs_host
TR03324,train,token_block_noise
TR03325,train,same_sku
TR03326,train,variant_multi_attr
TR03327,train,variant_color
TR03328,train,variant_color
TR03329,train,accessory_vs_host
TR03330,train,random_same_category
TR03331,train,cross_brand_lookalike
TR03332,train,same_sku
TR03333,train,same_brand_diff_line
TR03334,train,variant_color
TR03335,train,token_block_noise
TR03336,train,token_block_noise
TR03337,train,variant_pack
TR03338,train,variant_color
TR03339,train,variant_color
TR03340,train,variant_color
TR03341,train,accessory_vs_host
TR03342,train,variant_multi_attr
TR03343,train,variant_capacity
TR03344,train,random_same_category
TR03345,train,cross_brand_lookalike
TR03346,train,variant_color
TR03347,train,same_sku
TR03348,train,cross_brand_lookalike
TR03349,train,random_same_category
TR03350,train,cross_brand_lookalike
TR03351,train,variant_capacity
TR03352,train,variant_capacity
TR03353,train,same_sku
TR03354,train,cross_brand_lookalike
TR03355,train,random_same_category
TR03356,train,successor_model
TR03357,train,token_block_noise
TR03358,train,variant_capacity
TR03359,train,variant_capacity
TR03360,train,variant_multi_attr
TR03361,train,variant_pack
TR03362,train,accessory_vs_host
TR03363,train,variant_color
TR03364,train,variant_color
TR03365,train,token_block_noise
TR03366,train,token_block_noise
TR03367,train,variant_capacity
TR03368,train,variant_pack
TR03369,train,cross_brand_lookalike
TR03370,train,variant_size
TR03371,train,accessory_vs_host
TR03372,train,variant_color
TR03373,train,accessory_vs_host
TR03374,train,token_block_noise
TR03375,train,accessory_diff_host
TR03376,train,cross_brand_lookalike
TR03377,train,token_block_noise
TR03378,train,variant_color
TR03379,train,same_sku
TR03380,train,variant_color
TR03381,train,variant_capacity
TR03382,train,token_block_noise
TR03383,train,same_sku
TR03384,train,variant_capacity
TR03385,train,accessory_vs_host
TR03386,train,variant_color
TR03387,train,same_sku
TR03388,train,random_same_category
TR03389,train,accessory_diff_host
TR03390,train,same_sku
TR03391,train,variant_color
TR03392,train,cross_brand_lookalike
TR03393,train,variant_color
TR03394,train,same_sku
TR03395,train,cross_brand_lookalike
TR03396,train,accessory_vs_host
TR03397,train,variant_pack
TR03398,train,variant_capacity
TR03399,train,variant_capacity
TR03400,train,variant_multi_attr
TR03401,train,variant_color
TR03402,train,cross_brand_lookalike
TR03403,train,variant_color
TR03404,train,token_block_noise
TR03405,train,token_block_noise
TR03406,train,cross_brand_lookalike
TR03407,train,random_same_category
TR03408,train,token_block_noise
TR03409,train,same_sku
TR03410,train,variant_color
TR03411,train,cross_brand_lookalike
TR03412,train,variant_pack
TR03413,train,accessory_diff_host
TR03414,train,accessory_diff_host
TR03415,train,token_block_noise
TR03416,train,same_sku
TR03417,train,variant_pack
TR03418,train,variant_color
TR03419,train,accessory_vs_host
TR03420,train,cross_brand_lookalike
TR03421,train,variant_capacity
TR03422,train,accessory_vs_host
TR03423,train,variant_color
TR03424,train,cross_brand_lookalike
TR03425,train,variant_capacity
TR03426,train,variant_color
TR03427,train,cross_brand_lookalike
TR03428,train,variant_color
TR03429,train,cross_brand_lookalike
TR03430,train,variant_capacity
TR03431,train,variant_color
TR03432,train,token_block_noise
TR03433,train,variant_pack
TR03434,train,variant_color
TR03435,train,token_block_noise
TR03436,train,variant_multi_attr
TR03437,train,token_block_noise
TR03438,train,same_sku
TR03439,train,random_same_category
TR03440,train,token_block_noise
TR03441,train,same_sku
TR03442,train,cross_brand_lookalike
TR03443,train,variant_color
TR03444,train,token_block_noise
TR03445,train,cross_brand_lookalike
TR03446,train,variant_color
TR03447,train,variant_size
TR03448,train,random_same_category
TR03449,train,variant_capacity
TR03450,train,same_sku
TR03451,train,variant_color
TR03452,train,variant_multi_attr
TR03453,train,token_block_noise
TR03454,train,token_block_noise
TR03455,train,token_block_noise
TR03456,train,random_same_category
TR03457,train,variant_color
TR03458,train,cross_brand_lookalike
TR03459,train,variant_capacity
TR03460,train,successor_model
TR03461,train,variant_pack
TR03462,train,variant_color
TR03463,train,accessory_vs_host
TR03464,train,successor_model
TR03465,train,variant_multi_attr
TR03466,train,variant_size
TR03467,train,variant_capacity
TR03468,train,successor_model
TR03469,train,variant_capacity
TR03470,train,cross_brand_lookalike
TR03471,train,cross_brand_lookalike
TR03472,train,accessory_vs_host
TR03473,train,variant_capacity
TR03474,train,variant_multi_attr
TR03475,train,accessory_diff_host
TR03476,train,cross_brand_lookalike
TR03477,train,variant_capacity
TR03478,train,same_sku
TR03479,train,random_same_category
TR03480,train,accessory_vs_host
TR03481,train,cross_brand_lookalike
TR03482,train,variant_color
TR03483,train,same_sku
TR03484,train,same_sku
TR03485,train,random_same_category
TR03486,train,cross_brand_lookalike
TR03487,train,variant_capacity
TR03488,train,token_block_noise
TR03489,train,random_same_category
TR03490,train,variant_color
TR03491,train,token_block_noise
TR03492,train,variant_multi_attr
TR03493,train,accessory_vs_host
TR03494,train,variant_pack
TR03495,train,variant_color
TR03496,train,cross_brand_lookalike
TR03497,train,accessory_diff_host
TR03498,train,cross_brand_lookalike
TR03499,train,successor_model
TR03500,train,variant_size
TR03501,train,accessory_diff_host
TR03502,train,token_block_noise
TR03503,train,token_block_noise
TR03504,train,successor_model
TR03505,train,token_block_noise
TR03506,train,accessory_diff_host
TR03507,train,variant_pack
TR03508,train,token_block_noise
TR03509,train,random_same_category
TR03510,train,variant_capacity
TR03511,train,same_brand_diff_line
TR03512,train,variant_capacity
TR03513,train,same_sku
TR03514,train,accessory_vs_host
TR03515,train,variant_color
TR03516,train,random_same_category
TR03517,train,variant_multi_attr
TR03518,train,variant_capacity
TR03519,train,variant_capacity
TR03520,train,same_sku
TR03521,train,variant_color
TR03522,train,variant_capacity
TR03523,train,random_same_category
TR03524,train,variant_capacity
TR03525,train,token_block_noise
TR03526,train,token_block_noise
TR03527,train,random_same_category
TR03528,train,successor_model
TR03529,train,random_same_category
TR03530,train,variant_pack
TR03531,train,same_sku
TR03532,train,cross_brand_lookalike
TR03533,train,variant_color
TR03534,train,accessory_vs_host
TR03535,train,variant_size
TR03536,train,random_same_category
TR03537,train,variant_color
TR03538,train,cross_brand_lookalike
TR03539,train,token_block_noise
TR03540,train,variant_capacity
TR03541,train,random_same_category
TR03542,train,variant_color
TR03543,train,same_brand_diff_line
TR03544,train,variant_color
TR03545,train,variant_capacity
TR03546,train,variant_multi_attr
TR03547,train,token_block_noise
TR03548,train,random_same_category
TR03549,train,successor_model
TR03550,train,accessory_vs_host
TR03551,train,token_block_noise
TR03552,train,variant_color
TR03553,train,random_same_category
TR03554,train,token_block_noise
TR03555,train,cross_brand_lookalike
TR03556,train,token_block_noise
TR03557,train,token_block_noise
TR03558,train,token_block_noise
TR03559,train,same_sku
TR03560,train,accessory_vs_host
TR03561,train,cross_brand_lookalike
TR03562,train,token_block_noise
TR03563,train,variant_multi_attr
TR03564,train,token_block_noise
TR03565,train,successor_model
TR03566,train,token_block_noise
TR03567,train,token_block_noise
TR03568,train,same_brand_diff_line
TR03569,train,random_same_category
TR03570,train,successor_model
TR03571,train,cross_brand_lookalike
TR03572,train,token_block_noise
TR03573,train,variant_color
TR03574,train,accessory_vs_host
TR03575,train,cross_brand_lookalike
TR03576,train,variant_color
TR03577,train,accessory_vs_host
TR03578,train,same_sku
TR03579,train,accessory_vs_host
TR03580,train,random_same_category
TR03581,train,token_block_noise
TR03582,train,same_sku
TR03583,train,same_sku
TR03584,train,variant_capacity
TR03585,train,cross_brand_lookalike
TR03586,train,variant_multi_attr
TR03587,train,token_block_noise
TR03588,train,variant_color
TR03589,train,successor_model
TR03590,train,cross_brand_lookalike
TR03591,train,token_block_noise
TR03592,train,cross_brand_lookalike
TR03593,train,token_block_noise
TR03594,train,cross_brand_lookalike
TR03595,train,variant_multi_attr
TR03596,train,token_block_noise
TR03597,train,variant_capacity
TR03598,train,accessory_vs_host
TR03599,train,token_block_noise
TR03600,train,accessory_diff_host
TR03601,train,cross_brand_lookalike
TR03602,train,random_same_category
TR03603,train,variant_capacity
TR03604,train,random_same_category
TR03605,train,same_sku
TR03606,train,cross_brand_lookalike
TR03607,train,same_sku
TR03608,train,cross_brand_lookalike
TR03609,train,same_brand_diff_line
TR03610,train,variant_pack
TR03611,train,same_sku
TR03612,train,variant_size
TR03613,train,cross_brand_lookalike
TR03614,train,successor_model
TR03615,train,accessory_diff_host
TR03616,train,token_block_noise
TR03617,train,random_same_category
TR03618,train,token_block_noise
TR03619,train,variant_capacity
TR03620,train,accessory_vs_host
TR03621,train,cross_brand_lookalike
TR03622,train,cross_brand_lookalike
TR03623,train,variant_capacity
TR03624,train,accessory_vs_host
TR03625,train,token_block_noise
TR03626,train,cross_brand_lookalike
TR03627,train,token_block_noise
TR03628,train,cross_brand_lookalike
TR03629,train,token_block_noise
TR03630,train,variant_multi_attr
TR03631,train,variant_color
TR03632,train,cross_brand_lookalike
TR03633,train,variant_color
TR03634,train,same_sku
TR03635,train,variant_size
TR03636,train,token_block_noise
TR03637,train,cross_brand_lookalike
TR03638,train,token_block_noise
TR03639,train,cross_brand_lookalike
TR03640,train,variant_capacity
TR03641,train,cross_brand_lookalike
TR03642,train,variant_color
TR03643,train,variant_capacity
TR03644,train,accessory_vs_host
TR03645,train,successor_model
TR03646,train,variant_color
TR03647,train,accessory_vs_host
TR03648,train,same_sku
TR03649,train,accessory_diff_host
TR03650,train,variant_color
TR03651,train,cross_brand_lookalike
TR03652,train,same_sku
TR03653,train,variant_capacity
TR03654,train,same_sku
TR03655,train,accessory_vs_host
TR03656,train,same_sku
TR03657,train,variant_size
TR03658,train,cross_brand_lookalike
TR03659,train,random_same_category
TR03660,train,same_sku
TR03661,train,accessory_diff_host
TR03662,train,same_sku
TR03663,train,variant_capacity
TR03664,train,token_block_noise
TR03665,train,token_block_noise
TR03666,train,variant_multi_attr
TR03667,train,same_sku
TR03668,train,variant_color
TR03669,train,same_sku
TR03670,train,variant_multi_attr
TR03671,train,variant_capacity
TR03672,train,variant_capacity
TR03673,train,variant_capacity
TR03674,train,same_sku
TR03675,train,variant_size
TR03676,train,variant_color
TR03677,train,variant_color
TR03678,train,accessory_diff_host
TR03679,train,same_sku
TR03680,train,variant_size
TR03681,train,same_sku
TR03682,train,random_same_category
TR03683,train,variant_capacity
TR03684,train,token_block_noise
TR03685,train,random_same_category
TR03686,train,variant_multi_attr
TR03687,train,variant_multi_attr
TR03688,train,same_sku
TR03689,train,token_block_noise
TR03690,train,random_same_category
TR03691,train,cross_brand_lookalike
TR03692,train,cross_brand_lookalike
TR03693,train,variant_pack
TR03694,train,variant_color
TR03695,train,cross_brand_lookalike
TR03696,train,cross_brand_lookalike
TR03697,train,variant_multi_attr
TR03698,train,same_sku
TR03699,train,variant_multi_attr
TR03700,train,accessory_diff_host
TR03701,train,variant_capacity
TR03702,train,variant_color
TR03703,train,variant_capacity
TR03704,train,cross_brand_lookalike
TR03705,train,variant_capacity
TR03706,train,variant_color
TR03707,train,token_block_noise
TR03708,train,random_same_category
TR03709,train,token_block_noise
TR03710,train,variant_pack
TR03711,train,token_block_noise
TR03712,train,variant_multi_attr
TR03713,train,variant_color
TR03714,train,variant_capacity
TR03715,train,variant_pack
TR03716,train,token_block_noise
TR03717,train,cross_brand_lookalike
TR03718,train,variant_color
TR03719,train,variant_color
TR03720,train,accessory_vs_host
TR03721,train,same_sku
TR03722,train,token_block_noise
TR03723,train,successor_model
TR03724,train,cross_brand_lookalike
TR03725,train,successor_model
TR03726,train,variant_multi_attr
TR03727,train,variant_color
TR03728,train,variant_color
TR03729,train,random_same_category
TR03730,train,variant_color
TR03731,train,variant_color
TR03732,train,same_sku
TR03733,train,same_sku
TR03734,train,successor_model
TR03735,train,same_sku
TR03736,train,variant_color
TR03737,train,accessory_vs_host
TR03738,train,token_block_noise
TR03739,train,same_brand_diff_line
TR03740,train,variant_color
TR03741,train,variant_multi_attr
TR03742,train,variant_color
TR03743,train,random_same_category
TR03744,train,variant_color
TR03745,train,same_sku
TR03746,train,variant_color
TR03747,train,variant_multi_attr
TR03748,train,token_block_noise
TR03749,train,variant_color
TR03750,train,variant_color
TR03751,train,accessory_vs_host
TR03752,train,token_block_noise
TR03753,train,accessory_diff_host
TR03754,train,variant_pack
TR03755,train,variant_color
TR03756,train,token_block_noise
TR03757,train,same_sku
TR03758,train,cross_brand_lookalike
TR03759,train,variant_color
TR03760,train,variant_color
TR03761,train,accessory_vs_host
TR03762,train,accessory_vs_host
TR03763,train,variant_multi_attr
TR03764,train,token_block_noise
TR03765,train,token_block_noise
TR03766,train,cross_brand_lookalike
TR03767,train,cross_brand_lookalike
TR03768,train,same_sku
TR03769,train,token_block_noise
TR03770,train,same_sku
TR03771,train,variant_color
TR03772,train,token_block_noise
TR03773,train,accessory_vs_host
TR03774,train,variant_color
TR03775,train,same_sku
TR03776,train,cross_brand_lookalike
TR03777,train,variant_pack
TR03778,train,variant_size
TR03779,train,accessory_vs_host
TR03780,train,accessory_vs_host
TR03781,train,cross_brand_lookalike
TR03782,train,cross_brand_lookalike
TR03783,train,cross_brand_lookalike
TR03784,train,accessory_vs_host
TR03785,train,same_sku
TR03786,train,same_sku
TR03787,train,random_same_category
TR03788,train,token_block_noise
TR03789,train,random_same_category
TR03790,train,same_sku
TR03791,train,cross_brand_lookalike
TR03792,train,cross_brand_lookalike
TR03793,train,same_sku
TR03794,train,successor_model
TR03795,train,variant_pack
TR03796,train,cross_brand_lookalike
TR03797,train,token_block_noise
TR03798,train,accessory_diff_host
TR03799,train,cross_brand_lookalike
TR03800,train,variant_pack
TR03801,train,variant_pack
TR03802,train,accessory_diff_host
TR03803,train,same_sku
TR03804,train,variant_color
TR03805,train,accessory_diff_host
TR03806,train,random_same_category
TR03807,train,accessory_vs_host
TR03808,train,successor_model
TR03809,train,variant_multi_attr
TR03810,train,same_sku
TR03811,train,same_sku
TR03812,train,accessory_vs_host
TR03813,train,variant_multi_attr
TR03814,train,token_block_noise
TR03815,train,variant_multi_attr
TR03816,train,cross_brand_lookalike
TR03817,train,accessory_diff_host
TR03818,train,variant_color
TR03819,train,random_same_category
TR03820,train,variant_color
TR03821,train,successor_model
TR03822,train,token_block_noise
TR03823,train,same_sku
TR03824,train,variant_color
TR03825,train,token_block_noise
TR03826,train,token_block_noise
TR03827,train,token_block_noise
TR03828,train,token_block_noise
TR03829,train,random_same_category
TR03830,train,random_same_category
TR03831,train,variant_multi_attr
TR03832,train,variant_color
TR03833,train,same_sku
TR03834,train,variant_capacity
TR03835,train,token_block_noise
TR03836,train,cross_brand_lookalike
TR03837,train,token_block_noise
TR03838,train,successor_model
TR03839,train,variant_capacity
TR03840,train,same_sku
TR03841,train,variant_multi_attr
TR03842,train,cross_brand_lookalike
TR03843,train,variant_color
TR03844,train,token_block_noise
TR03845,train,variant_multi_attr
TR03846,train,variant_multi_attr
TR03847,train,cross_brand_lookalike
TR03848,train,accessory_diff_host
TR03849,train,token_block_noise
TR03850,train,cross_brand_lookalike
TR03851,train,variant_size
TR03852,train,random_same_category
TR03853,train,variant_multi_attr
TR03854,train,variant_capacity
TR03855,train,variant_color
TR03856,train,variant_capacity
TR03857,train,random_same_category
TR03858,train,variant_size
TR03859,train,cross_brand_lookalike
TR03860,train,cross_brand_lookalike
TR03861,train,variant_size
TR03862,train,variant_color
TR03863,train,variant_color
TR03864,train,variant_color
TR03865,train,same_sku
TR03866,train,token_block_noise
TR03867,train,accessory_diff_host
TR03868,train,token_block_noise
TR03869,train,random_same_category
TR03870,train,token_block_noise
TR03871,train,same_sku
TR03872,train,variant_multi_attr
TR03873,train,cross_brand_lookalike
TR03874,train,variant_color
TR03875,train,variant_capacity
TR03876,train,variant_multi_attr
TR03877,train,same_sku
TR03878,train,same_sku
TR03879,train,same_sku
TR03880,train,accessory_diff_host
TR03881,train,same_sku
TR03882,train,accessory_vs_host
TR03883,train,same_sku
TR03884,train,variant_color
TR03885,train,token_block_noise
TR03886,train,random_same_category
TR03887,train,cross_brand_lookalike
TR03888,train,variant_color
TR03889,train,variant_capacity
TR03890,train,variant_capacity
TR03891,train,variant_multi_attr
TR03892,train,variant_capacity
TR03893,train,token_block_noise
TR03894,train,same_sku
TR03895,train,variant_capacity
TR03896,train,same_sku
TR03897,train,accessory_vs_host
TR03898,train,token_block_noise
TR03899,train,accessory_vs_host
TR03900,train,variant_multi_attr
TR03901,train,cross_brand_lookalike
TR03902,train,random_same_category
TR03903,train,accessory_vs_host
TR03904,train,cross_brand_lookalike
TR03905,train,random_same_category
TR03906,train,cross_brand_lookalike
TR03907,train,token_block_noise
TR03908,train,random_same_category
TR03909,train,variant_size
TR03910,train,variant_color
TR03911,train,variant_color
TR03912,train,variant_multi_attr
TR03913,train,accessory_vs_host
TR03914,train,token_block_noise
TR03915,train,variant_multi_attr
TR03916,train,token_block_noise
TR03917,train,variant_multi_attr
TR03918,train,variant_capacity
TR03919,train,successor_model
TR03920,train,same_sku
TR03921,train,variant_multi_attr
TR03922,train,variant_size
TR03923,train,same_sku
TR03924,train,cross_brand_lookalike
TR03925,train,cross_brand_lookalike
TR03926,train,variant_multi_attr
TR03927,train,same_sku
TR03928,train,cross_brand_lookalike
TR03929,train,same_sku
TR03930,train,variant_color
TR03931,train,token_block_noise
TR03932,train,variant_color
TR03933,train,token_block_noise
TR03934,train,cross_brand_lookalike
TR03935,train,variant_capacity
TR03936,train,token_block_noise
TR03937,train,accessory_diff_host
TR03938,train,variant_color
TR03939,train,variant_multi_attr
TR03940,train,accessory_vs_host
TR03941,train,random_same_category
TR03942,train,variant_capacity
TR03943,train,token_block_noise
TR03944,train,same_sku
TR03945,train,variant_size
TR03946,train,token_block_noise
TR03947,train,token_block_noise
TR03948,train,variant_pack
TR03949,train,accessory_vs_host
TR03950,train,variant_pack
TR03951,train,token_block_noise
TR03952,train,same_sku
TR03953,train,variant_color
TR03954,train,accessory_diff_host
TR03955,train,accessory_vs_host
TR03956,train,variant_capacity
TR03957,train,variant_capacity
TR03958,train,same_sku
TR03959,train,same_sku
TR03960,train,variant_color
TR03961,train,random_same_category
TR03962,train,variant_multi_attr
TR03963,train,variant_multi_attr
TR03964,train,successor_model
TR03965,train,token_block_noise
TR03966,train,cross_brand_lookalike
TR03967,train,accessory_diff_host
TR03968,train,variant_multi_attr
TR03969,train,cross_brand_lookalike
TR03970,train,cross_brand_lookalike
TR03971,train,token_block_noise
TR03972,train,same_sku
TR03973,train,variant_multi_attr
TR03974,train,accessory_diff_host
TR03975,train,variant_color
TR03976,train,same_sku
TR03977,train,cross_brand_lookalike
TR03978,train,same_sku
TR03979,train,same_sku
TR03980,train,same_sku
TR03981,train,successor_model
TR03982,train,variant_capacity
TR03983,train,token_block_noise
TR03984,train,token_block_noise
TR03985,train,variant_multi_attr
TR03986,train,token_block_noise
TR03987,train,token_block_noise
TR03988,train,variant_multi_attr
TR03989,train,variant_capacity
TR03990,train,cross_brand_lookalike
TR03991,train,variant_capacity
TR03992,train,variant_capacity
TR03993,train,successor_model
TR03994,train,variant_color
TR03995,train,token_block_noise
TR03996,train,variant_color
TR03997,train,variant_color
TR03998,train,variant_multi_attr
TR03999,train,variant_color
TR04000,train,variant_capacity
TR04001,train,accessory_vs_host
TR04002,train,variant_multi_attr
TR04003,train,cross_brand_lookalike
TR04004,train,variant_pack
TR04005,train,token_block_noise
TR04006,train,token_block_noise
TR04007,train,variant_multi_attr
TR04008,train,variant_multi_attr
TR04009,train,cross_brand_lookalike
TR04010,train,variant_capacity
TR04011,train,variant_capacity
TR04012,train,cross_brand_lookalike
TR04013,train,token_block_noise
TR04014,train,random_same_category
TR04015,train,cross_brand_lookalike
TR04016,train,successor_model
TR04017,train,accessory_diff_host
TR04018,train,token_block_noise
TR04019,train,variant_capacity
TR04020,train,variant_capacity
TR04021,train,variant_size
TR04022,train,random_same_category
TR04023,train,accessory_diff_host
TR04024,train,same_sku
TR04025,train,variant_capacity
TR04026,train,random_same_category
TR04027,train,token_block_noise
TR04028,train,token_block_noise
TR04029,train,token_block_noise
TR04030,train,variant_size
TR04031,train,cross_brand_lookalike
TR04032,train,variant_size
TR04033,train,variant_color
TR04034,train,token_block_noise
TR04035,train,cross_brand_lookalike
TR04036,train,cross_brand_lookalike
TR04037,train,variant_multi_attr
TR04038,train,cross_brand_lookalike
TR04039,train,variant_multi_attr
TR04040,train,variant_multi_attr
TR04041,train,same_sku
TR04042,train,token_block_noise
TR04043,train,variant_multi_attr
TR04044,train,variant_color
TR04045,train,variant_color
TR04046,train,accessory_diff_host
TR04047,train,token_block_noise
TR04048,train,variant_size
TR04049,train,token_block_noise
TR04050,train,accessory_vs_host
TR04051,train,variant_capacity
TR04052,train,variant_capacity
TR04053,train,same_sku
TR04054,train,accessory_diff_host
TR04055,train,cross_brand_lookalike
TR04056,train,token_block_noise
TR04057,train,token_block_noise
TR04058,train,successor_model
TR04059,train,variant_capacity
TR04060,train,successor_model
TR04061,train,token_block_noise
TR04062,train,token_block_noise
TR04063,train,variant_color
TR04064,train,random_same_category
TR04065,train,token_block_noise
TR04066,train,same_sku
TR04067,train,accessory_vs_host
TR04068,train,successor_model
TR04069,train,accessory_vs_host
TR04070,train,variant_pack
TR04071,train,variant_color
TR04072,train,token_block_noise
TR04073,train,variant_multi_attr
TR04074,train,token_block_noise
TR04075,train,same_sku
TR04076,train,variant_capacity
TR04077,train,same_sku
TR04078,train,accessory_diff_host
TR04079,train,token_block_noise
TR04080,train,token_block_noise
TR04081,train,token_block_noise
TR04082,train,successor_model
TR04083,train,variant_multi_attr
TR04084,train,accessory_diff_host
TR04085,train,same_sku
TR04086,train,variant_capacity
TR04087,train,token_block_noise
TR04088,train,token_block_noise
TR04089,train,token_block_noise
TR04090,train,variant_capacity
TR04091,train,accessory_vs_host
TR04092,train,variant_capacity
TR04093,train,accessory_vs_host
TR04094,train,random_same_category
TR04095,train,variant_capacity
TR04096,train,token_block_noise
TR04097,train,successor_model
TR04098,train,accessory_vs_host
TR04099,train,variant_color
TR04100,train,variant_size
TR04101,train,same_sku
TR04102,train,variant_multi_attr
TR04103,train,successor_model
TR04104,train,variant_color
TR04105,train,variant_size
TR04106,train,variant_color
TR04107,train,variant_multi_attr
TR04108,train,token_block_noise
TR04109,train,variant_capacity
TR04110,train,variant_pack
TR04111,train,accessory_vs_host
TR04112,train,cross_brand_lookalike
TR04113,train,cross_brand_lookalike
TR04114,train,same_sku
TR04115,train,token_block_noise
TR04116,train,variant_color
TR04117,train,variant_size
TR04118,train,variant_color
TR04119,train,same_sku
TR04120,train,cross_brand_lookalike
TR04121,train,token_block_noise
TR04122,train,token_block_noise
TR04123,train,variant_pack
TR04124,train,same_sku
TR04125,train,same_sku
TR04126,train,token_block_noise
TR04127,train,accessory_vs_host
TR04128,train,cross_brand_lookalike
TR04129,train,accessory_diff_host
TR04130,train,same_sku
TR04131,train,cross_brand_lookalike
TR04132,train,variant_capacity
TR04133,train,token_block_noise
TR04134,train,accessory_diff_host
TR04135,train,variant_capacity
TR04136,train,token_block_noise
TR04137,train,token_block_noise
TR04138,train,token_block_noise
TR04139,train,token_block_noise
TR04140,train,same_sku
TR04141,train,variant_color
TR04142,train,variant_capacity
TR04143,train,variant_capacity
TR04144,train,random_same_category
TR04145,train,variant_pack
TR04146,train,same_sku
TR04147,train,variant_size
TR04148,train,variant_color
TR04149,train,cross_brand_lookalike
TR04150,train,token_block_noise
TR04151,train,successor_model
TR04152,train,same_sku
TR04153,train,variant_multi_attr
TR04154,train,variant_color
TR04155,train,accessory_vs_host
TR04156,train,variant_multi_attr
TR04157,train,variant_multi_attr
TR04158,train,random_same_category
TR04159,train,variant_color
TR04160,train,random_same_category
TR04161,train,same_sku
TR04162,train,accessory_vs_host
TR04163,train,random_same_category
TR04164,train,variant_color
TR04165,train,same_sku
TR04166,train,variant_capacity
TR04167,train,successor_model
TR04168,train,accessory_vs_host
TR04169,train,variant_capacity
TR04170,train,variant_color
TR04171,train,accessory_vs_host
TR04172,train,accessory_vs_host
TR04173,train,variant_multi_attr
TR04174,train,cross_brand_lookalike
TR04175,train,variant_size
TR04176,train,same_sku
TR04177,train,token_block_noise
TR04178,train,token_block_noise
TR04179,train,cross_brand_lookalike
TR04180,train,variant_size
TR04181,train,variant_multi_attr
TR04182,train,variant_color
TR04183,train,variant_multi_attr
TR04184,train,token_block_noise
TR04185,train,token_block_noise
TR04186,train,same_sku
TR04187,train,variant_multi_attr
TR04188,train,accessory_diff_host
TR04189,train,random_same_category
TR04190,train,same_sku
TR04191,train,same_sku
TR04192,train,variant_color
TR04193,train,token_block_noise
TR04194,train,cross_brand_lookalike
TR04195,train,same_sku
TR04196,train,variant_multi_attr
TR04197,train,variant_color
TR04198,train,variant_capacity
TR04199,train,variant_pack
TR04200,train,random_same_category
TR04201,train,token_block_noise
TR04202,train,token_block_noise
TR04203,train,variant_color
TR04204,train,cross_brand_lookalike
TR04205,train,same_sku
TR04206,train,cross_brand_lookalike
TR04207,train,variant_size
TR04208,train,random_same_category
TR04209,train,variant_color
TR04210,train,cross_brand_lookalike
TR04211,train,variant_color
TR04212,train,cross_brand_lookalike
TR04213,train,variant_multi_attr
TR04214,train,token_block_noise
TR04215,train,variant_color
TR04216,train,accessory_vs_host
TR04217,train,variant_color
TR04218,train,same_sku
TR04219,train,cross_brand_lookalike
TR04220,train,token_block_noise
TR04221,train,variant_color
TR04222,train,token_block_noise
TR04223,train,random_same_category
TR04224,train,cross_brand_lookalike
TR04225,train,token_block_noise
TR04226,train,random_same_category
TR04227,train,accessory_diff_host
TR04228,train,successor_model
TR04229,train,token_block_noise
TR04230,train,accessory_vs_host
TR04231,train,variant_capacity
TR04232,train,accessory_vs_host
TR04233,train,token_block_noise
TR04234,train,accessory_diff_host
TR04235,train,variant_color
TR04236,train,variant_capacity
TR04237,train,token_block_noise
TR04238,train,variant_size
TR04239,train,accessory_vs_host
TR04240,train,variant_multi_attr
TR04241,train,variant_multi_attr
TR04242,train,token_block_noise
TR04243,train,random_same_category
TR04244,train,token_block_noise
TR04245,train,token_block_noise
TR04246,train,cross_brand_lookalike
TR04247,train,successor_model
TR04248,train,variant_capacity
TR04249,train,random_same_category
TR04250,train,variant_pack
TR04251,train,random_same_category
TR04252,train,accessory_vs_host
TR04253,train,random_same_category
TR04254,train,cross_brand_lookalike
TR04255,train,variant_pack
TR04256,train,token_block_noise
TR04257,train,token_block_noise
TR04258,train,variant_color
TR04259,train,token_block_noise
TR04260,train,variant_multi_attr
TR04261,train,cross_brand_lookalike
TR04262,train,variant_size
TR04263,train,same_sku
TR04264,train,variant_capacity
TR04265,train,random_same_category
TR04266,train,accessory_vs_host
TR04267,train,variant_pack
TR04268,train,variant_color
TR04269,train,variant_color
TR04270,train,variant_color
TR04271,train,cross_brand_lookalike
TR04272,train,variant_multi_attr
TR04273,train,variant_color
TR04274,train,token_block_noise
TR04275,train,cross_brand_lookalike
TR04276,train,random_same_category
TR04277,train,cross_brand_lookalike
TR04278,train,variant_size
TR04279,train,random_same_category
TR04280,train,variant_capacity
TR04281,train,accessory_vs_host
TR04282,train,variant_multi_attr
TR04283,train,variant_capacity
TR04284,train,cross_brand_lookalike
TR04285,train,cross_brand_lookalike
TR04286,train,cross_brand_lookalike
TR04287,train,accessory_diff_host
TR04288,train,random_same_category
TR04289,train,random_same_category
TR04290,train,variant_size
TR04291,train,cross_brand_lookalike
TR04292,train,variant_capacity
TR04293,train,token_block_noise
TR04294,train,accessory_diff_host
TR04295,train,variant_multi_attr
TR04296,train,token_block_noise
TR04297,train,cross_brand_lookalike
TR04298,train,variant_capacity
TR04299,train,cross_brand_lookalike
TR04300,train,same_sku
TR04301,train,random_same_category
TR04302,train,cross_brand_lookalike
TR04303,train,accessory_diff_host
TR04304,train,cross_brand_lookalike
TR04305,train,cross_brand_lookalike
TR04306,train,variant_color
TR04307,train,same_sku
TR04308,train,cross_brand_lookalike
TR04309,train,same_sku
TR04310,train,variant_capacity
TR04311,train,cross_brand_lookalike
TR04312,train,token_block_noise
TR04313,train,random_same_category
TR04314,train,cross_brand_lookalike
TR04315,train,variant_multi_attr
TR04316,train,cross_brand_lookalike
TR04317,train,variant_multi_attr
TR04318,train,token_block_noise
TR04319,train,accessory_vs_host
TR04320,train,random_same_category
TR04321,train,token_block_noise
TR04322,train,successor_model
TR04323,train,token_block_noise
TR04324,train,cross_brand_lookalike
TR04325,train,successor_model
TR04326,train,same_sku
TR04327,train,same_sku
TR04328,train,accessory_diff_host
TR04329,train,token_block_noise
TR04330,train,same_sku
TR04331,train,same_sku
TR04332,train,same_sku
TR04333,train,cross_brand_lookalike
TR04334,train,cross_brand_lookalike
TR04335,train,variant_multi_attr
TR04336,train,variant_size
TR04337,train,variant_pack
TR04338,train,variant_color
TR04339,train,variant_color
TR04340,train,cross_brand_lookalike
TR04341,train,variant_color
TR04342,train,same_sku
TR04343,train,variant_capacity
TR04344,train,variant_size
TR04345,train,variant_color
TR04346,train,cross_brand_lookalike
TR04347,train,token_block_noise
TR04348,train,variant_multi_attr
TR04349,train,variant_capacity
TR04350,train,variant_capacity
TR04351,train,variant_multi_attr
TR04352,train,same_sku
TR04353,train,variant_capacity
TR04354,train,random_same_category
TR04355,train,token_block_noise
TR04356,train,variant_capacity
TR04357,train,same_brand_diff_line
TR04358,train,random_same_category
TR04359,train,random_same_category
TR04360,train,accessory_vs_host
TR04361,train,cross_brand_lookalike
TR04362,train,variant_color
TR04363,train,variant_capacity
TR04364,train,random_same_category
TR04365,train,accessory_diff_host
TR04366,train,variant_color
TR04367,train,variant_capacity
TR04368,train,accessory_vs_host
TR04369,train,same_sku
TR04370,train,random_same_category
TR04371,train,same_sku
TR04372,train,token_block_noise
TR04373,train,successor_model
TR04374,train,variant_color
TR04375,train,token_block_noise
TR04376,train,variant_capacity
TR04377,train,same_sku
TR04378,train,successor_model
TR04379,train,token_block_noise
TR04380,train,variant_multi_attr
TR04381,train,cross_brand_lookalike
TR04382,train,variant_pack
TR04383,train,variant_multi_attr
TR04384,train,token_block_noise
TR04385,train,same_sku
TR04386,train,variant_multi_attr
TR04387,train,same_sku
TR04388,train,same_sku
TR04389,train,same_sku
TR04390,train,token_block_noise
TR04391,train,same_sku
TR04392,train,variant_capacity
TR04393,train,cross_brand_lookalike
TR04394,train,variant_color
TR04395,train,variant_pack
TR04396,train,token_block_noise
TR04397,train,token_block_noise
TR04398,train,same_sku
TR04399,train,successor_model
TR04400,train,same_brand_diff_line
TR04401,train,token_block_noise
TR04402,train,successor_model
TR04403,train,token_block_noise
TR04404,train,same_sku
TR04405,train,variant_pack
TR04406,train,cross_brand_lookalike
TR04407,train,token_block_noise
TR04408,train,variant_multi_attr
TR04409,train,cross_brand_lookalike
TR04410,train,variant_color
TR04411,train,random_same_category
TR04412,train,same_sku
TR04413,train,token_block_noise
TR04414,train,variant_capacity
TR04415,train,variant_color
TR04416,train,token_block_noise
TR04417,train,token_block_noise
TR04418,train,variant_multi_attr
TR04419,train,token_block_noise
TR04420,train,variant_color
TR04421,train,same_sku
TR04422,train,variant_color
TR04423,train,cross_brand_lookalike
TR04424,train,variant_size
TR04425,train,cross_brand_lookalike
TR04426,train,accessory_vs_host
TR04427,train,variant_multi_attr
TR04428,train,cross_brand_lookalike
TR04429,train,cross_brand_lookalike
TR04430,train,variant_pack
TR04431,train,accessory_vs_host
TR04432,train,variant_color
TR04433,train,accessory_diff_host
TR04434,train,accessory_vs_host
TR04435,train,token_block_noise
TR04436,train,same_sku
TR04437,train,variant_capacity
TR04438,train,same_sku
TR04439,train,cross_brand_lookalike
TR04440,train,same_sku
TR04441,train,variant_capacity
TR04442,train,cross_brand_lookalike
TR04443,train,token_block_noise
TR04444,train,cross_brand_lookalike
TR04445,train,random_same_category
TR04446,train,variant_multi_attr
TR04447,train,variant_color
TR04448,train,variant_color
TR04449,train,random_same_category
TR04450,train,variant_color
TR04451,train,same_sku
TR04452,train,random_same_category
TR04453,train,same_sku
TR04454,train,token_block_noise
TR04455,train,variant_size
TR04456,train,token_block_noise
TR04457,train,accessory_vs_host
TR04458,train,variant_multi_attr
TR04459,train,variant_multi_attr
TR04460,train,random_same_category
TR04461,train,random_same_category
TR04462,train,random_same_category
TR04463,train,random_same_category
TR04464,train,cross_brand_lookalike
TR04465,train,token_block_noise
TR04466,train,cross_brand_lookalike
TR04467,train,cross_brand_lookalike
TR04468,train,token_block_noise
TR04469,train,token_block_noise
TR04470,train,token_block_noise
TR04471,train,token_block_noise
TR04472,train,accessory_vs_host
TR04473,train,cross_brand_lookalike
TR04474,train,random_same_category
TR04475,train,accessory_vs_host
TR04476,train,token_block_noise
TR04477,train,accessory_diff_host
TR04478,train,token_block_noise
TR04479,train,same_sku
TR04480,train,variant_pack
TR04481,train,cross_brand_lookalike
TR04482,train,token_block_noise
TR04483,train,accessory_diff_host
TR04484,train,same_sku
TR04485,train,token_block_noise
TR04486,train,token_block_noise
TR04487,train,same_sku
TR04488,train,successor_model
TR04489,train,variant_color
TR04490,train,cross_brand_lookalike
TR04491,train,token_block_noise
TR04492,train,token_block_noise
TR04493,train,variant_capacity
TR04494,train,token_block_noise
TR04495,train,accessory_diff_host
TR04496,train,cross_brand_lookalike
TR04497,train,random_same_category
TR04498,train,variant_capacity
TR04499,train,accessory_diff_host
TR04500,train,variant_capacity
TR04501,train,token_block_noise
TR04502,train,token_block_noise
TR04503,train,token_block_noise
TR04504,train,same_sku
TR04505,train,token_block_noise
TR04506,train,variant_capacity
TR04507,train,variant_capacity
TR04508,train,accessory_vs_host
TR04509,train,token_block_noise
TR04510,train,variant_color
TR04511,train,successor_model
TR04512,train,same_sku
TR04513,train,variant_capacity
TR04514,train,variant_multi_attr
TR04515,train,variant_capacity
TR04516,train,cross_brand_lookalike
TR04517,train,variant_multi_attr
TR04518,train,variant_color
TR04519,train,token_block_noise
TR04520,train,variant_color
TR04521,train,accessory_vs_host
TR04522,train,accessory_vs_host
TR04523,train,variant_multi_attr
TR04524,train,cross_brand_lookalike
TR04525,train,same_sku
TR04526,train,cross_brand_lookalike
TR04527,train,cross_brand_lookalike
TR04528,train,accessory_vs_host
TR04529,train,token_block_noise
TR04530,train,variant_color
TR04531,train,same_sku
TR04532,train,same_sku
TR04533,train,accessory_vs_host
TR04534,train,variant_multi_attr
TR04535,train,same_sku
TR04536,train,random_same_category
TR04537,train,random_same_category
TR04538,train,token_block_noise
TR04539,train,variant_color
TR04540,train,variant_pack
TR04541,train,token_block_noise
TR04542,train,variant_capacity
TR04543,train,same_sku
TR04544,train,same_sku
TR04545,train,token_block_noise
TR04546,train,accessory_vs_host
TR04547,train,same_sku
TR04548,train,cross_brand_lookalike
TR04549,train,variant_size
TR04550,train,cross_brand_lookalike
TR04551,train,accessory_diff_host
TR04552,train,variant_multi_attr
TR04553,train,successor_model
TR04554,train,random_same_category
TR04555,train,variant_color
TR04556,train,variant_color
TR04557,train,variant_multi_attr
TR04558,train,token_block_noise
TR04559,train,accessory_vs_host
TR04560,train,cross_brand_lookalike
TR04561,train,variant_capacity
TR04562,train,accessory_vs_host
TR04563,train,variant_multi_attr
TR04564,train,same_sku
TR04565,train,variant_capacity
TR04566,train,token_block_noise
TR04567,train,same_sku
TR04568,train,accessory_vs_host
TR04569,train,variant_color
TR04570,train,token_block_noise
TR04571,train,variant_pack
TR04572,train,token_block_noise
TR04573,train,accessory_diff_host
TR04574,train,cross_brand_lookalike
TR04575,train,variant_multi_attr
TR04576,train,variant_capacity
TR04577,train,same_sku
TR04578,train,random_same_category
TR04579,train,variant_capacity
TR04580,train,random_same_category
TR04581,train,same_sku
TR04582,train,same_sku
TR04583,train,variant_multi_attr
TR04584,train,variant_multi_attr
TR04585,train,variant_multi_attr
TR04586,train,variant_color
TR04587,train,variant_pack
TR04588,train,same_sku
TR04589,train,same_sku
TR04590,train,accessory_diff_host
TR04591,train,accessory_diff_host
TR04592,train,variant_capacity
TR04593,train,token_block_noise
TR04594,train,variant_multi_attr
TR04595,train,same_sku
TR04596,train,cross_brand_lookalike
TR04597,train,token_block_noise
TR04598,train,cross_brand_lookalike
TR04599,train,successor_model
TR04600,train,token_block_noise
TR04601,train,variant_capacity
TR04602,train,variant_capacity
TR04603,train,accessory_vs_host
TR04604,train,accessory_vs_host
TR04605,train,successor_model
TR04606,train,same_sku
TR04607,train,random_same_category
TR04608,train,cross_brand_lookalike
TR04609,train,token_block_noise
TR04610,train,same_sku
TR04611,train,random_same_category
TR04612,train,variant_size
TR04613,train,token_block_noise
TR04614,train,same_sku
TR04615,train,random_same_category
TR04616,train,cross_brand_lookalike
TR04617,train,variant_color
TR04618,train,variant_color
TR04619,train,random_same_category
TR04620,train,same_sku
TR04621,train,variant_color
TR04622,train,random_same_category
TR04623,train,token_block_noise
TR04624,train,variant_capacity
TR04625,train,variant_capacity
TR04626,train,cross_brand_lookalike
TR04627,train,variant_color
TR04628,train,accessory_diff_host
TR04629,train,cross_brand_lookalike
TR04630,train,token_block_noise
TR04631,train,variant_pack
TR04632,train,variant_pack
TR04633,train,same_sku
TR04634,train,same_sku
TR04635,train,random_same_category
TR04636,train,same_sku
TR04637,train,random_same_category
TR04638,train,variant_color
TR04639,train,variant_multi_attr
TR04640,train,variant_color
TR04641,train,variant_capacity
TR04642,train,variant_size
TR04643,train,token_block_noise
TR04644,train,cross_brand_lookalike
TR04645,train,token_block_noise
TR04646,train,token_block_noise
TR04647,train,successor_model
TR04648,train,token_block_noise
TR04649,train,cross_brand_lookalike
TR04650,train,accessory_vs_host
TR04651,train,token_block_noise
TR04652,train,random_same_category
TR04653,train,token_block_noise
TR04654,train,successor_model
TR04655,train,token_block_noise
TR04656,train,cross_brand_lookalike
TR04657,train,cross_brand_lookalike
TR04658,train,variant_size
TR04659,train,random_same_category
TR04660,train,token_block_noise
TR04661,train,cross_brand_lookalike
TR04662,train,variant_color
TR04663,train,cross_brand_lookalike
TR04664,train,accessory_diff_host
TR04665,train,same_sku
TR04666,train,token_block_noise
TR04667,train,accessory_diff_host
TR04668,train,token_block_noise
TR04669,train,token_block_noise
TR04670,train,variant_color
TR04671,train,variant_capacity
TR04672,train,accessory_diff_host
TR04673,train,variant_color
TR04674,train,token_block_noise
TR04675,train,cross_brand_lookalike
TR04676,train,token_block_noise
TR04677,train,cross_brand_lookalike
TR04678,train,variant_color
TR04679,train,accessory_vs_host
TR04680,train,same_sku
TR04681,train,token_block_noise
TR04682,train,accessory_diff_host
TR04683,train,same_sku
TR04684,train,accessory_diff_host
TR04685,train,accessory_vs_host
TR04686,train,variant_pack
TR04687,train,variant_capacity
TR04688,train,variant_color
TR04689,train,variant_capacity
TR04690,train,accessory_vs_host
TR04691,train,token_block_noise
TR04692,train,same_sku
TR04693,train,successor_model
TR04694,train,same_sku
TR04695,train,random_same_category
TR04696,train,variant_capacity
TR04697,train,variant_capacity
TR04698,train,variant_size
TR04699,train,token_block_noise
TR04700,train,same_sku
TR04701,train,token_block_noise
TR04702,train,random_same_category
TR04703,train,same_sku
TR04704,train,token_block_noise
TR04705,train,same_brand_diff_line
TR04706,train,token_block_noise
TR04707,train,variant_size
TR04708,train,accessory_vs_host
TR04709,train,accessory_vs_host
TR04710,train,same_sku
TR04711,train,variant_color
TR04712,train,token_block_noise
TR04713,train,same_sku
TR04714,train,variant_pack
TR04715,train,variant_capacity
TR04716,train,cross_brand_lookalike
TR04717,train,same_sku
TR04718,train,variant_capacity
TR04719,train,token_block_noise
TR04720,train,successor_model
TR04721,train,successor_model
TR04722,train,successor_model
TR04723,train,cross_brand_lookalike
TR04724,train,variant_pack
TR04725,train,accessory_vs_host
TR04726,train,variant_capacity
TR04727,train,cross_brand_lookalike
TR04728,train,same_sku
TR04729,train,cross_brand_lookalike
TR04730,train,cross_brand_lookalike
TR04731,train,variant_multi_attr
TR04732,train,variant_color
TR04733,train,variant_capacity
TR04734,train,same_sku
TR04735,train,variant_color
TR04736,train,successor_model
TR04737,train,variant_pack
TR04738,train,variant_pack
TR04739,train,accessory_diff_host
TR04740,train,random_same_category
TR04741,train,cross_brand_lookalike
TR04742,train,cross_brand_lookalike
TR04743,train,token_block_noise
TR04744,train,accessory_vs_host
TR04745,train,variant_color
TR04746,train,variant_multi_attr
TR04747,train,accessory_vs_host
TR04748,train,token_block_noise
TR04749,train,accessory_vs_host
TR04750,train,variant_color
TR04751,train,variant_color
TR04752,train,same_brand_diff_line
TR04753,train,successor_model
TR04754,train,variant_color
TR04755,train,same_sku
TR04756,train,token_block_noise
TR04757,train,cross_brand_lookalike
TR04758,train,variant_color
TR04759,train,cross_brand_lookalike
TR04760,train,variant_pack
TR04761,train,variant_multi_attr
TR04762,train,token_block_noise
TR04763,train,cross_brand_lookalike
TR04764,train,variant_capacity
TR04765,train,variant_color
TR04766,train,successor_model
TR04767,train,variant_color
TR04768,train,same_sku
TR04769,train,variant_pack
TR04770,train,random_same_category
TR04771,train,variant_capacity
TR04772,train,variant_color
TR04773,train,variant_pack
TR04774,train,token_block_noise
TR04775,train,accessory_diff_host
TR04776,train,successor_model
TR04777,train,accessory_diff_host
TR04778,train,cross_brand_lookalike
TR04779,train,same_sku
TR04780,train,variant_color
TR04781,train,accessory_diff_host
TR04782,train,variant_pack
TR04783,train,same_sku
TR04784,train,variant_capacity
TR04785,train,variant_capacity
TR04786,train,token_block_noise
TR04787,train,successor_model
TR04788,train,accessory_vs_host
TR04789,train,cross_brand_lookalike
TR04790,train,cross_brand_lookalike
TR04791,train,variant_pack
TR04792,train,accessory_diff_host
TR04793,train,successor_model
TR04794,train,variant_capacity
TR04795,train,cross_brand_lookalike
TR04796,train,variant_pack
TR04797,train,variant_capacity
TR04798,train,variant_color
TR04799,train,variant_color
TR04800,train,same_sku
TR04801,train,variant_pack
TR04802,train,accessory_vs_host
TR04803,train,same_sku
TR04804,train,token_block_noise
TR04805,train,variant_color
TR04806,train,variant_capacity
TR04807,train,variant_pack
TR04808,train,cross_brand_lookalike
TR04809,train,accessory_vs_host
TR04810,train,token_block_noise
TR04811,train,cross_brand_lookalike
TR04812,train,variant_color
TR04813,train,random_same_category
TR04814,train,variant_pack
TR04815,train,successor_model
TR04816,train,same_sku
TR04817,train,variant_color
TR04818,train,variant_capacity
TR04819,train,variant_size
TR04820,train,same_sku
TR04821,train,random_same_category
TR04822,train,accessory_vs_host
TR04823,train,variant_multi_attr
TR04824,train,accessory_vs_host
TR04825,train,same_sku
TR04826,train,variant_color
TR04827,train,variant_color
TR04828,train,token_block_noise
TR04829,train,variant_capacity
TR04830,train,token_block_noise
TR04831,train,variant_color
TR04832,train,variant_capacity
TR04833,train,variant_pack
TR04834,train,accessory_vs_host
TR04835,train,cross_brand_lookalike
TR04836,train,variant_multi_attr
TR04837,train,variant_capacity
TR04838,train,random_same_category
TR04839,train,token_block_noise
TR04840,train,same_sku
TR04841,train,variant_capacity
TR04842,train,variant_color
TR04843,train,successor_model
TR04844,train,accessory_vs_host
TR04845,train,variant_multi_attr
TR04846,train,token_block_noise
TR04847,train,variant_color
TR04848,train,same_sku
TR04849,train,same_sku
TR04850,train,variant_color
TR04851,train,variant_color
TR04852,train,token_block_noise
TR04853,train,same_sku
TR04854,train,variant_color
TR04855,train,token_block_noise
TR04856,train,variant_capacity
TR04857,train,token_block_noise
TR04858,train,accessory_diff_host
TR04859,train,variant_capacity
TR04860,train,random_same_category
TR04861,train,accessory_diff_host
TR04862,train,accessory_diff_host
TR04863,train,same_sku
TR04864,train,variant_pack
TR04865,train,random_same_category
TR04866,train,accessory_vs_host
TR04867,train,same_sku
TR04868,train,token_block_noise
TR04869,train,variant_color
TR04870,train,same_sku
TR04871,train,variant_color
TR04872,train,accessory_diff_host
TR04873,train,variant_size
TR04874,train,variant_color
TR04875,train,cross_brand_lookalike
TR04876,train,variant_color
TR04877,train,variant_multi_attr
TR04878,train,same_sku
TR04879,train,token_block_noise
TR04880,train,accessory_diff_host
TR04881,train,token_block_noise
TR04882,train,same_sku
TR04883,train,cross_brand_lookalike
TR04884,train,variant_color
TR04885,train,random_same_category
TR04886,train,variant_capacity
TR04887,train,same_sku
TR04888,train,accessory_vs_host
TR04889,train,same_sku
TR04890,train,token_block_noise
TR04891,train,variant_capacity
TR04892,train,token_block_noise
TR04893,train,accessory_diff_host
TR04894,train,token_block_noise
TR04895,train,variant_capacity
TR04896,train,accessory_vs_host
TR04897,train,token_block_noise
TR04898,train,variant_color
TR04899,train,variant_multi_attr
TR04900,train,variant_capacity
TR04901,train,same_sku
TR04902,train,accessory_diff_host
TR04903,train,variant_color
TR04904,train,variant_capacity
TR04905,train,variant_capacity
TR04906,train,variant_capacity
TR04907,train,token_block_noise
TR04908,train,same_sku
TR04909,train,variant_color
TR04910,train,variant_capacity
TR04911,train,variant_capacity
TR04912,train,variant_size
TR04913,train,random_same_category
TR04914,train,cross_brand_lookalike
TR04915,train,cross_brand_lookalike
TR04916,train,variant_capacity
TR04917,train,variant_capacity
TR04918,train,token_block_noise
TR04919,train,token_block_noise
TR04920,train,token_block_noise
TR04921,train,variant_multi_attr
TR04922,train,variant_capacity
TR04923,train,variant_capacity
TR04924,train,same_sku
TR04925,train,token_block_noise
TR04926,train,same_sku
TR04927,train,variant_color
TR04928,train,variant_multi_attr
TR04929,train,successor_model
TR04930,train,token_block_noise
TR04931,train,same_sku
TR04932,train,cross_brand_lookalike
TR04933,train,random_same_category
TR04934,train,variant_multi_attr
TR04935,train,cross_brand_lookalike
TR04936,train,same_sku
TR04937,train,variant_size
TR04938,train,variant_capacity
TR04939,train,cross_brand_lookalike
TR04940,train,cross_brand_lookalike
TR04941,train,same_sku
TR04942,train,variant_pack
TR04943,train,token_block_noise
TR04944,train,variant_color
TR04945,train,cross_brand_lookalike
TR04946,train,cross_brand_lookalike
TR04947,train,variant_capacity
TR04948,train,variant_capacity
TR04949,train,variant_pack
TR04950,train,same_sku
TR04951,train,successor_model
TR04952,train,variant_size
TR04953,train,token_block_noise
TR04954,train,token_block_noise
TR04955,train,accessory_vs_host
TR04956,train,cross_brand_lookalike
TR04957,train,token_block_noise
TR04958,train,same_sku
TR04959,train,variant_color
TR04960,train,cross_brand_lookalike
TR04961,train,same_sku
TR04962,train,same_sku
TR04963,train,cross_brand_lookalike
TR04964,train,cross_brand_lookalike
TR04965,train,token_block_noise
TR04966,train,cross_brand_lookalike
TR04967,train,token_block_noise
TR04968,train,variant_multi_attr
TR04969,train,variant_multi_attr
TR04970,train,successor_model
TR04971,train,variant_capacity
TR04972,train,accessory_vs_host
TR04973,train,variant_color
TR04974,train,variant_capacity
TR04975,train,variant_capacity
TR04976,train,variant_color
TR04977,train,cross_brand_lookalike
TR04978,train,token_block_noise
TR04979,train,successor_model
TR04980,train,variant_color
TR04981,train,variant_capacity
TR04982,train,cross_brand_lookalike
TR04983,train,variant_capacity
TR04984,train,cross_brand_lookalike
TR04985,train,cross_brand_lookalike
TR04986,train,random_same_category
TR04987,train,accessory_vs_host
TR04988,train,variant_color
TR04989,train,variant_color
TR04990,train,same_sku
TR04991,train,variant_multi_attr
TR04992,train,random_same_category
TR04993,train,token_block_noise
TR04994,train,variant_color
TR04995,train,same_sku
TR04996,train,variant_capacity
TR04997,train,accessory_vs_host
TR04998,train,accessory_diff_host
TR04999,train,cross_brand_lookalike
TR05000,train,successor_model
TR05001,train,cross_brand_lookalike
TR05002,train,random_same_category
TR05003,train,same_sku
TR05004,train,same_sku
TR05005,train,variant_color
TR05006,train,token_block_noise
TR05007,train,variant_color
TR05008,train,variant_color
TR05009,train,cross_brand_lookalike
TR05010,train,token_block_noise
TR05011,train,successor_model
TR05012,train,accessory_vs_host
TR05013,train,token_block_noise
TR05014,train,accessory_vs_host
TR05015,train,successor_model
TR05016,train,variant_size
TR05017,train,variant_color
TR05018,train,same_brand_diff_line
TR05019,train,token_block_noise
TR05020,train,token_block_noise
TR05021,train,accessory_vs_host
TR05022,train,random_same_category
TR05023,train,variant_pack
TR05024,train,variant_capacity
TR05025,train,random_same_category
TR05026,train,variant_color
TR05027,train,same_brand_diff_line
TR05028,train,successor_model
TR05029,train,cross_brand_lookalike
TR05030,train,variant_color
TR05031,train,random_same_category
TR05032,train,variant_color
TR05033,train,token_block_noise
TR05034,train,token_block_noise
TR05035,train,variant_size
TR05036,train,same_sku
TR05037,train,variant_color
TR05038,train,random_same_category
TR05039,train,cross_brand_lookalike
TR05040,train,cross_brand_lookalike
TR05041,train,variant_color
TR05042,train,accessory_vs_host
TR05043,train,accessory_diff_host
TR05044,train,random_same_category
TR05045,train,variant_color
TR05046,train,variant_size
TR05047,train,accessory_diff_host
TR05048,train,accessory_vs_host
TR05049,train,variant_size
TR05050,train,variant_capacity
TR05051,train,variant_multi_attr
TR05052,train,token_block_noise
TR05053,train,variant_pack
TR05054,train,variant_multi_attr
TR05055,train,token_block_noise
TR05056,train,variant_multi_attr
TR05057,train,variant_multi_attr
TR05058,train,token_block_noise
TR05059,train,same_sku
TR05060,train,same_sku
TR05061,train,variant_color
TR05062,train,variant_multi_attr
TR05063,train,variant_multi_attr
TR05064,train,variant_color
TR05065,train,variant_capacity
TR05066,train,variant_size
TR05067,train,variant_size
TR05068,train,token_block_noise
TR05069,train,variant_pack
TR05070,train,cross_brand_lookalike
TR05071,train,variant_multi_attr
TR05072,train,accessory_diff_host
TR05073,train,token_block_noise
TR05074,train,accessory_vs_host
TR05075,train,same_sku
TR05076,train,same_sku
TR05077,train,cross_brand_lookalike
TR05078,train,cross_brand_lookalike
TR05079,train,variant_color
TR05080,train,variant_size
TR05081,train,variant_capacity
TR05082,train,variant_multi_attr
TR05083,train,accessory_diff_host
TR05084,train,same_sku
TR05085,train,same_brand_diff_line
TR05086,train,accessory_vs_host
TR05087,train,cross_brand_lookalike
TR05088,train,variant_multi_attr
TR05089,train,random_same_category
TR05090,train,variant_color
TR05091,train,token_block_noise
TR05092,train,variant_capacity
TR05093,train,same_sku
TR05094,train,accessory_vs_host
TR05095,train,variant_color
TR05096,train,variant_color
TR05097,train,accessory_diff_host
TR05098,train,same_sku
TR05099,train,same_sku
TR05100,train,token_block_noise
TR05101,train,variant_color
TR05102,train,token_block_noise
TR05103,train,same_sku
TR05104,train,variant_capacity
TR05105,train,variant_color
TR05106,train,variant_capacity
TR05107,train,accessory_vs_host
TR05108,train,accessory_vs_host
TR05109,train,variant_color
TR05110,train,variant_color
TR05111,train,token_block_noise
TR05112,train,variant_color
TR05113,train,random_same_category
TR05114,train,token_block_noise
TR05115,train,successor_model
TR05116,train,same_sku
TR05117,train,accessory_vs_host
TR05118,train,variant_multi_attr
TR05119,train,token_block_noise
TR05120,train,variant_capacity
TR05121,train,variant_pack
TR05122,train,same_sku
TR05123,train,cross_brand_lookalike
TR05124,train,variant_pack
TR05125,train,accessory_vs_host
TR05126,train,token_block_noise
TR05127,train,same_sku
TR05128,train,cross_brand_lookalike
TR05129,train,cross_brand_lookalike
TR05130,train,token_block_noise
TR05131,train,variant_color
TR05132,train,token_block_noise
TR05133,train,accessory_vs_host
TR05134,train,variant_multi_attr
TR05135,train,same_sku
TR05136,train,same_sku
TR05137,train,variant_color
TR05138,train,token_block_noise
TR05139,train,random_same_category
TR05140,train,variant_color
TR05141,train,accessory_vs_host
TR05142,train,same_sku
TR05143,train,token_block_noise
TR05144,train,variant_color
TR05145,train,successor_model
TR05146,train,cross_brand_lookalike
TR05147,train,accessory_diff_host
TR05148,train,variant_size
TR05149,train,variant_capacity
TR05150,train,variant_color
TR05151,train,variant_color
TR05152,train,successor_model
TR05153,train,same_sku
TR05154,train,variant_color
TR05155,train,accessory_diff_host
TR05156,train,cross_brand_lookalike
TR05157,train,cross_brand_lookalike
TR05158,train,cross_brand_lookalike
TR05159,train,variant_capacity
TR05160,train,token_block_noise
TR05161,train,same_brand_diff_line
TR05162,train,accessory_vs_host
TR05163,train,cross_brand_lookalike
TR05164,train,accessory_vs_host
TR05165,train,accessory_diff_host
TR05166,train,cross_brand_lookalike
TR05167,train,variant_size
TR05168,train,accessory_vs_host
TR05169,train,same_sku
TR05170,train,successor_model
TR05171,train,token_block_noise
TR05172,train,accessory_vs_host
TR05173,train,same_sku
TR05174,train,accessory_diff_host
TR05175,train,variant_capacity
TR05176,train,variant_size
TR05177,train,same_sku
TR05178,train,variant_color
TR05179,train,successor_model
TR05180,train,variant_color
TR05181,train,same_sku
TR05182,train,accessory_vs_host
TR05183,train,token_block_noise
TR05184,train,accessory_vs_host
TR05185,train,variant_pack
TR05186,train,token_block_noise
TR05187,train,variant_color
TR05188,train,random_same_category
TR05189,train,same_sku
TR05190,train,variant_multi_attr
TR05191,train,random_same_category
TR05192,train,random_same_category
TR05193,train,same_sku
TR05194,train,cross_brand_lookalike
TR05195,train,same_sku
TR05196,train,cross_brand_lookalike
TR05197,train,successor_model
TR05198,train,variant_color
TR05199,train,cross_brand_lookalike
TR05200,train,token_block_noise
TR05201,train,variant_color
TR05202,train,same_sku
TR05203,train,successor_model
TR05204,train,token_block_noise
TR05205,train,variant_pack
TR05206,train,random_same_category
TR05207,train,variant_size
TR05208,train,variant_pack
TR05209,train,cross_brand_lookalike
TR05210,train,token_block_noise
TR05211,train,same_sku
TR05212,train,same_sku
TR05213,train,variant_capacity
TR05214,train,variant_capacity
TR05215,train,token_block_noise
TR05216,train,same_sku
TR05217,train,same_sku
TR05218,train,variant_capacity
TR05219,train,token_block_noise
TR05220,train,random_same_category
TR05221,train,variant_capacity
TR05222,train,variant_pack
TR05223,train,accessory_vs_host
TR05224,train,token_block_noise
TR05225,train,variant_pack
TR05226,train,accessory_diff_host
TR05227,train,variant_multi_attr
TR05228,train,accessory_vs_host
TR05229,train,same_sku
TR05230,train,cross_brand_lookalike
TR05231,train,accessory_diff_host
TR05232,train,variant_pack
TR05233,train,token_block_noise
TR05234,train,same_sku
TR05235,train,token_block_noise
TR05236,train,variant_pack
TR05237,train,random_same_category
TR05238,train,cross_brand_lookalike
TR05239,train,variant_color
TR05240,train,variant_multi_attr
TR05241,train,variant_pack
TR05242,train,same_sku
TR05243,train,random_same_category
TR05244,train,cross_brand_lookalike
TR05245,train,same_sku
TR05246,train,same_sku
TR05247,train,cross_brand_lookalike
TR05248,train,variant_size
TR05249,train,variant_multi_attr
TR05250,train,random_same_category
TR05251,train,variant_multi_attr
TR05252,train,same_sku
TR05253,train,variant_capacity
TR05254,train,random_same_category
TR05255,train,variant_multi_attr
TR05256,train,accessory_vs_host
TR05257,train,variant_multi_attr
TR05258,train,variant_pack
TR05259,train,same_sku
TR05260,train,variant_pack
TR05261,train,random_same_category
TR05262,train,token_block_noise
TR05263,train,random_same_category
TR05264,train,variant_color
TR05265,train,cross_brand_lookalike
TR05266,train,same_sku
TR05267,train,variant_capacity
TR05268,train,same_sku
TR05269,train,variant_pack
TR05270,train,variant_capacity
TR05271,train,successor_model
TR05272,train,successor_model
TR05273,train,same_sku
TR05274,train,token_block_noise
TR05275,train,token_block_noise
TR05276,train,accessory_vs_host
TR05277,train,variant_color
TR05278,train,same_sku
TR05279,train,token_block_noise
TR05280,train,random_same_category
TR05281,train,same_brand_diff_line
TR05282,train,variant_multi_attr
TR05283,train,variant_capacity
TR05284,train,variant_color
TR05285,train,variant_color
TR05286,train,variant_color
TR05287,train,variant_capacity
TR05288,train,same_sku
TR05289,train,cross_brand_lookalike
TR05290,train,accessory_diff_host
TR05291,train,variant_size
TR05292,train,token_block_noise
TR05293,train,same_sku
TR05294,train,accessory_vs_host
TR05295,train,variant_size
TR05296,train,token_block_noise
TR05297,train,same_brand_diff_line
TR05298,train,token_block_noise
TR05299,train,same_sku
TR05300,train,token_block_noise
TR05301,train,variant_capacity
TR05302,train,variant_pack
TR05303,train,same_sku
TR05304,train,successor_model
TR05305,train,token_block_noise
TR05306,train,same_brand_diff_line
TR05307,train,variant_color
TR05308,train,token_block_noise
TR05309,train,random_same_category
TR05310,train,accessory_vs_host
TR05311,train,same_sku
TR05312,train,accessory_diff_host
TR05313,train,variant_pack
TR05314,train,variant_capacity
TR05315,train,same_sku
TR05316,train,variant_color
TR05317,train,variant_pack
TR05318,train,random_same_category
TR05319,train,accessory_diff_host
TR05320,train,token_block_noise
TR05321,train,token_block_noise
TR05322,train,cross_brand_lookalike
TR05323,train,same_sku
TR05324,train,token_block_noise
TR05325,train,token_block_noise
TR05326,train,accessory_vs_host
TR05327,train,random_same_category
TR05328,train,variant_size
TR05329,train,token_block_noise
TR05330,train,variant_color
TR05331,train,same_sku
TR05332,train,same_sku
TR05333,train,cross_brand_lookalike
TR05334,train,successor_model
TR05335,train,token_block_noise
TR05336,train,variant_capacity
TR05337,train,cross_brand_lookalike
TR05338,train,accessory_vs_host
TR05339,train,cross_brand_lookalike
TR05340,train,same_sku
TR05341,train,variant_multi_attr
TR05342,train,random_same_category
TR05343,train,variant_color
TR05344,train,variant_capacity
TR05345,train,variant_multi_attr
TR05346,train,variant_capacity
TR05347,train,same_sku
TR05348,train,token_block_noise
TR05349,train,cross_brand_lookalike
TR05350,train,token_block_noise
TR05351,train,variant_capacity
TR05352,train,token_block_noise
TR05353,train,random_same_category
TR05354,train,token_block_noise
TR05355,train,variant_multi_attr
TR05356,train,variant_capacity
TR05357,train,random_same_category
TR05358,train,token_block_noise
TR05359,train,same_brand_diff_line
TR05360,train,variant_pack
TR05361,train,cross_brand_lookalike
TR05362,train,variant_multi_attr
TR05363,train,cross_brand_lookalike
TR05364,train,random_same_category
TR05365,train,token_block_noise
TR05366,train,cross_brand_lookalike
TR05367,train,accessory_diff_host
TR05368,train,cross_brand_lookalike
TR05369,train,same_sku
TR05370,train,cross_brand_lookalike
TR05371,train,variant_pack
TR05372,train,accessory_diff_host
TR05373,train,token_block_noise
TR05374,train,cross_brand_lookalike
TR05375,train,variant_pack
TR05376,train,accessory_diff_host
TR05377,train,variant_multi_attr
TR05378,train,same_sku
TR05379,train,variant_color
TR05380,train,cross_brand_lookalike
TR05381,train,cross_brand_lookalike
TR05382,train,same_sku
TR05383,train,same_sku
TR05384,train,variant_color
TR05385,train,accessory_vs_host
TR05386,train,variant_multi_attr
TR05387,train,variant_multi_attr
TR05388,train,cross_brand_lookalike
TR05389,train,variant_color
TR05390,train,token_block_noise
TR05391,train,variant_color
TR05392,train,variant_color
TR05393,train,variant_size
TR05394,train,variant_multi_attr
TR05395,train,accessory_diff_host
TR05396,train,variant_multi_attr
TR05397,train,variant_capacity
TR05398,train,variant_pack
TR05399,train,same_sku
TR05400,train,successor_model
TR05401,train,variant_size
TR05402,train,same_sku
TR05403,train,token_block_noise
TR05404,train,variant_capacity
TR05405,train,cross_brand_lookalike
TR05406,train,variant_capacity
TR05407,train,variant_multi_attr
TR05408,train,variant_size
TR05409,train,successor_model
TR05410,train,accessory_diff_host
TR05411,train,accessory_diff_host
TR05412,train,variant_multi_attr
TR05413,train,variant_color
TR05414,train,variant_capacity
TR05415,train,cross_brand_lookalike
TR05416,train,variant_color
TR05417,train,variant_capacity
TR05418,train,variant_capacity
TR05419,train,variant_multi_attr
TR05420,train,accessory_diff_host
TR05421,train,accessory_vs_host
TR05422,train,cross_brand_lookalike
TR05423,train,accessory_vs_host
TR05424,train,variant_capacity
TR05425,train,accessory_diff_host
TR05426,train,variant_pack
TR05427,train,variant_multi_attr
TR05428,train,token_block_noise
TR05429,train,variant_color
TR05430,train,accessory_diff_host
TR05431,train,token_block_noise
TR05432,train,variant_color
TR05433,train,variant_capacity
TR05434,train,cross_brand_lookalike
TR05435,train,same_brand_diff_line
TR05436,train,variant_capacity
TR05437,train,variant_size
TR05438,train,same_sku
TR05439,train,accessory_diff_host
TR05440,train,variant_multi_attr
TR05441,train,accessory_diff_host
TR05442,train,variant_size
TR05443,train,same_sku
TR05444,train,token_block_noise
TR05445,train,variant_capacity
TR05446,train,variant_color
TR05447,train,random_same_category
TR05448,train,accessory_vs_host
TR05449,train,token_block_noise
TR05450,train,accessory_diff_host
TR05451,train,token_block_noise
TR05452,train,token_block_noise
TR05453,train,variant_size
TR05454,train,token_block_noise
TR05455,train,cross_brand_lookalike
TR05456,train,variant_multi_attr
TR05457,train,accessory_diff_host
TR05458,train,cross_brand_lookalike
TR05459,train,variant_capacity
TR05460,train,accessory_vs_host
TR05461,train,variant_color
TR05462,train,variant_color
TR05463,train,accessory_diff_host
TR05464,train,variant_multi_attr
TR05465,train,variant_size
TR05466,train,variant_multi_attr
TR05467,train,variant_color
TR05468,train,variant_capacity
TR05469,train,variant_pack
TR05470,train,cross_brand_lookalike
TR05471,train,cross_brand_lookalike
TR05472,train,accessory_vs_host
TR05473,train,cross_brand_lookalike
TR05474,train,cross_brand_lookalike
TR05475,train,same_sku
TR05476,train,variant_capacity
TR05477,train,variant_multi_attr
TR05478,train,variant_color
TR05479,train,same_sku
TR05480,train,variant_multi_attr
TR05481,train,random_same_category
TR05482,train,variant_size
TR05483,train,random_same_category
TR05484,train,variant_capacity
TR05485,train,random_same_category
TR05486,train,accessory_vs_host
TR05487,train,variant_capacity
TR05488,train,same_sku
TR05489,train,random_same_category
TR05490,train,same_sku
TR05491,train,random_same_category
TR05492,train,accessory_diff_host
TR05493,train,same_sku
TR05494,train,same_sku
TR05495,train,variant_size
TR05496,train,token_block_noise
TR05497,train,variant_capacity
TR05498,train,variant_multi_attr
TR05499,train,cross_brand_lookalike
TR05500,train,variant_color
TR05501,train,variant_pack
TR05502,train,variant_capacity
TR05503,train,cross_brand_lookalike
TR05504,train,token_block_noise
TR05505,train,variant_capacity
TR05506,train,same_sku
TR05507,train,variant_multi_attr
TR05508,train,random_same_category
TR05509,train,accessory_vs_host
TR05510,train,token_block_noise
TR05511,train,accessory_vs_host
TR05512,train,random_same_category
TR05513,train,variant_multi_attr
TR05514,train,variant_multi_attr
TR05515,train,variant_pack
TR05516,train,variant_capacity
TR05517,train,same_brand_diff_line
TR05518,train,token_block_noise
TR05519,train,token_block_noise
TR05520,train,random_same_category
TR05521,train,variant_capacity
TR05522,train,variant_color
TR05523,train,random_same_category
TR05524,train,cross_brand_lookalike
TR05525,train,token_block_noise
TR05526,train,cross_brand_lookalike
TR05527,train,accessory_vs_host
TR05528,train,variant_pack
TR05529,train,accessory_vs_host
TR05530,train,variant_capacity
TR05531,train,variant_color
TR05532,train,variant_multi_attr
TR05533,train,same_sku
TR05534,train,random_same_category
TR05535,train,cross_brand_lookalike
TR05536,train,cross_brand_lookalike
TR05537,train,cross_brand_lookalike
TR05538,train,variant_pack
TR05539,train,variant_size
TR05540,train,token_block_noise
TR05541,train,accessory_diff_host
TR05542,train,variant_capacity
TR05543,train,random_same_category
TR05544,train,variant_pack
TR05545,train,same_sku
TR05546,train,random_same_category
TR05547,train,cross_brand_lookalike
TR05548,train,variant_pack
TR05549,train,accessory_vs_host
TR05550,train,token_block_noise
TR05551,train,token_block_noise
TR05552,train,token_block_noise
TR05553,train,variant_size
TR05554,train,same_sku
TR05555,train,token_block_noise
TR05556,train,token_block_noise
TR05557,train,variant_color
TR05558,train,random_same_category
TR05559,train,variant_color
TR05560,train,variant_size
TR05561,train,cross_brand_lookalike
TR05562,train,variant_multi_attr
TR05563,train,variant_color
TR05564,train,same_sku
TR05565,train,cross_brand_lookalike
TR05566,train,variant_pack
TR05567,train,same_sku
TR05568,train,variant_capacity
TR05569,train,accessory_vs_host
TR05570,train,variant_size
TR05571,train,variant_multi_attr
TR05572,train,accessory_vs_host
TR05573,train,random_same_category
TR05574,train,variant_multi_attr
TR05575,train,successor_model
TR05576,train,cross_brand_lookalike
TR05577,train,random_same_category
TR05578,train,token_block_noise
TR05579,train,same_sku
TR05580,train,successor_model
TR05581,train,variant_capacity
TR05582,train,variant_color
TR05583,train,variant_color
TR05584,train,cross_brand_lookalike
TR05585,train,variant_color
TR05586,train,same_sku
TR05587,train,accessory_vs_host
TR05588,train,token_block_noise
TR05589,train,cross_brand_lookalike
TR05590,train,same_sku
TR05591,train,variant_multi_attr
TR05592,train,cross_brand_lookalike
TR05593,train,token_block_noise
TR05594,train,accessory_vs_host
TR05595,train,variant_pack
TR05596,train,variant_multi_attr
TR05597,train,variant_multi_attr
TR05598,train,variant_capacity
TR05599,train,accessory_diff_host
TR05600,train,variant_multi_attr
TR05601,train,variant_color
TR05602,train,same_sku
TR05603,train,accessory_diff_host
TR05604,train,same_sku
TR05605,train,same_sku
TR05606,train,random_same_category
TR05607,train,same_sku
TR05608,train,same_sku
TR05609,train,accessory_vs_host
TR05610,train,random_same_category
TR05611,train,random_same_category
TR05612,train,accessory_vs_host
TR05613,train,same_sku
TR05614,train,variant_capacity
TR05615,train,same_sku
TR05616,train,token_block_noise
TR05617,train,variant_capacity
TR05618,train,cross_brand_lookalike
TR05619,train,same_sku
TR05620,train,accessory_vs_host
TR05621,train,token_block_noise
TR05622,train,variant_color
TR05623,train,variant_multi_attr
TR05624,train,variant_color
TR05625,train,same_sku
TR05626,train,variant_capacity
TR05627,train,same_sku
TR05628,train,random_same_category
TR05629,train,random_same_category
TR05630,train,same_sku
TR05631,train,token_block_noise
TR05632,train,same_sku
TR05633,train,same_sku
TR05634,train,variant_multi_attr
TR05635,train,token_block_noise
TR05636,train,cross_brand_lookalike
TR05637,train,token_block_noise
TR05638,train,same_sku
TR05639,train,same_sku
TR05640,train,token_block_noise
TR05641,train,variant_capacity
TR05642,train,successor_model
TR05643,train,variant_pack
TR05644,train,same_sku
TR05645,train,cross_brand_lookalike
TR05646,train,variant_pack
TR05647,train,variant_pack
TR05648,train,same_sku
TR05649,train,same_sku
TR05650,train,variant_capacity
TR05651,train,token_block_noise
TR05652,train,variant_pack
TR05653,train,random_same_category
TR05654,train,cross_brand_lookalike
TR05655,train,variant_color
TR05656,train,cross_brand_lookalike
TR05657,train,random_same_category
TR05658,train,successor_model
TR05659,train,successor_model
TR05660,train,variant_capacity
TR05661,train,token_block_noise
TR05662,train,same_sku
TR05663,train,same_sku
TR05664,train,variant_multi_attr
TR05665,train,accessory_diff_host
TR05666,train,same_sku
TR05667,train,same_sku
TR05668,train,successor_model
TR05669,train,successor_model
TR05670,train,variant_multi_attr
TR05671,train,accessory_diff_host
TR05672,train,token_block_noise
TR05673,train,random_same_category
TR05674,train,cross_brand_lookalike
TR05675,train,same_sku
TR05676,train,token_block_noise
TR05677,train,variant_multi_attr
TR05678,train,variant_capacity
TR05679,train,accessory_vs_host
TR05680,train,random_same_category
TR05681,train,accessory_diff_host
TR05682,train,variant_multi_attr
TR05683,train,same_sku
TR05684,train,cross_brand_lookalike
TR05685,train,accessory_vs_host
TR05686,train,variant_color
TR05687,train,accessory_diff_host
TR05688,train,random_same_category
TR05689,train,variant_color
TR05690,train,cross_brand_lookalike
TR05691,train,token_block_noise
TR05692,train,token_block_noise
TR05693,train,cross_brand_lookalike
TR05694,train,variant_color
TR05695,train,accessory_diff_host
TR05696,train,same_sku
TR05697,train,variant_pack
TR05698,train,same_sku
TR05699,train,variant_pack
TR05700,train,successor_model
TR05701,train,variant_capacity
TR05702,train,variant_multi_attr
TR05703,train,accessory_diff_host
TR05704,train,accessory_vs_host
TR05705,train,variant_color
TR05706,train,variant_color
TR05707,train,cross_brand_lookalike
TR05708,train,random_same_category
TR05709,train,token_block_noise
TR05710,train,cross_brand_lookalike
TR05711,train,variant_color
TR05712,train,variant_pack
TR05713,train,variant_color
TR05714,train,same_sku
TR05715,train,cross_brand_lookalike
TR05716,train,variant_pack
TR05717,train,variant_multi_attr
TR05718,train,successor_model
TR05719,train,variant_multi_attr
TR05720,train,accessory_vs_host
TR05721,train,variant_multi_attr
TR05722,train,variant_color
TR05723,train,variant_capacity
TR05724,train,same_sku
TR05725,train,variant_multi_attr
TR05726,train,accessory_diff_host
TR05727,train,random_same_category
TR05728,train,accessory_diff_host
TR05729,train,variant_multi_attr
TR05730,train,variant_multi_attr
TR05731,train,variant_multi_attr
TR05732,train,variant_multi_attr
TR05733,train,variant_color
TR05734,train,token_block_noise
TR05735,train,cross_brand_lookalike
TR05736,train,random_same_category
TR05737,train,variant_multi_attr
TR05738,train,token_block_noise
TR05739,train,variant_multi_attr
TR05740,train,accessory_diff_host
TR05741,train,accessory_diff_host
TR05742,train,variant_multi_attr
TR05743,train,cross_brand_lookalike
TR05744,train,variant_size
TR05745,train,successor_model
TR05746,train,same_sku
TR05747,train,variant_multi_attr
TR05748,train,variant_pack
TR05749,train,random_same_category
TR05750,train,random_same_category
TR05751,train,cross_brand_lookalike
TR05752,train,token_block_noise
TR05753,train,variant_color
TR05754,train,cross_brand_lookalike
TR05755,train,accessory_vs_host
TR05756,train,cross_brand_lookalike
TR05757,train,random_same_category
TR05758,train,variant_capacity
TR05759,train,token_block_noise
TR05760,train,cross_brand_lookalike
TR05761,train,random_same_category
TR05762,train,same_sku
TR05763,train,variant_multi_attr
TR05764,train,variant_color
TR05765,train,variant_multi_attr
TR05766,train,variant_multi_attr
TR05767,train,token_block_noise
TR05768,train,token_block_noise
TR05769,train,random_same_category
TR05770,train,token_block_noise
TR05771,train,random_same_category
TR05772,train,same_sku
TR05773,train,accessory_vs_host
TR05774,train,accessory_vs_host
TR05775,train,same_sku
TR05776,train,cross_brand_lookalike
TR05777,train,successor_model
TR05778,train,same_sku
TR05779,train,same_sku
TR05780,train,variant_color
TR05781,train,variant_capacity
TR05782,train,same_sku
TR05783,train,cross_brand_lookalike
TR05784,train,variant_pack
TR05785,train,accessory_vs_host
TR05786,train,variant_capacity
TR05787,train,cross_brand_lookalike
TR05788,train,accessory_vs_host
TR05789,train,variant_color
TR05790,train,accessory_vs_host
TR05791,train,cross_brand_lookalike
TR05792,train,cross_brand_lookalike
TR05793,train,variant_capacity
TR05794,train,random_same_category
TR05795,train,cross_brand_lookalike
TR05796,train,cross_brand_lookalike
TR05797,train,accessory_diff_host
TR05798,train,variant_color
TR05799,train,variant_multi_attr
TR05800,train,accessory_vs_host
TR05801,train,accessory_vs_host
TR05802,train,variant_capacity
TR05803,train,same_sku
TR05804,train,same_sku
TR05805,train,variant_color
TR05806,train,cross_brand_lookalike
TR05807,train,token_block_noise
TR05808,train,token_block_noise
TR05809,train,variant_capacity
TR05810,train,successor_model
TR05811,train,variant_capacity
TR05812,train,variant_multi_attr
TR05813,train,accessory_diff_host
TR05814,train,variant_multi_attr
TR05815,train,random_same_category
TR05816,train,variant_capacity
TR05817,train,variant_capacity
TR05818,train,variant_multi_attr
TR05819,train,variant_color
TR05820,train,random_same_category
TR05821,train,variant_multi_attr
TR05822,train,variant_color
TR05823,train,successor_model
TR05824,train,random_same_category
TR05825,train,token_block_noise
TR05826,train,variant_pack
TR05827,train,same_sku
TR05828,train,token_block_noise
TR05829,train,variant_color
TR05830,train,variant_size
TR05831,train,variant_multi_attr
TR05832,train,variant_color
TR05833,train,same_sku
TR05834,train,variant_pack
TR05835,train,token_block_noise
TR05836,train,variant_size
TR05837,train,variant_color
TR05838,train,token_block_noise
TR05839,train,variant_capacity
TR05840,train,variant_multi_attr
TR05841,train,random_same_category
TR05842,train,random_same_category
TR05843,train,random_same_category
TR05844,train,cross_brand_lookalike
TR05845,train,variant_size
TR05846,train,same_sku
TR05847,train,variant_pack
TR05848,train,cross_brand_lookalike
TR05849,train,token_block_noise
TR05850,train,token_block_noise
TR05851,train,variant_capacity
TR05852,train,variant_color
TR05853,train,variant_color
TR05854,train,same_sku
TR05855,train,token_block_noise
TR05856,train,variant_pack
TR05857,train,token_block_noise
TR05858,train,same_sku
TR05859,train,cross_brand_lookalike
TR05860,train,variant_multi_attr
TR05861,train,cross_brand_lookalike
TR05862,train,cross_brand_lookalike
TR05863,train,token_block_noise
TR05864,train,token_block_noise
TR05865,train,same_sku
TR05866,train,token_block_noise
TR05867,train,cross_brand_lookalike
TR05868,train,variant_color
TR05869,train,cross_brand_lookalike
TR05870,train,successor_model
TR05871,train,variant_color
TR05872,train,token_block_noise
TR05873,train,token_block_noise
TR05874,train,token_block_noise
TR05875,train,accessory_diff_host
TR05876,train,variant_multi_attr
TR05877,train,token_block_noise
TR05878,train,variant_multi_attr
TR05879,train,token_block_noise
TR05880,train,token_block_noise
TR05881,train,token_block_noise
TR05882,train,successor_model
TR05883,train,variant_capacity
TR05884,train,variant_capacity
TR05885,train,accessory_vs_host
TR05886,train,cross_brand_lookalike
TR05887,train,cross_brand_lookalike
TR05888,train,variant_pack
TR05889,train,token_block_noise
TR05890,train,same_sku
TR05891,train,variant_color
TR05892,train,accessory_diff_host
TR05893,train,random_same_category
TR05894,train,token_block_noise
TR05895,train,cross_brand_lookalike
TR05896,train,random_same_category
TR05897,train,cross_brand_lookalike
TR05898,train,cross_brand_lookalike
TR05899,train,accessory_vs_host
TR05900,train,variant_color
TR05901,train,variant_capacity
TR05902,train,token_block_noise
TR05903,train,random_same_category
TR05904,train,variant_color
TR05905,train,random_same_category
TR05906,train,variant_capacity
TR05907,train,token_block_noise
TR05908,train,variant_size
TR05909,train,random_same_category
TR05910,train,variant_capacity
TR05911,train,same_sku
TR05912,train,token_block_noise
TR05913,train,random_same_category
TR05914,train,same_sku
TR05915,train,variant_multi_attr
TR05916,train,same_sku
TR05917,train,variant_capacity
TR05918,train,variant_multi_attr
TR05919,train,cross_brand_lookalike
TR05920,train,cross_brand_lookalike
TR05921,train,successor_model
TR05922,train,cross_brand_lookalike
TR05923,train,cross_brand_lookalike
TR05924,train,token_block_noise
TR05925,train,same_sku
TR05926,train,token_block_noise
TR05927,train,variant_multi_attr
TR05928,train,accessory_vs_host
TR05929,train,cross_brand_lookalike
TR05930,train,accessory_vs_host
TR05931,train,variant_capacity
TR05932,train,same_sku
TR05933,train,same_sku
TR05934,train,cross_brand_lookalike
TR05935,train,variant_multi_attr
TR05936,train,variant_color
TR05937,train,variant_multi_attr
TR05938,train,token_block_noise
TR05939,train,variant_color
TR05940,train,accessory_diff_host
TR05941,train,variant_capacity
TR05942,train,cross_brand_lookalike
TR05943,train,token_block_noise
TR05944,train,variant_capacity
TR05945,train,cross_brand_lookalike
TR05946,train,token_block_noise
TR05947,train,variant_multi_attr
TR05948,train,variant_capacity
TR05949,train,cross_brand_lookalike
TR05950,train,random_same_category
TR05951,train,variant_pack
TR05952,train,same_brand_diff_line
TR05953,train,same_sku
TR05954,train,random_same_category
TR05955,train,variant_capacity
TR05956,train,token_block_noise
TR05957,train,token_block_noise
TR05958,train,cross_brand_lookalike
TR05959,train,variant_capacity
TR05960,train,variant_multi_attr
TR05961,train,random_same_category
TR05962,train,variant_multi_attr
TR05963,train,cross_brand_lookalike
TR05964,train,variant_multi_attr
TR05965,train,variant_pack
TR05966,train,variant_color
TR05967,train,variant_pack
TR05968,train,random_same_category
TR05969,train,cross_brand_lookalike
TR05970,train,accessory_vs_host
TR05971,train,accessory_vs_host
TR05972,train,variant_color
TR05973,train,cross_brand_lookalike
TR05974,train,accessory_vs_host
TR05975,train,cross_brand_lookalike
TR05976,train,variant_color
TR05977,train,variant_capacity
TR05978,train,cross_brand_lookalike
TR05979,train,variant_capacity
TR05980,train,accessory_vs_host
TR05981,train,variant_capacity
TR05982,train,cross_brand_lookalike
TR05983,train,variant_color
TR05984,train,same_sku
TR05985,train,token_block_noise
TR05986,train,token_block_noise
TR05987,train,variant_color
TR05988,train,successor_model
TR05989,train,variant_capacity
TR05990,train,cross_brand_lookalike
TR05991,train,cross_brand_lookalike
TR05992,train,same_sku
TR05993,train,token_block_noise
TR05994,train,variant_multi_attr
TR05995,train,variant_pack
TR05996,train,token_block_noise
TR05997,train,variant_color
TR05998,train,accessory_vs_host
TR05999,train,accessory_vs_host
TR06000,train,same_sku
TR06001,train,variant_capacity
TR06002,train,random_same_category
TR06003,train,cross_brand_lookalike
TR06004,train,cross_brand_lookalike
TR06005,train,cross_brand_lookalike
TR06006,train,successor_model
TR06007,train,variant_pack
TR06008,train,variant_pack
TR06009,train,accessory_diff_host
TR06010,train,accessory_diff_host
TR06011,train,accessory_diff_host
TR06012,train,variant_capacity
TR06013,train,same_sku
TR06014,train,same_sku
TR06015,train,token_block_noise
TR06016,train,variant_multi_attr
TR06017,train,token_block_noise
TR06018,train,token_block_noise
TR06019,train,variant_pack
TR06020,train,variant_pack
TR06021,train,same_sku
TR06022,train,same_sku
TR06023,train,variant_capacity
TR06024,train,cross_brand_lookalike
TR06025,train,token_block_noise
TR06026,train,variant_pack
TR06027,train,accessory_vs_host
TR06028,train,variant_color
TR06029,train,variant_pack
TR06030,train,token_block_noise
TR06031,train,token_block_noise
TR06032,train,variant_capacity
TR06033,train,variant_color
TR06034,train,token_block_noise
TR06035,train,variant_multi_attr
TR06036,train,cross_brand_lookalike
TR06037,train,token_block_noise
TR06038,train,variant_size
TR06039,train,accessory_vs_host
TR06040,train,variant_color
TR06041,train,variant_color
TR06042,train,token_block_noise
TR06043,train,token_block_noise
TR06044,train,random_same_category
TR06045,train,cross_brand_lookalike
TR06046,train,variant_size
TR06047,train,same_sku
TR06048,train,successor_model
TR06049,train,variant_multi_attr
TR06050,train,token_block_noise
TR06051,train,same_sku
TR06052,train,same_sku
TR06053,train,variant_color
TR06054,train,variant_capacity
TR06055,train,same_sku
TR06056,train,variant_capacity
TR06057,train,same_sku
TR06058,train,token_block_noise
TR06059,train,variant_capacity
TR06060,train,same_sku
TR06061,train,token_block_noise
TR06062,train,same_sku
TR06063,train,accessory_diff_host
TR06064,train,successor_model
TR06065,train,token_block_noise
TR06066,train,variant_color
TR06067,train,variant_color
TR06068,train,variant_capacity
TR06069,train,accessory_diff_host
TR06070,train,variant_capacity
TR06071,train,token_block_noise
TR06072,train,cross_brand_lookalike
TR06073,train,random_same_category
TR06074,train,variant_capacity
TR06075,train,same_sku
TR06076,train,variant_multi_attr
TR06077,train,variant_pack
TR06078,train,random_same_category
TR06079,train,token_block_noise
TR06080,train,accessory_vs_host
TR06081,train,cross_brand_lookalike
TR06082,train,cross_brand_lookalike
TR06083,train,token_block_noise
TR06084,train,variant_multi_attr
TR06085,train,variant_size
TR06086,train,successor_model
TR06087,train,variant_color
TR06088,train,variant_pack
TR06089,train,cross_brand_lookalike
TR06090,train,token_block_noise
TR06091,train,token_block_noise
TR06092,train,token_block_noise
TR06093,train,variant_color
TR06094,train,random_same_category
TR06095,train,cross_brand_lookalike
TR06096,train,token_block_noise
TR06097,train,variant_capacity
TR06098,train,variant_multi_attr
TR06099,train,same_sku
TR06100,train,same_sku
TR06101,train,token_block_noise
TR06102,train,cross_brand_lookalike
TR06103,train,variant_multi_attr
TR06104,train,variant_capacity
TR06105,train,random_same_category
TR06106,train,variant_color
TR06107,train,variant_pack
TR06108,train,random_same_category
TR06109,train,token_block_noise
TR06110,train,random_same_category
TR06111,train,variant_multi_attr
TR06112,train,random_same_category
TR06113,train,successor_model
TR06114,train,token_block_noise
TR06115,train,cross_brand_lookalike
TR06116,train,accessory_diff_host
TR06117,train,token_block_noise
TR06118,train,random_same_category
TR06119,train,token_block_noise
TR06120,train,same_sku
TR06121,train,accessory_vs_host
TR06122,train,random_same_category
TR06123,train,same_sku
TR06124,train,same_sku
TR06125,train,same_sku
TR06126,train,cross_brand_lookalike
TR06127,train,cross_brand_lookalike
TR06128,train,variant_multi_attr
TR06129,train,same_sku
TR06130,train,variant_color
TR06131,train,variant_multi_attr
TR06132,train,accessory_diff_host
TR06133,train,variant_capacity
TR06134,train,successor_model
TR06135,train,cross_brand_lookalike
TR06136,train,variant_capacity
TR06137,train,accessory_diff_host
TR06138,train,random_same_category
TR06139,train,token_block_noise
TR06140,train,variant_capacity
TR06141,train,same_sku
TR06142,train,token_block_noise
TR06143,train,token_block_noise
TR06144,train,same_sku
TR06145,train,accessory_vs_host
TR06146,train,token_block_noise
TR06147,train,variant_multi_attr
TR06148,train,same_sku
TR06149,train,accessory_vs_host
TR06150,train,variant_color
TR06151,train,token_block_noise
TR06152,train,variant_capacity
TR06153,train,same_sku
TR06154,train,token_block_noise
TR06155,train,variant_color
TR06156,train,random_same_category
TR06157,train,token_block_noise
TR06158,train,same_sku
TR06159,train,variant_color
TR06160,train,same_sku
TR06161,train,random_same_category
TR06162,train,random_same_category
TR06163,train,successor_model
TR06164,train,same_sku
TR06165,train,variant_size
TR06166,train,variant_pack
TR06167,train,variant_pack
TR06168,train,cross_brand_lookalike
TR06169,train,same_sku
TR06170,train,cross_brand_lookalike
TR06171,train,token_block_noise
TR06172,train,token_block_noise
TR06173,train,variant_size
TR06174,train,accessory_diff_host
TR06175,train,variant_size
TR06176,train,variant_color
TR06177,train,accessory_diff_host
TR06178,train,variant_multi_attr
TR06179,train,variant_color
TR06180,train,same_sku
TR06181,train,same_sku
TR06182,train,variant_multi_attr
TR06183,train,cross_brand_lookalike
TR06184,train,successor_model
TR06185,train,accessory_diff_host
TR06186,train,accessory_vs_host
TR06187,train,cross_brand_lookalike
TR06188,train,variant_capacity
TR06189,train,same_sku
TR06190,train,successor_model
TR06191,train,successor_model
TR06192,train,token_block_noise
TR06193,train,random_same_category
TR06194,train,successor_model
TR06195,train,same_sku
TR06196,train,token_block_noise
TR06197,train,accessory_vs_host
TR06198,train,variant_capacity
TR06199,train,successor_model
TR06200,train,random_same_category
TR06201,train,token_block_noise
TR06202,train,same_sku
TR06203,train,variant_color
TR06204,train,random_same_category
TR06205,train,variant_capacity
TR06206,train,cross_brand_lookalike
TR06207,train,accessory_vs_host
TR06208,train,token_block_noise
TR06209,train,variant_multi_attr
TR06210,train,cross_brand_lookalike
TR06211,train,variant_color
TR06212,train,cross_brand_lookalike
TR06213,train,variant_multi_attr
TR06214,train,variant_color
TR06215,train,token_block_noise
TR06216,train,same_sku
TR06217,train,accessory_diff_host
TR06218,train,same_sku
TR06219,train,variant_pack
TR06220,train,variant_capacity
TR06221,train,accessory_vs_host
TR06222,train,cross_brand_lookalike
TR06223,train,same_sku
TR06224,train,variant_color
TR06225,train,accessory_vs_host
TR06226,train,successor_model
TR06227,train,token_block_noise
TR06228,train,accessory_diff_host
TR06229,train,variant_color
TR06230,train,cross_brand_lookalike
TR06231,train,variant_multi_attr
TR06232,train,variant_capacity
TR06233,train,token_block_noise
TR06234,train,variant_color
TR06235,train,successor_model
TR06236,train,same_sku
TR06237,train,accessory_vs_host
TR06238,train,successor_model
TR06239,train,variant_multi_attr
TR06240,train,variant_multi_attr
TR06241,train,variant_capacity
TR06242,train,variant_color
TR06243,train,random_same_category
TR06244,train,cross_brand_lookalike
TR06245,train,variant_capacity
TR06246,train,successor_model
TR06247,train,same_sku
TR06248,train,variant_multi_attr
TR06249,train,accessory_vs_host
TR06250,train,accessory_vs_host
TR06251,train,accessory_diff_host
TR06252,train,variant_size
TR06253,train,token_block_noise
TR06254,train,variant_pack
TR06255,train,accessory_diff_host
TR06256,train,variant_multi_attr
TR06257,train,random_same_category
TR06258,train,token_block_noise
TR06259,train,token_block_noise
TR06260,train,same_sku
TR06261,train,cross_brand_lookalike
TR06262,train,accessory_vs_host
TR06263,train,variant_capacity
TR06264,train,accessory_vs_host
TR06265,train,same_sku
TR06266,train,variant_color
TR06267,train,variant_color
TR06268,train,accessory_vs_host
TR06269,train,random_same_category
TR06270,train,token_block_noise
TR06271,train,cross_brand_lookalike
TR06272,train,variant_size
TR06273,train,cross_brand_lookalike
TR06274,train,cross_brand_lookalike
TR06275,train,accessory_vs_host
TR06276,train,variant_pack
TR06277,train,variant_color
TR06278,train,variant_multi_attr
TR06279,train,random_same_category
TR06280,train,variant_color
TR06281,train,cross_brand_lookalike
TR06282,train,successor_model
TR06283,train,cross_brand_lookalike
TR06284,train,cross_brand_lookalike
TR06285,train,token_block_noise
TR06286,train,variant_pack
TR06287,train,variant_multi_attr
TR06288,train,cross_brand_lookalike
TR06289,train,token_block_noise
TR06290,train,variant_multi_attr
TR06291,train,same_sku
TR06292,train,same_sku
TR06293,train,variant_pack
TR06294,train,token_block_noise
TR06295,train,cross_brand_lookalike
TR06296,train,variant_capacity
TR06297,train,cross_brand_lookalike
TR06298,train,variant_color
TR06299,train,variant_pack
TR06300,train,variant_multi_attr
TR06301,train,accessory_vs_host
TR06302,train,variant_capacity
TR06303,train,token_block_noise
TR06304,train,variant_multi_attr
TR06305,train,token_block_noise
TR06306,train,cross_brand_lookalike
TR06307,train,variant_capacity
TR06308,train,random_same_category
TR06309,train,same_sku
TR06310,train,random_same_category
TR06311,train,token_block_noise
TR06312,train,accessory_vs_host
TR06313,train,variant_pack
TR06314,train,cross_brand_lookalike
TR06315,train,token_block_noise
TR06316,train,token_block_noise
TR06317,train,variant_color
TR06318,train,cross_brand_lookalike
TR06319,train,successor_model
TR06320,train,same_sku
TR06321,train,variant_color
TR06322,train,accessory_diff_host
TR06323,train,same_sku
TR06324,train,variant_capacity
TR06325,train,same_sku
TR06326,train,same_sku
TR06327,train,cross_brand_lookalike
TR06328,train,random_same_category
TR06329,train,variant_size
TR06330,train,variant_capacity
TR06331,train,variant_color
TR06332,train,variant_color
TR06333,train,accessory_vs_host
TR06334,train,variant_size
TR06335,train,accessory_vs_host
TR06336,train,variant_multi_attr
TR06337,train,variant_capacity
TR06338,train,cross_brand_lookalike
TR06339,train,accessory_vs_host
TR06340,train,variant_size
TR06341,train,variant_multi_attr
TR06342,train,cross_brand_lookalike
TR06343,train,variant_multi_attr
TR06344,train,variant_multi_attr
TR06345,train,same_sku
TR06346,train,successor_model
TR06347,train,cross_brand_lookalike
TR06348,train,variant_multi_attr
TR06349,train,cross_brand_lookalike
TR06350,train,token_block_noise
TR06351,train,variant_multi_attr
TR06352,train,variant_pack
TR06353,train,same_sku
TR06354,train,accessory_vs_host
TR06355,train,cross_brand_lookalike
TR06356,train,same_sku
TR06357,train,variant_multi_attr
TR06358,train,variant_size
TR06359,train,token_block_noise
TR06360,train,cross_brand_lookalike
TR06361,train,accessory_diff_host
TR06362,train,token_block_noise
TR06363,train,variant_capacity
TR06364,train,same_sku
TR06365,train,random_same_category
TR06366,train,token_block_noise
TR06367,train,token_block_noise
TR06368,train,variant_multi_attr
TR06369,train,same_sku
TR06370,train,variant_color
TR06371,train,token_block_noise
TR06372,train,token_block_noise
TR06373,train,token_block_noise
TR06374,train,accessory_vs_host
TR06375,train,accessory_vs_host
TR06376,train,variant_size
TR06377,train,accessory_diff_host
TR06378,train,random_same_category
TR06379,train,accessory_diff_host
TR06380,train,variant_color
TR06381,train,variant_capacity
TR06382,train,token_block_noise
TR06383,train,accessory_vs_host
TR06384,train,variant_color
TR06385,train,same_sku
TR06386,train,random_same_category
TR06387,train,accessory_vs_host
TR06388,train,cross_brand_lookalike
TR06389,train,variant_size
TR06390,train,cross_brand_lookalike
TR06391,train,random_same_category
TR06392,train,token_block_noise
TR06393,train,same_sku
TR06394,train,token_block_noise
TR06395,train,variant_color
TR06396,train,variant_size
TR06397,train,variant_color
TR06398,train,variant_pack
TR06399,train,accessory_vs_host
TR06400,train,variant_color
TR06401,train,cross_brand_lookalike
TR06402,train,token_block_noise
TR06403,train,same_sku
TR06404,train,variant_size
TR06405,train,variant_color
TR06406,train,accessory_diff_host
TR06407,train,variant_color
TR06408,train,variant_multi_attr
TR06409,train,random_same_category
TR06410,train,same_sku
TR06411,train,variant_capacity
TR06412,train,cross_brand_lookalike
TR06413,train,variant_capacity
TR06414,train,accessory_diff_host
TR06415,train,same_sku
TR06416,train,cross_brand_lookalike
TR06417,train,variant_color
TR06418,train,token_block_noise
TR06419,train,variant_capacity
TR06420,train,token_block_noise
TR06421,train,variant_size
TR06422,train,random_same_category
TR06423,train,random_same_category
TR06424,train,token_block_noise
TR06425,train,variant_pack
TR06426,train,accessory_diff_host
TR06427,train,variant_capacity
TR06428,train,variant_color
TR06429,train,variant_capacity
TR06430,train,variant_multi_attr
TR06431,train,variant_capacity
TR06432,train,random_same_category
TR06433,train,random_same_category
TR06434,train,accessory_vs_host
TR06435,train,variant_pack
TR06436,train,token_block_noise
TR06437,train,token_block_noise
TR06438,train,token_block_noise
TR06439,train,same_sku
TR06440,train,same_sku
TR06441,train,variant_color
TR06442,train,variant_size
TR06443,train,random_same_category
TR06444,train,variant_capacity
TR06445,train,same_sku
TR06446,train,accessory_vs_host
TR06447,train,accessory_diff_host
TR06448,train,accessory_vs_host
TR06449,train,variant_capacity
TR06450,train,accessory_diff_host
TR06451,train,variant_capacity
TR06452,train,token_block_noise
TR06453,train,token_block_noise
TR06454,train,variant_size
TR06455,train,variant_capacity
TR06456,train,same_sku
TR06457,train,cross_brand_lookalike
TR06458,train,cross_brand_lookalike
TR06459,train,same_sku
TR06460,train,token_block_noise
TR06461,train,variant_capacity
TR06462,train,token_block_noise
TR06463,train,token_block_noise
TR06464,train,variant_multi_attr
TR06465,train,variant_capacity
TR06466,train,same_sku
TR06467,train,token_block_noise
TR06468,train,variant_capacity
TR06469,train,variant_multi_attr
TR06470,train,same_sku
TR06471,train,random_same_category
TR06472,train,cross_brand_lookalike
TR06473,train,token_block_noise
TR06474,train,token_block_noise
TR06475,train,random_same_category
TR06476,train,random_same_category
TR06477,train,variant_multi_attr
TR06478,train,token_block_noise
TR06479,train,variant_color
TR06480,train,variant_color
TR06481,train,cross_brand_lookalike
TR06482,train,random_same_category
TR06483,train,random_same_category
TR06484,train,variant_size
TR06485,train,variant_pack
TR06486,train,variant_color
TR06487,train,variant_color
TR06488,train,token_block_noise
TR06489,train,variant_multi_attr
TR06490,train,random_same_category
TR06491,train,variant_capacity
TR06492,train,variant_color
TR06493,train,variant_multi_attr
TR06494,train,same_sku
TR06495,train,variant_capacity
TR06496,train,token_block_noise
TR06497,train,accessory_vs_host
TR06498,train,variant_capacity
TR06499,train,same_sku
TR06500,train,variant_pack
TR06501,train,random_same_category
TR06502,train,cross_brand_lookalike
TR06503,train,random_same_category
TR06504,train,token_block_noise
TR06505,train,variant_color
TR06506,train,token_block_noise
TR06507,train,variant_multi_attr
TR06508,train,variant_capacity
TR06509,train,cross_brand_lookalike
TR06510,train,random_same_category
TR06511,train,variant_multi_attr
TR06512,train,variant_color
TR06513,train,cross_brand_lookalike
TR06514,train,token_block_noise
TR06515,train,successor_model
TR06516,train,successor_model
TR06517,train,variant_multi_attr
TR06518,train,same_sku
TR06519,train,variant_capacity
TR06520,train,variant_color
TR06521,train,variant_color
TR06522,train,variant_pack
TR06523,train,variant_color
TR06524,train,token_block_noise
TR06525,train,token_block_noise
TR06526,train,token_block_noise
TR06527,train,successor_model
TR06528,train,same_sku
TR06529,train,token_block_noise
TR06530,train,accessory_diff_host
TR06531,train,variant_multi_attr
TR06532,train,variant_pack
TR06533,train,token_block_noise
TR06534,train,variant_color
TR06535,train,cross_brand_lookalike
TR06536,train,accessory_diff_host
TR06537,train,successor_model
TR06538,train,accessory_vs_host
TR06539,train,accessory_vs_host
TR06540,train,cross_brand_lookalike
TR06541,train,variant_capacity
TR06542,train,variant_pack
TR06543,train,variant_capacity
TR06544,train,cross_brand_lookalike
TR06545,train,same_sku
TR06546,train,cross_brand_lookalike
TR06547,train,variant_color
TR06548,train,token_block_noise
TR06549,train,token_block_noise
TR06550,train,token_block_noise
TR06551,train,token_block_noise
TR06552,train,random_same_category
TR06553,train,variant_size
TR06554,train,same_sku
TR06555,train,variant_size
TR06556,train,variant_multi_attr
TR06557,train,random_same_category
TR06558,train,variant_capacity
TR06559,train,variant_pack
TR06560,train,same_sku
TR06561,train,same_sku
TR06562,train,successor_model
TR06563,train,variant_multi_attr
TR06564,train,successor_model
TR06565,train,same_sku
TR06566,train,random_same_category
TR06567,train,random_same_category
TR06568,train,variant_capacity
TR06569,train,variant_color
TR06570,train,variant_capacity
TR06571,train,accessory_diff_host
TR06572,train,variant_capacity
TR06573,train,same_brand_diff_line
TR06574,train,variant_pack
TR06575,train,variant_color
TR06576,train,accessory_vs_host
TR06577,train,variant_size
TR06578,train,variant_color
TR06579,train,same_sku
TR06580,train,variant_color
TR06581,train,random_same_category
TR06582,train,variant_capacity
TR06583,train,cross_brand_lookalike
TR06584,train,variant_color
TR06585,train,variant_color
TR06586,train,random_same_category
TR06587,train,token_block_noise
TR06588,train,variant_multi_attr
TR06589,train,cross_brand_lookalike
TR06590,train,variant_color
TR06591,train,variant_capacity
TR06592,train,accessory_diff_host
TR06593,train,variant_color
TR06594,train,random_same_category
TR06595,train,successor_model
TR06596,train,accessory_vs_host
TR06597,train,token_block_noise
TR06598,train,variant_color
TR06599,train,variant_multi_attr
TR06600,train,variant_capacity
TR06601,train,variant_color
TR06602,train,cross_brand_lookalike
TR06603,train,variant_pack
TR06604,train,random_same_category
TR06605,train,token_block_noise
TR06606,train,variant_pack
TR06607,train,variant_capacity
TR06608,train,variant_pack
TR06609,train,accessory_vs_host
TR06610,train,same_sku
TR06611,train,variant_capacity
TR06612,train,variant_capacity
TR06613,train,variant_pack
TR06614,train,random_same_category
TR06615,train,random_same_category
TR06616,train,random_same_category
TR06617,train,accessory_vs_host
TR06618,train,accessory_vs_host
TR06619,train,accessory_vs_host
TR06620,train,token_block_noise
TR06621,train,cross_brand_lookalike
TR06622,train,variant_capacity
TR06623,train,same_sku
TR06624,train,successor_model
TR06625,train,variant_multi_attr
TR06626,train,successor_model
TR06627,train,same_sku
TR06628,train,same_sku
TR06629,train,variant_pack
TR06630,train,variant_multi_attr
TR06631,train,cross_brand_lookalike
TR06632,train,cross_brand_lookalike
TR06633,train,variant_pack
TR06634,train,same_sku
TR06635,train,variant_color
TR06636,train,variant_capacity
TR06637,train,variant_color
TR06638,train,accessory_vs_host
TR06639,train,variant_multi_attr
TR06640,train,cross_brand_lookalike
TR06641,train,same_sku
TR06642,train,same_sku
TR06643,train,token_block_noise
TR06644,train,variant_capacity
TR06645,train,variant_capacity
TR06646,train,variant_multi_attr
TR06647,train,variant_color
TR06648,train,variant_capacity
TR06649,train,variant_capacity
TR06650,train,random_same_category
TR06651,train,token_block_noise
TR06652,train,variant_multi_attr
TR06653,train,variant_multi_attr
TR06654,train,accessory_vs_host
TR06655,train,variant_capacity
TR06656,train,variant_color
TR06657,train,variant_pack
TR06658,train,cross_brand_lookalike
TR06659,train,token_block_noise
TR06660,train,same_sku
TR06661,train,token_block_noise
TR06662,train,accessory_diff_host
TR06663,train,cross_brand_lookalike
TR06664,train,variant_capacity
TR06665,train,variant_color
TR06666,train,cross_brand_lookalike
TR06667,train,random_same_category
TR06668,train,variant_size
TR06669,train,variant_pack
TR06670,train,random_same_category
TR06671,train,cross_brand_lookalike
TR06672,train,variant_multi_attr
TR06673,train,random_same_category
TR06674,train,same_sku
TR06675,train,same_sku
TR06676,train,accessory_diff_host
TR06677,train,variant_capacity
TR06678,train,successor_model
TR06679,train,variant_capacity
TR06680,train,same_sku
TR06681,train,accessory_diff_host
TR06682,train,variant_pack
TR06683,train,token_block_noise
TR06684,train,variant_size
TR06685,train,cross_brand_lookalike
TR06686,train,variant_pack
TR06687,train,cross_brand_lookalike
TR06688,train,variant_color
TR06689,train,accessory_vs_host
TR06690,train,variant_pack
TR06691,train,random_same_category
TR06692,train,accessory_vs_host
TR06693,train,variant_capacity
TR06694,train,accessory_vs_host
TR06695,train,variant_color
TR06696,train,random_same_category
TR06697,train,variant_capacity
TR06698,train,token_block_noise
TR06699,train,variant_capacity
TR06700,train,variant_multi_attr
TR06701,train,accessory_vs_host
TR06702,train,successor_model
TR06703,train,variant_color
TR06704,train,random_same_category
TR06705,train,variant_color
TR06706,train,random_same_category
TR06707,train,cross_brand_lookalike
TR06708,train,cross_brand_lookalike
TR06709,train,token_block_noise
TR06710,train,accessory_vs_host
TR06711,train,accessory_vs_host
TR06712,train,variant_capacity
TR06713,train,token_block_noise
TR06714,train,accessory_vs_host
TR06715,train,variant_color
TR06716,train,accessory_vs_host
TR06717,train,same_sku
TR06718,train,variant_multi_attr
TR06719,train,random_same_category
TR06720,train,token_block_noise
TR06721,train,accessory_vs_host
TR06722,train,variant_color
TR06723,train,token_block_noise
TR06724,train,variant_multi_attr
TR06725,train,cross_brand_lookalike
TR06726,train,token_block_noise
TR06727,train,accessory_diff_host
TR06728,train,cross_brand_lookalike
TR06729,train,variant_pack
TR06730,train,accessory_vs_host
TR06731,train,same_sku
TR06732,train,accessory_vs_host
TR06733,train,variant_capacity
TR06734,train,accessory_vs_host
TR06735,train,token_block_noise
TR06736,train,token_block_noise
TR06737,train,token_block_noise
TR06738,train,variant_color
TR06739,train,successor_model
TR06740,train,variant_color
TR06741,train,cross_brand_lookalike
TR06742,train,cross_brand_lookalike
TR06743,train,cross_brand_lookalike
TR06744,train,token_block_noise
TR06745,train,variant_multi_attr
TR06746,train,variant_multi_attr
TR06747,train,token_block_noise
TR06748,train,variant_multi_attr
TR06749,train,same_sku
TR06750,train,same_sku
TR06751,train,variant_pack
TR06752,train,variant_multi_attr
TR06753,train,accessory_diff_host
TR06754,train,variant_capacity
TR06755,train,same_sku
TR06756,train,cross_brand_lookalike
TR06757,train,variant_color
TR06758,train,variant_color
TR06759,train,variant_color
TR06760,train,random_same_category
TR06761,train,token_block_noise
TR06762,train,variant_color
TR06763,train,accessory_vs_host
TR06764,train,variant_color
TR06765,train,cross_brand_lookalike
TR06766,train,cross_brand_lookalike
TR06767,train,same_sku
TR06768,train,variant_capacity
TR06769,train,variant_color
TR06770,train,variant_color
TR06771,train,same_sku
TR06772,train,token_block_noise
TR06773,train,random_same_category
TR06774,train,random_same_category
TR06775,train,variant_color
TR06776,train,variant_capacity
TR06777,train,variant_color
TR06778,train,token_block_noise
TR06779,train,random_same_category
TR06780,train,variant_capacity
TR06781,train,cross_brand_lookalike
TR06782,train,accessory_diff_host
TR06783,train,token_block_noise
TR06784,train,variant_pack
TR06785,train,accessory_vs_host
TR06786,train,token_block_noise
TR06787,train,cross_brand_lookalike
TR06788,train,same_sku
TR06789,train,token_block_noise
TR06790,train,same_sku
TR06791,train,variant_capacity
TR06792,train,variant_color
TR06793,train,variant_color
TR06794,train,token_block_noise
TR06795,train,same_sku
TR06796,train,token_block_noise
TR06797,train,variant_size
TR06798,train,variant_color
TR06799,train,accessory_diff_host
TR06800,train,variant_pack
TR06801,train,successor_model
TR06802,train,successor_model
TR06803,train,same_sku
TR06804,train,same_sku
TR06805,train,accessory_vs_host
TR06806,train,variant_size
TR06807,train,variant_size
TR06808,train,accessory_diff_host
TR06809,train,variant_capacity
TR06810,train,random_same_category
TR06811,train,token_block_noise
TR06812,train,token_block_noise
TR06813,train,random_same_category
TR06814,train,token_block_noise
TR06815,train,cross_brand_lookalike
TR06816,train,cross_brand_lookalike
TR06817,train,cross_brand_lookalike
TR06818,train,accessory_vs_host
TR06819,train,accessory_vs_host
TR06820,train,variant_color
TR06821,train,cross_brand_lookalike
TR06822,train,variant_color
TR06823,train,cross_brand_lookalike
TR06824,train,same_sku
TR06825,train,accessory_vs_host
TR06826,train,same_brand_diff_line
TR06827,train,same_sku
TR06828,train,accessory_diff_host
TR06829,train,cross_brand_lookalike
TR06830,train,token_block_noise
TR06831,train,cross_brand_lookalike
TR06832,train,variant_capacity
TR06833,train,variant_size
TR06834,train,variant_size
TR06835,train,variant_capacity
TR06836,train,same_sku
TR06837,train,variant_pack
TR06838,train,accessory_vs_host
TR06839,train,cross_brand_lookalike
TR06840,train,variant_color
TR06841,train,token_block_noise
TR06842,train,successor_model
TR06843,train,accessory_diff_host
TR06844,train,variant_capacity
TR06845,train,same_sku
TR06846,train,variant_capacity
TR06847,train,token_block_noise
TR06848,train,accessory_vs_host
TR06849,train,token_block_noise
TR06850,train,variant_color
TR06851,train,token_block_noise
TR06852,train,variant_size
TR06853,train,token_block_noise
TR06854,train,accessory_vs_host
TR06855,train,same_sku
TR06856,train,same_brand_diff_line
TR06857,train,variant_capacity
TR06858,train,accessory_vs_host
TR06859,train,token_block_noise
TR06860,train,cross_brand_lookalike
TR06861,train,variant_color
TR06862,train,variant_pack
TR06863,train,cross_brand_lookalike
TR06864,train,same_sku
TR06865,train,same_sku
TR06866,train,variant_color
TR06867,train,variant_capacity
TR06868,train,token_block_noise
TR06869,train,token_block_noise
TR06870,train,accessory_vs_host
TR06871,train,variant_color
TR06872,train,random_same_category
TR06873,train,variant_pack
TR06874,train,variant_size
TR06875,train,token_block_noise
TR06876,train,same_sku
TR06877,train,cross_brand_lookalike
TR06878,train,random_same_category
TR06879,train,token_block_noise
TR06880,train,token_block_noise
TR06881,train,token_block_noise
TR06882,train,random_same_category
TR06883,train,same_sku
TR06884,train,variant_capacity
TR06885,train,accessory_vs_host
TR06886,train,variant_multi_attr
TR06887,train,variant_color
TR06888,train,variant_capacity
TR06889,train,random_same_category
TR06890,train,accessory_vs_host
TR06891,train,variant_capacity
TR06892,train,variant_size
TR06893,train,cross_brand_lookalike
TR06894,train,variant_color
TR06895,train,variant_color
TR06896,train,random_same_category
TR06897,train,same_sku
TR06898,train,cross_brand_lookalike
TR06899,train,cross_brand_lookalike
TR06900,train,accessory_vs_host
TR06901,train,same_sku
TR06902,train,variant_capacity
TR06903,train,variant_capacity
TR06904,train,token_block_noise
TR06905,train,cross_brand_lookalike
TR06906,train,accessory_vs_host
TR06907,train,variant_capacity
TR06908,train,same_sku
TR06909,train,cross_brand_lookalike
TR06910,train,variant_color
TR06911,train,token_block_noise
TR06912,train,same_sku
TR06913,train,accessory_vs_host
TR06914,train,accessory_vs_host
TR06915,train,cross_brand_lookalike
TR06916,train,accessory_diff_host
TR06917,train,same_sku
TR06918,train,variant_color
TR06919,train,same_sku
TR06920,train,accessory_vs_host
TR06921,train,same_sku
TR06922,train,same_sku
TR06923,train,cross_brand_lookalike
TR06924,train,token_block_noise
TR06925,train,variant_pack
TR06926,train,variant_capacity
TR06927,train,variant_capacity
TR06928,train,accessory_diff_host
TR06929,train,token_block_noise
TR06930,train,random_same_category
TR06931,train,token_block_noise
TR06932,train,cross_brand_lookalike
TR06933,train,variant_color
TR06934,train,token_block_noise
TR06935,train,same_sku
TR06936,train,variant_color
TR06937,train,variant_color
TR06938,train,token_block_noise
TR06939,train,variant_color
TR06940,train,variant_capacity
TR06941,train,variant_color
TR06942,train,variant_color
TR06943,train,cross_brand_lookalike
TR06944,train,token_block_noise
TR06945,train,variant_multi_attr
TR06946,train,variant_color
TR06947,train,variant_multi_attr
TR06948,train,variant_multi_attr
TR06949,train,accessory_vs_host
TR06950,train,token_block_noise
TR06951,train,same_sku
TR06952,train,cross_brand_lookalike
TR06953,train,random_same_category
TR06954,train,token_block_noise
TR06955,train,token_block_noise
TR06956,train,variant_capacity
TR06957,train,token_block_noise
TR06958,train,variant_multi_attr
TR06959,train,cross_brand_lookalike
TR06960,train,variant_size
TR06961,train,variant_capacity
TR06962,train,variant_color
TR06963,train,variant_color
TR06964,train,random_same_category
TR06965,train,variant_color
TR06966,train,variant_multi_attr
TR06967,train,cross_brand_lookalike
TR06968,train,variant_color
TR06969,train,accessory_diff_host
TR06970,train,variant_color
TR06971,train,token_block_noise
TR06972,train,cross_brand_lookalike
TR06973,train,variant_capacity
TR06974,train,accessory_vs_host
TR06975,train,token_block_noise
TR06976,train,random_same_category
TR06977,train,token_block_noise
TR06978,train,variant_capacity
TR06979,train,variant_capacity
TR06980,train,token_block_noise
TR06981,train,same_sku
TR06982,train,token_block_noise
TR06983,train,random_same_category
TR06984,train,random_same_category
TR06985,train,same_sku
TR06986,train,successor_model
TR06987,train,variant_capacity
TR06988,train,token_block_noise
TR06989,train,token_block_noise
TR06990,train,variant_pack
TR06991,train,variant_multi_attr
TR06992,train,cross_brand_lookalike
TR06993,train,variant_color
TR06994,train,cross_brand_lookalike
TR06995,train,same_sku
TR06996,train,cross_brand_lookalike
TR06997,train,cross_brand_lookalike
TR06998,train,variant_pack
TR06999,train,token_block_noise
TR07000,train,accessory_diff_host
TR07001,train,accessory_diff_host
TR07002,train,variant_capacity
TR07003,train,variant_multi_attr
TR07004,train,accessory_diff_host
TR07005,train,token_block_noise
TR07006,train,variant_capacity
TR07007,train,token_block_noise
TR07008,train,variant_capacity
TR07009,train,token_block_noise
TR07010,train,variant_color
TR07011,train,variant_multi_attr
TR07012,train,random_same_category
TR07013,train,token_block_noise
TR07014,train,random_same_category
TR07015,train,same_sku
TR07016,train,variant_pack
TR07017,train,accessory_vs_host
TR07018,train,accessory_diff_host
TR07019,train,token_block_noise
TR07020,train,token_block_noise
TR07021,train,variant_color
TR07022,train,variant_color
TR07023,train,token_block_noise
TR07024,train,cross_brand_lookalike
TR07025,train,accessory_vs_host
TR07026,train,variant_multi_attr
TR07027,train,variant_color
TR07028,train,random_same_category
TR07029,train,token_block_noise
TR07030,train,variant_color
TR07031,train,accessory_vs_host
TR07032,train,token_block_noise
TR07033,train,cross_brand_lookalike
TR07034,train,variant_capacity
TR07035,train,variant_pack
TR07036,train,cross_brand_lookalike
TR07037,train,same_sku
TR07038,train,same_sku
TR07039,train,token_block_noise
TR07040,train,random_same_category
TR07041,train,token_block_noise
TR07042,train,cross_brand_lookalike
TR07043,train,same_sku
TR07044,train,variant_pack
TR07045,train,token_block_noise
TR07046,train,same_sku
TR07047,train,cross_brand_lookalike
TR07048,train,variant_multi_attr
TR07049,train,cross_brand_lookalike
TR07050,train,token_block_noise
TR07051,train,same_sku
TR07052,train,cross_brand_lookalike
TR07053,train,random_same_category
TR07054,train,same_sku
TR07055,train,token_block_noise
TR07056,train,random_same_category
TR07057,train,same_sku
TR07058,train,cross_brand_lookalike
TR07059,train,successor_model
TR07060,train,accessory_vs_host
TR07061,train,variant_capacity
TR07062,train,variant_capacity
TR07063,train,token_block_noise
TR07064,train,same_brand_diff_line
TR07065,train,cross_brand_lookalike
TR07066,train,cross_brand_lookalike
TR07067,train,token_block_noise
TR07068,train,cross_brand_lookalike
TR07069,train,accessory_vs_host
TR07070,train,variant_pack
TR07071,train,variant_color
TR07072,train,accessory_diff_host
TR07073,train,variant_multi_attr
TR07074,train,cross_brand_lookalike
TR07075,train,random_same_category
TR07076,train,random_same_category
TR07077,train,token_block_noise
TR07078,train,token_block_noise
TR07079,train,variant_multi_attr
TR07080,train,cross_brand_lookalike
TR07081,train,random_same_category
TR07082,train,variant_multi_attr
TR07083,train,cross_brand_lookalike
TR07084,train,random_same_category
TR07085,train,cross_brand_lookalike
TR07086,train,variant_multi_attr
TR07087,train,cross_brand_lookalike
TR07088,train,token_block_noise
TR07089,train,variant_size
TR07090,train,variant_pack
TR07091,train,accessory_vs_host
TR07092,train,variant_color
TR07093,train,variant_size
TR07094,train,variant_color
TR07095,train,cross_brand_lookalike
TR07096,train,variant_multi_attr
TR07097,train,token_block_noise
TR07098,train,random_same_category
TR07099,train,accessory_vs_host
TR07100,train,accessory_diff_host
TR07101,train,random_same_category
TR07102,train,variant_capacity
TR07103,train,variant_size
TR07104,train,successor_model
TR07105,train,accessory_diff_host
TR07106,train,variant_color
TR07107,train,variant_multi_attr
TR07108,train,same_sku
TR07109,train,variant_pack
TR07110,train,variant_color
TR07111,train,successor_model
TR07112,train,variant_capacity
TR07113,train,same_sku
TR07114,train,token_block_noise
TR07115,train,cross_brand_lookalike
TR07116,train,same_sku
TR07117,train,variant_color
TR07118,train,token_block_noise
TR07119,train,token_block_noise
TR07120,train,variant_color
TR07121,train,variant_color
TR07122,train,variant_capacity
TR07123,train,cross_brand_lookalike
TR07124,train,token_block_noise
TR07125,train,variant_capacity
TR07126,train,same_sku
TR07127,train,token_block_noise
TR07128,train,variant_multi_attr
TR07129,train,variant_capacity
TR07130,train,variant_pack
TR07131,train,cross_brand_lookalike
TR07132,train,same_sku
TR07133,train,same_sku
TR07134,train,accessory_diff_host
TR07135,train,token_block_noise
TR07136,train,random_same_category
TR07137,train,variant_capacity
TR07138,train,variant_color
TR07139,train,variant_capacity
TR07140,train,token_block_noise
TR07141,train,variant_color
TR07142,train,variant_color
TR07143,train,variant_capacity
TR07144,train,token_block_noise
TR07145,train,accessory_vs_host
TR07146,train,variant_pack
TR07147,train,variant_pack
TR07148,train,successor_model
TR07149,train,successor_model
TR07150,train,variant_capacity
TR07151,train,accessory_diff_host
TR07152,train,token_block_noise
TR07153,train,same_sku
TR07154,train,accessory_vs_host
TR07155,train,random_same_category
TR07156,train,variant_color
TR07157,train,variant_multi_attr
TR07158,train,successor_model
TR07159,train,variant_color
TR07160,train,same_sku
TR07161,train,same_sku
TR07162,train,variant_color
TR07163,train,cross_brand_lookalike
TR07164,train,token_block_noise
TR07165,train,variant_size
TR07166,train,random_same_category
TR07167,train,variant_capacity
TR07168,train,random_same_category
TR07169,train,variant_multi_attr
TR07170,train,token_block_noise
TR07171,train,random_same_category
TR07172,train,token_block_noise
TR07173,train,variant_multi_attr
TR07174,train,variant_pack
TR07175,train,variant_capacity
TR07176,train,variant_pack
TR07177,train,same_sku
TR07178,train,variant_multi_attr
TR07179,train,accessory_vs_host
TR07180,train,variant_pack
TR07181,train,variant_pack
TR07182,train,successor_model
TR07183,train,variant_pack
TR07184,train,same_sku
TR07185,train,variant_pack
TR07186,train,successor_model
TR07187,train,variant_capacity
TR07188,train,accessory_diff_host
TR07189,train,token_block_noise
TR07190,train,accessory_vs_host
TR07191,train,token_block_noise
TR07192,train,token_block_noise
TR07193,train,variant_color
TR07194,train,token_block_noise
TR07195,train,cross_brand_lookalike
TR07196,train,random_same_category
TR07197,train,variant_color
TR07198,train,successor_model
TR07199,train,variant_pack
TR07200,train,accessory_vs_host
TR07201,train,accessory_diff_host
TR07202,train,variant_size
TR07203,train,same_sku
TR07204,train,cross_brand_lookalike
TR07205,train,variant_pack
TR07206,train,variant_pack
TR07207,train,variant_color
TR07208,train,variant_multi_attr
TR07209,train,token_block_noise
TR07210,train,same_sku
TR07211,train,token_block_noise
TR07212,train,accessory_diff_host
TR07213,train,same_sku
TR07214,train,variant_multi_attr
TR07215,train,cross_brand_lookalike
TR07216,train,token_block_noise
TR07217,train,token_block_noise
TR07218,train,same_sku
TR07219,train,same_sku
TR07220,train,accessory_diff_host
TR07221,train,cross_brand_lookalike
TR07222,train,same_sku
TR07223,train,same_sku
TR07224,train,variant_pack
TR07225,train,cross_brand_lookalike
TR07226,train,token_block_noise
TR07227,train,accessory_diff_host
TR07228,train,cross_brand_lookalike
TR07229,train,token_block_noise
TR07230,train,token_block_noise
TR07231,train,token_block_noise
TR07232,train,variant_color
TR07233,train,accessory_diff_host
TR07234,train,successor_model
TR07235,train,token_block_noise
TR07236,train,token_block_noise
TR07237,train,token_block_noise
TR07238,train,variant_capacity
TR07239,train,random_same_category
TR07240,train,same_sku
TR07241,train,token_block_noise
TR07242,train,random_same_category
TR07243,train,successor_model
TR07244,train,accessory_diff_host
TR07245,train,variant_pack
TR07246,train,same_sku
TR07247,train,variant_capacity
TR07248,train,accessory_vs_host
TR07249,train,variant_multi_attr
TR07250,train,variant_capacity
TR07251,train,variant_capacity
TR07252,train,variant_color
TR07253,train,variant_multi_attr
TR07254,train,token_block_noise
TR07255,train,token_block_noise
TR07256,train,random_same_category
TR07257,train,token_block_noise
TR07258,train,random_same_category
TR07259,train,variant_size
TR07260,train,variant_multi_attr
TR07261,train,variant_capacity
TR07262,train,same_sku
TR07263,train,same_sku
TR07264,train,variant_size
TR07265,train,variant_multi_attr
TR07266,train,random_same_category
TR07267,train,variant_capacity
TR07268,train,accessory_diff_host
TR07269,train,same_sku
TR07270,train,variant_capacity
TR07271,train,successor_model
TR07272,train,token_block_noise
TR07273,train,accessory_diff_host
TR07274,train,variant_capacity
TR07275,train,cross_brand_lookalike
TR07276,train,token_block_noise
TR07277,train,cross_brand_lookalike
TR07278,train,variant_color
TR07279,train,variant_color
TR07280,train,variant_color
TR07281,train,accessory_vs_host
TR07282,train,cross_brand_lookalike
TR07283,train,same_sku
TR07284,train,variant_capacity
TR07285,train,cross_brand_lookalike
TR07286,train,variant_color
TR07287,train,variant_color
TR07288,train,cross_brand_lookalike
TR07289,train,variant_size
TR07290,train,same_sku
TR07291,train,successor_model
TR07292,train,token_block_noise
TR07293,train,cross_brand_lookalike
TR07294,train,same_sku
TR07295,train,token_block_noise
TR07296,train,variant_color
TR07297,train,token_block_noise
TR07298,train,same_sku
TR07299,train,variant_capacity
TR07300,train,cross_brand_lookalike
TR07301,train,cross_brand_lookalike
TR07302,train,variant_pack
TR07303,train,successor_model
TR07304,train,token_block_noise
TR07305,train,cross_brand_lookalike
TR07306,train,accessory_vs_host
TR07307,train,same_sku
TR07308,train,token_block_noise
TR07309,train,token_block_noise
TR07310,train,same_sku
TR07311,train,cross_brand_lookalike
TR07312,train,same_sku
TR07313,train,same_sku
TR07314,train,variant_color
TR07315,train,variant_color
TR07316,train,token_block_noise
TR07317,train,variant_capacity
TR07318,train,accessory_vs_host
TR07319,train,successor_model
TR07320,train,variant_color
TR07321,train,variant_capacity
TR07322,train,token_block_noise
TR07323,train,random_same_category
TR07324,train,cross_brand_lookalike
TR07325,train,variant_color
TR07326,train,same_sku
TR07327,train,accessory_vs_host
TR07328,train,cross_brand_lookalike
TR07329,train,cross_brand_lookalike
TR07330,train,random_same_category
TR07331,train,variant_multi_attr
TR07332,train,variant_pack
TR07333,train,token_block_noise
TR07334,train,variant_capacity
TR07335,train,accessory_diff_host
TR07336,train,token_block_noise
TR07337,train,variant_multi_attr
TR07338,train,token_block_noise
TR07339,train,variant_multi_attr
TR07340,train,variant_multi_attr
TR07341,train,variant_capacity
TR07342,train,token_block_noise
TR07343,train,variant_color
TR07344,train,accessory_vs_host
TR07345,train,cross_brand_lookalike
TR07346,train,cross_brand_lookalike
TR07347,train,variant_multi_attr
TR07348,train,same_sku
TR07349,train,variant_multi_attr
TR07350,train,successor_model
TR07351,train,variant_color
TR07352,train,token_block_noise
TR07353,train,variant_multi_attr
TR07354,train,variant_color
TR07355,train,same_sku
TR07356,train,variant_pack
TR07357,train,same_brand_diff_line
TR07358,train,token_block_noise
TR07359,train,variant_color
TR07360,train,variant_pack
TR07361,train,variant_pack
TR07362,train,variant_color
TR07363,train,variant_color
TR07364,train,token_block_noise
TR07365,train,token_block_noise
TR07366,train,successor_model
TR07367,train,same_sku
TR07368,train,random_same_category
TR07369,train,accessory_vs_host
TR07370,train,variant_pack
TR07371,train,token_block_noise
TR07372,train,token_block_noise
TR07373,train,same_sku
TR07374,train,variant_color
TR07375,train,variant_color
TR07376,train,same_sku
TR07377,train,token_block_noise
TR07378,train,token_block_noise
TR07379,train,token_block_noise
TR07380,train,same_sku
TR07381,train,variant_size
TR07382,train,same_sku
TR07383,train,cross_brand_lookalike
TR07384,train,accessory_diff_host
TR07385,train,same_sku
TR07386,train,variant_multi_attr
TR07387,train,variant_capacity
TR07388,train,variant_pack
TR07389,train,same_brand_diff_line
TR07390,train,token_block_noise
TR07391,train,variant_capacity
TR07392,train,cross_brand_lookalike
TR07393,train,cross_brand_lookalike
TR07394,train,same_sku
TR07395,train,random_same_category
TR07396,train,variant_multi_attr
TR07397,train,same_sku
TR07398,train,variant_pack
TR07399,train,variant_pack
TR07400,train,token_block_noise
TR07401,train,successor_model
TR07402,train,variant_color
TR07403,train,accessory_vs_host
TR07404,train,token_block_noise
TR07405,train,same_sku
TR07406,train,cross_brand_lookalike
TR07407,train,variant_color
TR07408,train,variant_multi_attr
TR07409,train,variant_multi_attr
TR07410,train,variant_color
TR07411,train,token_block_noise
TR07412,train,variant_multi_attr
TR07413,train,variant_capacity
TR07414,train,same_sku
TR07415,train,variant_color
TR07416,train,token_block_noise
TR07417,train,token_block_noise
TR07418,train,random_same_category
TR07419,train,variant_capacity
TR07420,train,accessory_vs_host
TR07421,train,cross_brand_lookalike
TR07422,train,variant_capacity
TR07423,train,token_block_noise
TR07424,train,cross_brand_lookalike
TR07425,train,variant_capacity
TR07426,train,random_same_category
TR07427,train,cross_brand_lookalike
TR07428,train,variant_color
TR07429,train,variant_size
TR07430,train,variant_capacity
TR07431,train,successor_model
TR07432,train,same_sku
TR07433,train,cross_brand_lookalike
TR07434,train,variant_pack
TR07435,train,variant_capacity
TR07436,train,token_block_noise
TR07437,train,accessory_diff_host
TR07438,train,variant_multi_attr
TR07439,train,same_brand_diff_line
TR07440,train,variant_multi_attr
TR07441,train,variant_capacity
TR07442,train,variant_color
TR07443,train,cross_brand_lookalike
TR07444,train,variant_color
TR07445,train,accessory_diff_host
TR07446,train,variant_capacity
TR07447,train,cross_brand_lookalike
TR07448,train,variant_capacity
TR07449,train,variant_color
TR07450,train,variant_color
TR07451,train,variant_color
TR07452,train,variant_color
TR07453,train,token_block_noise
TR07454,train,accessory_diff_host
TR07455,train,variant_pack
TR07456,train,same_sku
TR07457,train,successor_model
TR07458,train,token_block_noise
TR07459,train,variant_capacity
TR07460,train,token_block_noise
TR07461,train,cross_brand_lookalike
TR07462,train,random_same_category
TR07463,train,accessory_vs_host
TR07464,train,variant_color
TR07465,train,same_brand_diff_line
TR07466,train,same_sku
TR07467,train,cross_brand_lookalike
TR07468,train,token_block_noise
TR07469,train,variant_color
TR07470,train,variant_multi_attr
TR07471,train,token_block_noise
TR07472,train,variant_pack
TR07473,train,variant_multi_attr
TR07474,train,token_block_noise
TR07475,train,random_same_category
TR07476,train,variant_multi_attr
TR07477,train,random_same_category
TR07478,train,token_block_noise
TR07479,train,same_sku
TR07480,train,variant_color
TR07481,train,same_sku
TR07482,train,cross_brand_lookalike
TR07483,train,variant_color
TR07484,train,variant_color
TR07485,train,token_block_noise
TR07486,train,variant_pack
TR07487,train,variant_capacity
TR07488,train,same_sku
TR07489,train,token_block_noise
TR07490,train,random_same_category
TR07491,train,token_block_noise
TR07492,train,cross_brand_lookalike
TR07493,train,random_same_category
TR07494,train,random_same_category
TR07495,train,token_block_noise
TR07496,train,cross_brand_lookalike
TR07497,train,token_block_noise
TR07498,train,token_block_noise
TR07499,train,token_block_noise
TR07500,train,variant_multi_attr
TR07501,train,successor_model
TR07502,train,random_same_category
TR07503,train,accessory_diff_host
TR07504,train,accessory_diff_host
TR07505,train,variant_color
TR07506,train,token_block_noise
TR07507,train,token_block_noise
TR07508,train,variant_pack
TR07509,train,token_block_noise
TR07510,train,accessory_diff_host
TR07511,train,same_sku
TR07512,train,successor_model
TR07513,train,accessory_diff_host
TR07514,train,variant_color
TR07515,train,accessory_diff_host
TR07516,train,accessory_vs_host
TR07517,train,variant_capacity
TR07518,train,accessory_vs_host
TR07519,train,same_sku
TR07520,train,variant_capacity
TR07521,train,successor_model
TR07522,train,variant_multi_attr
TR07523,train,token_block_noise
TR07524,train,cross_brand_lookalike
TR07525,train,successor_model
TR07526,train,token_block_noise
TR07527,train,same_sku
TR07528,train,accessory_vs_host
TR07529,train,token_block_noise
TR07530,train,variant_color
TR07531,train,accessory_diff_host
TR07532,train,same_sku
TR07533,train,variant_color
TR07534,train,token_block_noise
TR07535,train,variant_pack
TR07536,train,accessory_vs_host
TR07537,train,token_block_noise
TR07538,train,variant_color
TR07539,train,cross_brand_lookalike
TR07540,train,variant_color
TR07541,train,variant_pack
TR07542,train,variant_color
TR07543,train,accessory_diff_host
TR07544,train,token_block_noise
TR07545,train,successor_model
TR07546,train,successor_model
TR07547,train,same_sku
TR07548,train,variant_capacity
TR07549,train,variant_color
TR07550,train,cross_brand_lookalike
TR07551,train,cross_brand_lookalike
TR07552,train,accessory_diff_host
TR07553,train,cross_brand_lookalike
TR07554,train,same_sku
TR07555,train,token_block_noise
TR07556,train,same_sku
TR07557,train,accessory_vs_host
TR07558,train,token_block_noise
TR07559,train,random_same_category
TR07560,train,variant_color
TR07561,train,accessory_diff_host
TR07562,train,same_sku
TR07563,train,variant_multi_attr
TR07564,train,cross_brand_lookalike
TR07565,train,successor_model
TR07566,train,variant_multi_attr
TR07567,train,token_block_noise
TR07568,train,same_sku
TR07569,train,variant_capacity
TR07570,train,variant_multi_attr
TR07571,train,accessory_vs_host
TR07572,train,cross_brand_lookalike
TR07573,train,token_block_noise
TR07574,train,cross_brand_lookalike
TR07575,train,variant_pack
TR07576,train,variant_color
TR07577,train,successor_model
TR07578,train,variant_color
TR07579,train,cross_brand_lookalike
TR07580,train,token_block_noise
TR07581,train,variant_color
TR07582,train,same_sku
TR07583,train,cross_brand_lookalike
TR07584,train,successor_model
TR07585,train,token_block_noise
TR07586,train,cross_brand_lookalike
TR07587,train,variant_color
TR07588,train,same_sku
TR07589,train,variant_multi_attr
TR07590,train,variant_capacity
TR07591,train,random_same_category
TR07592,train,variant_color
TR07593,train,variant_pack
TR07594,train,same_sku
TR07595,train,variant_color
TR07596,train,cross_brand_lookalike
TR07597,train,variant_pack
TR07598,train,same_sku
TR07599,train,variant_color
TR07600,train,accessory_vs_host
TR07601,train,same_sku
TR07602,train,variant_size
TR07603,train,cross_brand_lookalike
TR07604,train,cross_brand_lookalike
TR07605,train,same_sku
TR07606,train,accessory_vs_host
TR07607,train,cross_brand_lookalike
TR07608,train,random_same_category
TR07609,train,variant_multi_attr
TR07610,train,token_block_noise
TR07611,train,accessory_diff_host
TR07612,train,same_sku
TR07613,train,token_block_noise
TR07614,train,token_block_noise
TR07615,train,variant_capacity
TR07616,train,variant_capacity
TR07617,train,variant_color
TR07618,train,cross_brand_lookalike
TR07619,train,variant_multi_attr
TR07620,train,variant_color
TR07621,train,variant_multi_attr
TR07622,train,cross_brand_lookalike
TR07623,train,variant_multi_attr
TR07624,train,token_block_noise
TR07625,train,same_sku
TR07626,train,accessory_diff_host
TR07627,train,variant_pack
TR07628,train,variant_color
TR07629,train,variant_capacity
TR07630,train,accessory_vs_host
TR07631,train,accessory_vs_host
TR07632,train,successor_model
TR07633,train,same_sku
TR07634,train,random_same_category
TR07635,train,same_sku
TR07636,train,random_same_category
TR07637,train,accessory_vs_host
TR07638,train,successor_model
TR07639,train,same_sku
TR07640,train,token_block_noise
TR07641,train,variant_color
TR07642,train,random_same_category
TR07643,train,same_sku
TR07644,train,token_block_noise
TR07645,train,token_block_noise
TR07646,train,variant_capacity
TR07647,train,variant_capacity
TR07648,train,variant_capacity
TR07649,train,token_block_noise
TR07650,train,variant_capacity
TR07651,train,variant_color
TR07652,train,token_block_noise
TR07653,train,token_block_noise
TR07654,train,accessory_vs_host
TR07655,train,cross_brand_lookalike
TR07656,train,same_sku
TR07657,train,variant_color
TR07658,train,same_sku
TR07659,train,accessory_vs_host
TR07660,train,variant_color
TR07661,train,variant_color
TR07662,train,variant_capacity
TR07663,train,variant_multi_attr
TR07664,train,same_sku
TR07665,train,random_same_category
TR07666,train,same_brand_diff_line
TR07667,train,same_sku
TR07668,train,successor_model
TR07669,train,variant_capacity
TR07670,train,token_block_noise
TR07671,train,variant_capacity
TR07672,train,variant_color
TR07673,train,random_same_category
TR07674,train,variant_color
TR07675,train,token_block_noise
TR07676,train,accessory_vs_host
TR07677,train,same_sku
TR07678,train,successor_model
TR07679,train,same_sku
TR07680,train,token_block_noise
TR07681,train,token_block_noise
TR07682,train,cross_brand_lookalike
TR07683,train,variant_color
TR07684,train,cross_brand_lookalike
TR07685,train,accessory_vs_host
TR07686,train,variant_capacity
TR07687,train,variant_pack
TR07688,train,token_block_noise
TR07689,train,token_block_noise
TR07690,train,same_sku
TR07691,train,successor_model
TR07692,train,cross_brand_lookalike
TR07693,train,token_block_noise
TR07694,train,same_sku
TR07695,train,variant_pack
TR07696,train,accessory_vs_host
TR07697,train,token_block_noise
TR07698,train,token_block_noise
TR07699,train,variant_capacity
TR07700,train,variant_multi_attr
TR07701,train,random_same_category
TR07702,train,variant_color
TR07703,train,cross_brand_lookalike
TR07704,train,token_block_noise
TR07705,train,accessory_vs_host
TR07706,train,variant_pack
TR07707,train,variant_capacity
TR07708,train,variant_color
TR07709,train,same_sku
TR07710,train,cross_brand_lookalike
TR07711,train,same_sku
TR07712,train,variant_multi_attr
TR07713,train,accessory_vs_host
TR07714,train,variant_multi_attr
TR07715,train,random_same_category
TR07716,train,variant_color
TR07717,train,variant_color
TR07718,train,variant_multi_attr
TR07719,train,variant_pack
TR07720,train,successor_model
TR07721,train,same_sku
TR07722,train,cross_brand_lookalike
TR07723,train,same_sku
TR07724,train,token_block_noise
TR07725,train,same_sku
TR07726,train,token_block_noise
TR07727,train,variant_capacity
TR07728,train,cross_brand_lookalike
TR07729,train,variant_color
TR07730,train,random_same_category
TR07731,train,cross_brand_lookalike
TR07732,train,variant_color
TR07733,train,variant_capacity
TR07734,train,variant_color
TR07735,train,token_block_noise
TR07736,train,same_sku
TR07737,train,successor_model
TR07738,train,variant_multi_attr
TR07739,train,cross_brand_lookalike
TR07740,train,cross_brand_lookalike
TR07741,train,cross_brand_lookalike
TR07742,train,successor_model
TR07743,train,cross_brand_lookalike
TR07744,train,cross_brand_lookalike
TR07745,train,variant_pack
TR07746,train,variant_capacity
TR07747,train,cross_brand_lookalike
TR07748,train,same_sku
TR07749,train,variant_capacity
TR07750,train,cross_brand_lookalike
TR07751,train,variant_capacity
TR07752,train,accessory_diff_host
TR07753,train,cross_brand_lookalike
TR07754,train,variant_pack
TR07755,train,same_sku
TR07756,train,variant_color
TR07757,train,variant_pack
TR07758,train,random_same_category
TR07759,train,accessory_vs_host
TR07760,train,variant_multi_attr
TR07761,train,variant_size
TR07762,train,variant_color
TR07763,train,token_block_noise
TR07764,train,cross_brand_lookalike
TR07765,train,variant_multi_attr
TR07766,train,cross_brand_lookalike
TR07767,train,same_sku
TR07768,train,variant_color
TR07769,train,variant_multi_attr
TR07770,train,variant_capacity
TR07771,train,variant_color
TR07772,train,token_block_noise
TR07773,train,token_block_noise
TR07774,train,random_same_category
TR07775,train,cross_brand_lookalike
TR07776,train,token_block_noise
TR07777,train,token_block_noise
TR07778,train,variant_color
TR07779,train,same_sku
TR07780,train,token_block_noise
TR07781,train,token_block_noise
TR07782,train,variant_capacity
TR07783,train,variant_color
TR07784,train,accessory_diff_host
TR07785,train,random_same_category
TR07786,train,variant_multi_attr
TR07787,train,token_block_noise
TR07788,train,accessory_vs_host
TR07789,train,same_sku
TR07790,train,variant_capacity
TR07791,train,random_same_category
TR07792,train,variant_color
TR07793,train,variant_size
TR07794,train,same_sku
TR07795,train,variant_color
TR07796,train,variant_size
TR07797,train,variant_color
TR07798,train,cross_brand_lookalike
TR07799,train,token_block_noise
TR07800,train,random_same_category
TR07801,train,accessory_vs_host
TR07802,train,successor_model
TR07803,train,same_sku
TR07804,train,accessory_vs_host
TR07805,train,token_block_noise
TR07806,train,token_block_noise
TR07807,train,same_sku
TR07808,train,variant_capacity
TR07809,train,variant_color
TR07810,train,same_sku
TR07811,train,variant_multi_attr
TR07812,train,cross_brand_lookalike
TR07813,train,variant_size
TR07814,train,token_block_noise
TR07815,train,accessory_vs_host
TR07816,train,variant_color
TR07817,train,token_block_noise
TR07818,train,variant_color
TR07819,train,token_block_noise
TR07820,train,token_block_noise
TR07821,train,same_brand_diff_line
TR07822,train,cross_brand_lookalike
TR07823,train,random_same_category
TR07824,train,variant_capacity
TR07825,train,random_same_category
TR07826,train,same_sku
TR07827,train,variant_capacity
TR07828,train,variant_capacity
TR07829,train,variant_color
TR07830,train,same_sku
TR07831,train,token_block_noise
TR07832,train,token_block_noise
TR07833,train,token_block_noise
TR07834,train,variant_color
TR07835,train,same_sku
TR07836,train,variant_color
TR07837,train,same_sku
TR07838,train,variant_capacity
TR07839,train,variant_multi_attr
TR07840,train,successor_model
TR07841,train,accessory_vs_host
TR07842,train,token_block_noise
TR07843,train,cross_brand_lookalike
TR07844,train,variant_color
TR07845,train,variant_multi_attr
TR07846,train,random_same_category
TR07847,train,same_sku
TR07848,train,same_sku
TR07849,train,random_same_category
TR07850,train,same_brand_diff_line
TR07851,train,cross_brand_lookalike
TR07852,train,variant_pack
TR07853,train,random_same_category
TR07854,train,variant_color
TR07855,train,variant_color
TR07856,train,variant_color
TR07857,train,token_block_noise
TR07858,train,successor_model
TR07859,train,same_sku
TR07860,train,accessory_vs_host
TR07861,train,same_sku
TR07862,train,token_block_noise
TR07863,train,variant_pack
TR07864,train,variant_color
TR07865,train,accessory_vs_host
TR07866,train,variant_pack
TR07867,train,same_sku
TR07868,train,random_same_category
TR07869,train,successor_model
TR07870,train,variant_color
TR07871,train,variant_multi_attr
TR07872,train,same_sku
TR07873,train,cross_brand_lookalike
TR07874,train,token_block_noise
TR07875,train,cross_brand_lookalike
TR07876,train,variant_color
TR07877,train,token_block_noise
TR07878,train,cross_brand_lookalike
TR07879,train,random_same_category
TR07880,train,same_sku
TR07881,train,token_block_noise
TR07882,train,same_sku
TR07883,train,successor_model
TR07884,train,same_brand_diff_line
TR07885,train,variant_capacity
TR07886,train,token_block_noise
TR07887,train,accessory_vs_host
TR07888,train,cross_brand_lookalike
TR07889,train,variant_multi_attr
TR07890,train,cross_brand_lookalike
TR07891,train,cross_brand_lookalike
TR07892,train,token_block_noise
TR07893,train,token_block_noise
TR07894,train,random_same_category
TR07895,train,variant_color
TR07896,train,accessory_vs_host
TR07897,train,variant_multi_attr
TR07898,train,same_sku
TR07899,train,accessory_vs_host
TR07900,train,accessory_vs_host
TR07901,train,variant_color
TR07902,train,same_sku
TR07903,train,random_same_category
TR07904,train,cross_brand_lookalike
TR07905,train,variant_pack
TR07906,train,variant_color
TR07907,train,token_block_noise
TR07908,train,accessory_vs_host
TR07909,train,token_block_noise
TR07910,train,successor_model
TR07911,train,variant_pack
TR07912,train,variant_size
TR07913,train,token_block_noise
TR07914,train,random_same_category
TR07915,train,variant_color
TR07916,train,same_sku
TR07917,train,cross_brand_lookalike
TR07918,train,variant_pack
TR07919,train,accessory_vs_host
TR07920,train,accessory_diff_host
TR07921,train,cross_brand_lookalike
TR07922,train,accessory_diff_host
TR07923,train,accessory_vs_host
TR07924,train,cross_brand_lookalike
TR07925,train,cross_brand_lookalike
TR07926,train,accessory_vs_host
TR07927,train,variant_color
TR07928,train,variant_color
TR07929,train,variant_capacity
TR07930,train,variant_capacity
TR07931,train,accessory_diff_host
TR07932,train,cross_brand_lookalike
TR07933,train,variant_size
TR07934,train,variant_color
TR07935,train,cross_brand_lookalike
TR07936,train,accessory_vs_host
TR07937,train,token_block_noise
TR07938,train,token_block_noise
TR07939,train,token_block_noise
TR07940,train,variant_size
TR07941,train,random_same_category
TR07942,train,token_block_noise
TR07943,train,variant_capacity
TR07944,train,same_sku
TR07945,train,variant_size
TR07946,train,variant_color
TR07947,train,variant_capacity
TR07948,train,cross_brand_lookalike
TR07949,train,token_block_noise
TR07950,train,random_same_category
TR07951,train,variant_pack
TR07952,train,random_same_category
TR07953,train,same_sku
TR07954,train,accessory_diff_host
TR07955,train,variant_capacity
TR07956,train,cross_brand_lookalike
TR07957,train,variant_capacity
TR07958,train,token_block_noise
TR07959,train,variant_size
TR07960,train,variant_color
TR07961,train,accessory_diff_host
TR07962,train,same_sku
TR07963,train,cross_brand_lookalike
TR07964,train,accessory_vs_host
TR07965,train,accessory_diff_host
TR07966,train,same_sku
TR07967,train,token_block_noise
TR07968,train,same_sku
TR07969,train,variant_multi_attr
TR07970,train,token_block_noise
TR07971,train,variant_pack
TR07972,train,same_sku
TR07973,train,variant_capacity
TR07974,train,token_block_noise
TR07975,train,cross_brand_lookalike
TR07976,train,token_block_noise
TR07977,train,variant_multi_attr
TR07978,train,same_sku
TR07979,train,accessory_diff_host
TR07980,train,variant_capacity
TR07981,train,variant_color
TR07982,train,random_same_category
TR07983,train,variant_color
TR07984,train,variant_color
TR07985,train,token_block_noise
TR07986,train,variant_capacity
TR07987,train,same_sku
TR07988,train,token_block_noise
TR07989,train,token_block_noise
TR07990,train,accessory_vs_host
TR07991,train,variant_capacity
TR07992,train,same_sku
TR07993,train,accessory_vs_host
TR07994,train,cross_brand_lookalike
TR07995,train,variant_color
TR07996,train,variant_color
TR07997,train,token_block_noise
TR07998,train,variant_color
TR07999,train,random_same_category
TR08000,train,accessory_vs_host
TR08001,train,variant_multi_attr
TR08002,train,variant_capacity
TR08003,train,variant_capacity
TR08004,train,same_sku
TR08005,train,cross_brand_lookalike
TR08006,train,token_block_noise
TR08007,train,cross_brand_lookalike
TR08008,train,same_sku
TR08009,train,cross_brand_lookalike
TR08010,train,same_sku
TR08011,train,same_sku
TR08012,train,same_sku
TR08013,train,variant_size
TR08014,train,same_sku
TR08015,train,token_block_noise
TR08016,train,variant_capacity
TR08017,train,same_sku
TR08018,train,accessory_vs_host
TR08019,train,same_sku
TR08020,train,accessory_vs_host
TR08021,train,same_sku
TR08022,train,same_sku
TR08023,train,same_sku
TR08024,train,variant_color
TR08025,train,variant_multi_attr
TR08026,train,cross_brand_lookalike
TR08027,train,token_block_noise
TR08028,train,same_sku
TR08029,train,random_same_category
TR08030,train,cross_brand_lookalike
TR08031,train,random_same_category
TR08032,train,cross_brand_lookalike
TR08033,train,token_block_noise
TR08034,train,cross_brand_lookalike
TR08035,train,same_sku
TR08036,train,cross_brand_lookalike
TR08037,train,variant_pack
TR08038,train,variant_multi_attr
TR08039,train,variant_capacity
TR08040,train,cross_brand_lookalike
TR08041,train,variant_pack
TR08042,train,random_same_category
TR08043,train,variant_capacity
TR08044,train,accessory_vs_host
TR08045,train,variant_color
TR08046,train,accessory_vs_host
TR08047,train,token_block_noise
TR08048,train,random_same_category
TR08049,train,token_block_noise
TR08050,train,accessory_vs_host
TR08051,train,same_sku
TR08052,train,variant_multi_attr
TR08053,train,variant_color
TR08054,train,token_block_noise
TR08055,train,token_block_noise
TR08056,train,variant_multi_attr
TR08057,train,cross_brand_lookalike
TR08058,train,variant_color
TR08059,train,successor_model
TR08060,train,variant_color
TR08061,train,variant_capacity
TR08062,train,accessory_vs_host
TR08063,train,variant_color
TR08064,train,token_block_noise
TR08065,train,cross_brand_lookalike
TR08066,train,variant_capacity
TR08067,train,token_block_noise
TR08068,train,same_sku
TR08069,train,cross_brand_lookalike
TR08070,train,variant_capacity
TR08071,train,token_block_noise
TR08072,train,variant_multi_attr
TR08073,train,token_block_noise
TR08074,train,accessory_diff_host
TR08075,train,cross_brand_lookalike
TR08076,train,token_block_noise
TR08077,train,variant_color
TR08078,train,accessory_vs_host
TR08079,train,variant_multi_attr
TR08080,train,same_sku
TR08081,train,variant_multi_attr
TR08082,train,variant_color
TR08083,train,same_sku
TR08084,train,cross_brand_lookalike
TR08085,train,random_same_category
TR08086,train,accessory_vs_host
TR08087,train,successor_model
TR08088,train,variant_size
TR08089,train,accessory_vs_host
TR08090,train,random_same_category
TR08091,train,variant_color
TR08092,train,random_same_category
TR08093,train,cross_brand_lookalike
TR08094,train,accessory_vs_host
TR08095,train,cross_brand_lookalike
TR08096,train,variant_color
TR08097,train,variant_multi_attr
TR08098,train,variant_capacity
TR08099,train,variant_multi_attr
TR08100,train,accessory_vs_host
TR08101,train,random_same_category
TR08102,train,token_block_noise
TR08103,train,variant_color
TR08104,train,variant_color
TR08105,train,variant_color
TR08106,train,variant_capacity
TR08107,train,accessory_vs_host
TR08108,train,cross_brand_lookalike
TR08109,train,variant_capacity
TR08110,train,accessory_diff_host
TR08111,train,random_same_category
TR08112,train,token_block_noise
TR08113,train,accessory_diff_host
TR08114,train,accessory_diff_host
TR08115,train,same_sku
TR08116,train,accessory_vs_host
TR08117,train,random_same_category
TR08118,train,token_block_noise
TR08119,train,variant_pack
TR08120,train,variant_capacity
TR08121,train,token_block_noise
TR08122,train,variant_capacity
TR08123,train,accessory_diff_host
TR08124,train,variant_color
TR08125,train,accessory_diff_host
TR08126,train,same_sku
TR08127,train,cross_brand_lookalike
TR08128,train,token_block_noise
TR08129,train,variant_color
TR08130,train,variant_color
TR08131,train,cross_brand_lookalike
TR08132,train,cross_brand_lookalike
TR08133,train,same_sku
TR08134,train,token_block_noise
TR08135,train,cross_brand_lookalike
TR08136,train,cross_brand_lookalike
TR08137,train,cross_brand_lookalike
TR08138,train,cross_brand_lookalike
TR08139,train,accessory_vs_host
TR08140,train,variant_color
TR08141,train,same_sku
TR08142,train,variant_color
TR08143,train,accessory_vs_host
TR08144,train,same_sku
TR08145,train,same_sku
TR08146,train,accessory_vs_host
TR08147,train,token_block_noise
TR08148,train,accessory_vs_host
TR08149,train,token_block_noise
TR08150,train,variant_color
TR08151,train,variant_color
TR08152,train,random_same_category
TR08153,train,accessory_diff_host
TR08154,train,token_block_noise
TR08155,train,variant_size
TR08156,train,variant_multi_attr
TR08157,train,variant_pack
TR08158,train,cross_brand_lookalike
TR08159,train,cross_brand_lookalike
TR08160,train,variant_color
TR08161,train,variant_color
TR08162,train,same_sku
TR08163,train,same_sku
TR08164,train,variant_multi_attr
TR08165,train,same_sku
TR08166,train,successor_model
TR08167,train,accessory_vs_host
TR08168,train,same_sku
TR08169,train,random_same_category
TR08170,train,variant_capacity
TR08171,train,cross_brand_lookalike
TR08172,train,token_block_noise
TR08173,train,variant_color
TR08174,train,accessory_vs_host
TR08175,train,variant_capacity
TR08176,train,accessory_diff_host
TR08177,train,accessory_vs_host
TR08178,train,random_same_category
TR08179,train,random_same_category
TR08180,train,accessory_diff_host
TR08181,train,variant_color
TR08182,train,same_sku
TR08183,train,token_block_noise
TR08184,train,token_block_noise
TR08185,train,cross_brand_lookalike
TR08186,train,same_sku
TR08187,train,cross_brand_lookalike
TR08188,train,token_block_noise
TR08189,train,cross_brand_lookalike
TR08190,train,random_same_category
TR08191,train,variant_color
TR08192,train,cross_brand_lookalike
TR08193,train,random_same_category
TR08194,train,token_block_noise
TR08195,train,same_sku
TR08196,train,variant_capacity
TR08197,train,token_block_noise
TR08198,train,variant_capacity
TR08199,train,same_sku
TR08200,train,cross_brand_lookalike
TR08201,train,cross_brand_lookalike
TR08202,train,variant_color
TR08203,train,same_sku
TR08204,train,variant_color
TR08205,train,same_sku
TR08206,train,cross_brand_lookalike
TR08207,train,random_same_category
TR08208,train,variant_color
TR08209,train,random_same_category
TR08210,train,token_block_noise
TR08211,train,token_block_noise
TR08212,train,accessory_diff_host
TR08213,train,token_block_noise
TR08214,train,random_same_category
TR08215,train,variant_pack
TR08216,train,token_block_noise
TR08217,train,variant_capacity
TR08218,train,accessory_vs_host
TR08219,train,token_block_noise
TR08220,train,same_sku
TR08221,train,variant_capacity
TR08222,train,random_same_category
TR08223,train,variant_capacity
TR08224,train,accessory_diff_host
TR08225,train,token_block_noise
TR08226,train,variant_size
TR08227,train,successor_model
TR08228,train,cross_brand_lookalike
TR08229,train,cross_brand_lookalike
TR08230,train,token_block_noise
TR08231,train,token_block_noise
TR08232,train,variant_pack
TR08233,train,variant_color
TR08234,train,variant_color
TR08235,train,accessory_vs_host
TR08236,train,variant_pack
TR08237,train,same_sku
TR08238,train,token_block_noise
TR08239,train,cross_brand_lookalike
TR08240,train,token_block_noise
TR08241,train,variant_capacity
TR08242,train,variant_pack
TR08243,train,variant_color
TR08244,train,successor_model
TR08245,train,successor_model
TR08246,train,variant_pack
TR08247,train,variant_pack
TR08248,train,accessory_vs_host
TR08249,train,token_block_noise
TR08250,train,variant_color
TR08251,train,variant_capacity
TR08252,train,accessory_diff_host
TR08253,train,variant_multi_attr
TR08254,train,same_sku
TR08255,train,variant_capacity
TR08256,train,variant_capacity
TR08257,train,variant_capacity
TR08258,train,accessory_diff_host
TR08259,train,variant_multi_attr
TR08260,train,token_block_noise
TR08261,train,accessory_diff_host
TR08262,train,token_block_noise
TR08263,train,variant_multi_attr
TR08264,train,random_same_category
TR08265,train,token_block_noise
TR08266,train,accessory_diff_host
TR08267,train,variant_multi_attr
TR08268,train,cross_brand_lookalike
TR08269,train,variant_multi_attr
TR08270,train,variant_multi_attr
TR08271,train,random_same_category
TR08272,train,random_same_category
TR08273,train,token_block_noise
TR08274,train,variant_color
TR08275,train,cross_brand_lookalike
TR08276,train,token_block_noise
TR08277,train,cross_brand_lookalike
TR08278,train,same_sku
TR08279,train,variant_capacity
TR08280,train,variant_capacity
TR08281,train,token_block_noise
TR08282,train,accessory_vs_host
TR08283,train,same_sku
TR08284,train,random_same_category
TR08285,train,random_same_category
TR08286,train,cross_brand_lookalike
TR08287,train,accessory_diff_host
TR08288,train,cross_brand_lookalike
TR08289,train,same_sku
TR08290,train,cross_brand_lookalike
TR08291,train,variant_size
TR08292,train,accessory_diff_host
TR08293,train,variant_color
TR08294,train,cross_brand_lookalike
TR08295,train,same_sku
TR08296,train,variant_pack
TR08297,train,successor_model
TR08298,train,random_same_category
TR08299,train,same_sku
TR08300,train,accessory_vs_host
TR08301,train,token_block_noise
TR08302,train,accessory_diff_host
TR08303,train,variant_capacity
TR08304,train,random_same_category
TR08305,train,accessory_diff_host
TR08306,train,variant_color
TR08307,train,cross_brand_lookalike
TR08308,train,successor_model
TR08309,train,cross_brand_lookalike
TR08310,train,variant_size
TR08311,train,cross_brand_lookalike
TR08312,train,token_block_noise
TR08313,train,accessory_diff_host
TR08314,train,cross_brand_lookalike
TR08315,train,cross_brand_lookalike
TR08316,train,same_sku
TR08317,train,accessory_vs_host
TR08318,train,variant_color
TR08319,train,cross_brand_lookalike
TR08320,train,same_sku
TR08321,train,cross_brand_lookalike
TR08322,train,token_block_noise
TR08323,train,cross_brand_lookalike
TR08324,train,variant_color
TR08325,train,accessory_vs_host
TR08326,train,cross_brand_lookalike
TR08327,train,random_same_category
TR08328,train,token_block_noise
TR08329,train,cross_brand_lookalike
TR08330,train,accessory_diff_host
TR08331,train,variant_multi_attr
TR08332,train,token_block_noise
TR08333,train,accessory_vs_host
TR08334,train,same_sku
TR08335,train,variant_color
TR08336,train,token_block_noise
TR08337,train,accessory_vs_host
TR08338,train,successor_model
TR08339,train,cross_brand_lookalike
TR08340,train,variant_capacity
TR08341,train,token_block_noise
TR08342,train,variant_multi_attr
TR08343,train,variant_multi_attr
TR08344,train,token_block_noise
TR08345,train,token_block_noise
TR08346,train,variant_capacity
TR08347,train,same_sku
TR08348,train,same_sku
TR08349,train,variant_color
TR08350,train,variant_multi_attr
TR08351,train,variant_multi_attr
TR08352,train,cross_brand_lookalike
TR08353,train,same_sku
TR08354,train,token_block_noise
TR08355,train,accessory_vs_host
TR08356,train,variant_size
TR08357,train,variant_capacity
TR08358,train,token_block_noise
TR08359,train,random_same_category
TR08360,train,variant_capacity
TR08361,train,successor_model
TR08362,train,random_same_category
TR08363,train,same_sku
TR08364,train,accessory_vs_host
TR08365,train,token_block_noise
TR08366,train,variant_multi_attr
TR08367,train,cross_brand_lookalike
TR08368,train,same_sku
TR08369,train,same_sku
TR08370,train,variant_capacity
TR08371,train,random_same_category
TR08372,train,same_sku
TR08373,train,variant_multi_attr
TR08374,train,variant_capacity
TR08375,train,variant_pack
TR08376,train,variant_capacity
TR08377,train,same_sku
TR08378,train,random_same_category
TR08379,train,random_same_category
TR08380,train,variant_capacity
TR08381,train,variant_multi_attr
TR08382,train,variant_color
TR08383,train,variant_multi_attr
TR08384,train,same_sku
TR08385,train,token_block_noise
TR08386,train,successor_model
TR08387,train,token_block_noise
TR08388,train,cross_brand_lookalike
TR08389,train,cross_brand_lookalike
TR08390,train,variant_capacity
TR08391,train,accessory_vs_host
TR08392,train,variant_multi_attr
TR08393,train,token_block_noise
TR08394,train,random_same_category
TR08395,train,variant_multi_attr
TR08396,train,variant_color
TR08397,train,token_block_noise
TR08398,train,accessory_vs_host
TR08399,train,variant_multi_attr
TR08400,train,variant_multi_attr
TR08401,train,variant_capacity
TR08402,train,cross_brand_lookalike
TR08403,train,same_sku
TR08404,train,variant_color
TR08405,train,token_block_noise
TR08406,train,variant_capacity
TR08407,train,variant_color
TR08408,train,variant_capacity
TR08409,train,accessory_vs_host
TR08410,train,accessory_diff_host
TR08411,train,variant_pack
TR08412,train,variant_color
TR08413,train,variant_capacity
TR08414,train,variant_pack
TR08415,train,cross_brand_lookalike
TR08416,train,same_brand_diff_line
TR08417,train,variant_multi_attr
TR08418,train,token_block_noise
TR08419,train,token_block_noise
TR08420,train,variant_capacity
TR08421,train,accessory_vs_host
TR08422,train,variant_capacity
TR08423,train,token_block_noise
TR08424,train,accessory_diff_host
TR08425,train,accessory_diff_host
TR08426,train,cross_brand_lookalike
TR08427,train,token_block_noise
TR08428,train,accessory_vs_host
TR08429,train,cross_brand_lookalike
TR08430,train,variant_capacity
TR08431,train,cross_brand_lookalike
TR08432,train,successor_model
TR08433,train,cross_brand_lookalike
TR08434,train,variant_color
TR08435,train,same_sku
TR08436,train,successor_model
TR08437,train,accessory_vs_host
TR08438,train,random_same_category
TR08439,train,same_sku
TR08440,train,variant_capacity
TR08441,train,accessory_vs_host
TR08442,train,same_sku
TR08443,train,variant_color
TR08444,train,variant_capacity
TR08445,train,random_same_category
TR08446,train,token_block_noise
TR08447,train,random_same_category
TR08448,train,variant_capacity
TR08449,train,variant_color
TR08450,train,cross_brand_lookalike
TR08451,train,random_same_category
TR08452,train,random_same_category
TR08453,train,random_same_category
TR08454,train,variant_color
TR08455,train,random_same_category
TR08456,train,variant_color
TR08457,train,token_block_noise
TR08458,train,cross_brand_lookalike
TR08459,train,variant_capacity
TR08460,train,variant_multi_attr
TR08461,train,variant_color
TR08462,train,token_block_noise
TR08463,train,cross_brand_lookalike
TR08464,train,accessory_diff_host
TR08465,train,variant_pack
TR08466,train,cross_brand_lookalike
TR08467,train,same_sku
TR08468,train,random_same_category
TR08469,train,variant_color
TR08470,train,accessory_vs_host
TR08471,train,variant_color
TR08472,train,token_block_noise
TR08473,train,cross_brand_lookalike
TR08474,train,token_block_noise
TR08475,train,token_block_noise
TR08476,train,cross_brand_lookalike
TR08477,train,token_block_noise
TR08478,train,same_sku
TR08479,train,token_block_noise
TR08480,train,variant_size
TR08481,train,variant_capacity
TR08482,train,token_block_noise
TR08483,train,variant_multi_attr
TR08484,train,variant_multi_attr
TR08485,train,accessory_diff_host
TR08486,train,accessory_diff_host
TR08487,train,cross_brand_lookalike
TR08488,train,same_sku
TR08489,train,same_sku
TR08490,train,variant_capacity
TR08491,train,variant_size
TR08492,train,variant_capacity
TR08493,train,token_block_noise
TR08494,train,cross_brand_lookalike
TR08495,train,token_block_noise
TR08496,train,accessory_vs_host
TR08497,train,variant_capacity
TR08498,train,variant_capacity
TR08499,train,same_sku
TR08500,train,accessory_diff_host
TR08501,train,same_sku
TR08502,train,cross_brand_lookalike
TR08503,train,token_block_noise
TR08504,train,random_same_category
TR08505,train,same_sku
TR08506,train,token_block_noise
TR08507,train,variant_color
TR08508,train,successor_model
TR08509,train,same_sku
TR08510,train,accessory_vs_host
TR08511,train,token_block_noise
TR08512,train,variant_color
TR08513,train,variant_color
TR08514,train,variant_capacity
TR08515,train,token_block_noise
TR08516,train,cross_brand_lookalike
TR08517,train,random_same_category
TR08518,train,same_sku
TR08519,train,token_block_noise
TR08520,train,token_block_noise
TR08521,train,token_block_noise
TR08522,train,token_block_noise
TR08523,train,variant_capacity
TR08524,train,random_same_category
TR08525,train,token_block_noise
TR08526,train,variant_capacity
TR08527,train,accessory_vs_host
TR08528,train,token_block_noise
TR08529,train,accessory_diff_host
TR08530,train,random_same_category
TR08531,train,same_sku
TR08532,train,token_block_noise
TR08533,train,variant_capacity
TR08534,train,variant_pack
TR08535,train,same_sku
TR08536,train,cross_brand_lookalike
TR08537,train,variant_pack
TR08538,train,variant_pack
TR08539,train,variant_pack
TR08540,train,variant_color
TR08541,train,accessory_vs_host
TR08542,train,variant_multi_attr
TR08543,train,random_same_category
TR08544,train,cross_brand_lookalike
TR08545,train,variant_multi_attr
TR08546,train,token_block_noise
TR08547,train,successor_model
TR08548,train,token_block_noise
TR08549,train,token_block_noise
TR08550,train,random_same_category
TR08551,train,token_block_noise
TR08552,train,variant_multi_attr
TR08553,train,variant_capacity
TR08554,train,accessory_diff_host
TR08555,train,cross_brand_lookalike
TR08556,train,variant_color
TR08557,train,variant_pack
TR08558,train,cross_brand_lookalike
TR08559,train,cross_brand_lookalike
TR08560,train,same_sku
TR08561,train,variant_size
TR08562,train,accessory_vs_host
TR08563,train,same_sku
TR08564,train,token_block_noise
TR08565,train,variant_color
TR08566,train,token_block_noise
TR08567,train,variant_multi_attr
TR08568,train,accessory_vs_host
TR08569,train,cross_brand_lookalike
TR08570,train,variant_multi_attr
TR08571,train,variant_color
TR08572,train,token_block_noise
TR08573,train,successor_model
TR08574,train,token_block_noise
TR08575,train,same_sku
TR08576,train,same_sku
TR08577,train,random_same_category
TR08578,train,cross_brand_lookalike
TR08579,train,variant_capacity
TR08580,train,cross_brand_lookalike
TR08581,train,same_sku
TR08582,train,variant_color
TR08583,train,variant_pack
TR08584,train,variant_size
TR08585,train,variant_capacity
TR08586,train,same_sku
TR08587,train,variant_multi_attr
TR08588,train,same_sku
TR08589,train,accessory_diff_host
TR08590,train,variant_size
TR08591,train,same_sku
TR08592,train,random_same_category
TR08593,train,same_sku
TR08594,train,variant_pack
TR08595,train,cross_brand_lookalike
TR08596,train,accessory_vs_host
TR08597,train,random_same_category
TR08598,train,token_block_noise
TR08599,train,variant_color
TR08600,train,accessory_vs_host
TR08601,train,cross_brand_lookalike
TR08602,train,variant_multi_attr
TR08603,train,same_sku
TR08604,train,accessory_vs_host
TR08605,train,token_block_noise
TR08606,train,random_same_category
TR08607,train,token_block_noise
TR08608,train,variant_color
TR08609,train,token_block_noise
TR08610,train,accessory_vs_host
TR08611,train,variant_multi_attr
TR08612,train,variant_capacity
TR08613,train,accessory_vs_host
TR08614,train,token_block_noise
TR08615,train,cross_brand_lookalike
TR08616,train,token_block_noise
TR08617,train,successor_model
TR08618,train,successor_model
TR08619,train,random_same_category
TR08620,train,same_sku
TR08621,train,same_sku
TR08622,train,variant_size
TR08623,train,same_sku
TR08624,train,cross_brand_lookalike
TR08625,train,same_sku
TR08626,train,cross_brand_lookalike
TR08627,train,variant_capacity
TR08628,train,token_block_noise
TR08629,train,variant_capacity
TR08630,train,same_sku
TR08631,train,variant_size
TR08632,train,variant_capacity
TR08633,train,variant_color
TR08634,train,variant_multi_attr
TR08635,train,variant_capacity
TR08636,train,variant_multi_attr
TR08637,train,accessory_vs_host
TR08638,train,variant_capacity
TR08639,train,variant_color
TR08640,train,successor_model
TR08641,train,variant_capacity
TR08642,train,variant_multi_attr
TR08643,train,variant_color
TR08644,train,same_sku
TR08645,train,variant_multi_attr
TR08646,train,variant_multi_attr
TR08647,train,cross_brand_lookalike
TR08648,train,accessory_diff_host
TR08649,train,token_block_noise
TR08650,train,variant_color
TR08651,train,token_block_noise
TR08652,train,same_sku
TR08653,train,variant_color
TR08654,train,token_block_noise
TR08655,train,accessory_vs_host
TR08656,train,accessory_vs_host
TR08657,train,random_same_category
TR08658,train,cross_brand_lookalike
TR08659,train,variant_multi_attr
TR08660,train,accessory_vs_host
TR08661,train,accessory_vs_host
TR08662,train,variant_color
TR08663,train,variant_multi_attr
TR08664,train,variant_size
TR08665,train,token_block_noise
TR08666,train,variant_color
TR08667,train,variant_color
TR08668,train,accessory_vs_host
TR08669,train,accessory_diff_host
TR08670,train,accessory_vs_host
TR08671,train,variant_capacity
TR08672,train,token_block_noise
TR08673,train,accessory_diff_host
TR08674,train,token_block_noise
TR08675,train,random_same_category
TR08676,train,token_block_noise
TR08677,train,accessory_vs_host
TR08678,train,cross_brand_lookalike
TR08679,train,cross_brand_lookalike
TR08680,train,random_same_category
TR08681,train,cross_brand_lookalike
TR08682,train,accessory_diff_host
TR08683,train,same_sku
TR08684,train,accessory_vs_host
TR08685,train,cross_brand_lookalike
TR08686,train,cross_brand_lookalike
TR08687,train,cross_brand_lookalike
TR08688,train,variant_size
TR08689,train,same_sku
TR08690,train,same_sku
TR08691,train,variant_color
TR08692,train,same_sku
TR08693,train,random_same_category
TR08694,train,accessory_diff_host
TR08695,train,variant_multi_attr
TR08696,train,same_sku
TR08697,train,variant_color
TR08698,train,variant_multi_attr
TR08699,train,random_same_category
TR08700,train,token_block_noise
TR08701,train,same_sku
TR08702,train,token_block_noise
TR08703,train,same_brand_diff_line
TR08704,train,variant_multi_attr
TR08705,train,accessory_vs_host
TR08706,train,variant_pack
TR08707,train,token_block_noise
TR08708,train,variant_color
TR08709,train,variant_color
TR08710,train,token_block_noise
TR08711,train,same_sku
TR08712,train,variant_multi_attr
TR08713,train,token_block_noise
TR08714,train,cross_brand_lookalike
TR08715,train,same_sku
TR08716,train,same_sku
TR08717,train,same_sku
TR08718,train,cross_brand_lookalike
TR08719,train,accessory_vs_host
TR08720,train,cross_brand_lookalike
TR08721,train,variant_pack
TR08722,train,same_sku
TR08723,train,token_block_noise
TR08724,train,variant_color
TR08725,train,accessory_diff_host
TR08726,train,cross_brand_lookalike
TR08727,train,token_block_noise
TR08728,train,random_same_category
TR08729,train,random_same_category
TR08730,train,random_same_category
TR08731,train,variant_color
TR08732,train,variant_pack
TR08733,train,accessory_vs_host
TR08734,train,variant_color
TR08735,train,variant_color
TR08736,train,accessory_vs_host
TR08737,train,same_brand_diff_line
TR08738,train,cross_brand_lookalike
TR08739,train,cross_brand_lookalike
TR08740,train,random_same_category
TR08741,train,accessory_diff_host
TR08742,train,same_sku
TR08743,train,token_block_noise
TR08744,train,variant_color
TR08745,train,successor_model
TR08746,train,variant_pack
TR08747,train,successor_model
TR08748,train,token_block_noise
TR08749,train,variant_pack
TR08750,train,random_same_category
TR08751,train,same_sku
TR08752,train,variant_multi_attr
TR08753,train,variant_color
TR08754,train,random_same_category
TR08755,train,random_same_category
TR08756,train,accessory_diff_host
TR08757,train,variant_color
TR08758,train,token_block_noise
TR08759,train,random_same_category
TR08760,train,variant_color
TR08761,train,variant_capacity
TR08762,train,cross_brand_lookalike
TR08763,train,variant_size
TR08764,train,variant_color
TR08765,train,variant_color
TR08766,train,variant_color
TR08767,train,cross_brand_lookalike
TR08768,train,same_sku
TR08769,train,same_sku
TR08770,train,variant_capacity
TR08771,train,same_sku
TR08772,train,successor_model
TR08773,train,cross_brand_lookalike
TR08774,train,successor_model
TR08775,train,cross_brand_lookalike
TR08776,train,accessory_vs_host
TR08777,train,variant_pack
TR08778,train,variant_capacity
TR08779,train,variant_multi_attr
TR08780,train,token_block_noise
TR08781,train,random_same_category
TR08782,train,variant_color
TR08783,train,token_block_noise
TR08784,train,variant_size
TR08785,train,accessory_diff_host
TR08786,train,cross_brand_lookalike
TR08787,train,accessory_diff_host
TR08788,train,cross_brand_lookalike
TR08789,train,random_same_category
TR08790,train,accessory_vs_host
TR08791,train,token_block_noise
TR08792,train,variant_capacity
TR08793,train,cross_brand_lookalike
TR08794,train,same_sku
TR08795,train,variant_size
TR08796,train,cross_brand_lookalike
TR08797,train,variant_capacity
TR08798,train,same_sku
TR08799,train,variant_capacity
TR08800,train,variant_capacity
TR08801,train,random_same_category
TR08802,train,variant_color
TR08803,train,variant_pack
TR08804,train,accessory_vs_host
TR08805,train,token_block_noise
TR08806,train,variant_capacity
TR08807,train,same_sku
TR08808,train,accessory_vs_host
TR08809,train,accessory_vs_host
TR08810,train,variant_capacity
TR08811,train,variant_capacity
TR08812,train,variant_capacity
TR08813,train,variant_capacity
TR08814,train,same_sku
TR08815,train,variant_color
TR08816,train,successor_model
TR08817,train,successor_model
TR08818,train,variant_multi_attr
TR08819,train,variant_multi_attr
TR08820,train,accessory_vs_host
TR08821,train,variant_size
TR08822,train,variant_color
TR08823,train,successor_model
TR08824,train,token_block_noise
TR08825,train,cross_brand_lookalike
TR08826,train,variant_color
TR08827,train,variant_color
TR08828,train,cross_brand_lookalike
TR08829,train,accessory_vs_host
TR08830,train,variant_capacity
TR08831,train,cross_brand_lookalike
TR08832,train,same_sku
TR08833,train,variant_color
TR08834,train,cross_brand_lookalike
TR08835,train,accessory_vs_host
TR08836,train,variant_pack
TR08837,train,random_same_category
TR08838,train,variant_multi_attr
TR08839,train,variant_pack
TR08840,train,cross_brand_lookalike
TR08841,train,random_same_category
TR08842,train,variant_pack
TR08843,train,accessory_vs_host
TR08844,train,token_block_noise
TR08845,train,variant_capacity
TR08846,train,accessory_vs_host
TR08847,train,variant_capacity
TR08848,train,cross_brand_lookalike
TR08849,train,cross_brand_lookalike
TR08850,train,token_block_noise
TR08851,train,random_same_category
TR08852,train,variant_capacity
TR08853,train,cross_brand_lookalike
TR08854,train,random_same_category
TR08855,train,variant_multi_attr
TR08856,train,token_block_noise
TR08857,train,accessory_vs_host
TR08858,train,variant_color
TR08859,train,random_same_category
TR08860,train,variant_multi_attr
TR08861,train,variant_pack
TR08862,train,accessory_diff_host
TR08863,train,cross_brand_lookalike
TR08864,train,cross_brand_lookalike
TR08865,train,accessory_vs_host
TR08866,train,successor_model
TR08867,train,random_same_category
TR08868,train,variant_color
TR08869,train,token_block_noise
TR08870,train,variant_capacity
TR08871,train,same_sku
TR08872,train,variant_size
TR08873,train,variant_multi_attr
TR08874,train,accessory_vs_host
TR08875,train,accessory_vs_host
TR08876,train,same_sku
TR08877,train,random_same_category
TR08878,train,random_same_category
TR08879,train,cross_brand_lookalike
TR08880,train,token_block_noise
TR08881,train,random_same_category
TR08882,train,variant_capacity
TR08883,train,successor_model
TR08884,train,variant_size
TR08885,train,cross_brand_lookalike
TR08886,train,variant_capacity
TR08887,train,variant_multi_attr
TR08888,train,successor_model
TR08889,train,token_block_noise
TR08890,train,token_block_noise
TR08891,train,accessory_diff_host
TR08892,train,accessory_vs_host
TR08893,train,same_sku
TR08894,train,variant_multi_attr
TR08895,train,variant_capacity
TR08896,train,token_block_noise
TR08897,train,accessory_vs_host
TR08898,train,random_same_category
TR08899,train,cross_brand_lookalike
TR08900,train,successor_model
TR08901,train,cross_brand_lookalike
TR08902,train,token_block_noise
TR08903,train,random_same_category
TR08904,train,cross_brand_lookalike
TR08905,train,same_sku
TR08906,train,variant_multi_attr
TR08907,train,variant_color
TR08908,train,accessory_vs_host
TR08909,train,successor_model
TR08910,train,same_sku
TR08911,train,random_same_category
TR08912,train,variant_capacity
TR08913,train,variant_color
TR08914,train,accessory_diff_host
TR08915,train,successor_model
TR08916,train,variant_multi_attr
TR08917,train,cross_brand_lookalike
TR08918,train,accessory_diff_host
TR08919,train,variant_color
TR08920,train,variant_color
TR08921,train,variant_multi_attr
TR08922,train,token_block_noise
TR08923,train,variant_color
TR08924,train,variant_color
TR08925,train,same_sku
TR08926,train,variant_multi_attr
TR08927,train,variant_multi_attr
TR08928,train,cross_brand_lookalike
TR08929,train,accessory_vs_host
TR08930,train,same_sku
TR08931,train,cross_brand_lookalike
TR08932,train,accessory_vs_host
TR08933,train,same_sku
TR08934,train,variant_size
TR08935,train,cross_brand_lookalike
TR08936,train,token_block_noise
TR08937,train,token_block_noise
TR08938,train,variant_capacity
TR08939,train,random_same_category
TR08940,train,cross_brand_lookalike
TR08941,train,cross_brand_lookalike
TR08942,train,cross_brand_lookalike
TR08943,train,token_block_noise
TR08944,train,token_block_noise
TR08945,train,variant_capacity
TR08946,train,token_block_noise
TR08947,train,variant_capacity
TR08948,train,accessory_vs_host
TR08949,train,cross_brand_lookalike
TR08950,train,variant_multi_attr
TR08951,train,successor_model
TR08952,train,variant_color
TR08953,train,cross_brand_lookalike
TR08954,train,variant_color
TR08955,train,same_sku
TR08956,train,variant_color
TR08957,train,same_sku
TR08958,train,variant_multi_attr
TR08959,train,successor_model
TR08960,train,variant_pack
TR08961,train,cross_brand_lookalike
TR08962,train,variant_capacity
TR08963,train,cross_brand_lookalike
TR08964,train,same_sku
TR08965,train,cross_brand_lookalike
TR08966,train,cross_brand_lookalike
TR08967,train,accessory_vs_host
TR08968,train,variant_multi_attr
TR08969,train,cross_brand_lookalike
TR08970,train,successor_model
TR08971,train,variant_capacity
TR08972,train,same_sku
TR08973,train,successor_model
TR08974,train,variant_capacity
TR08975,train,token_block_noise
TR08976,train,token_block_noise
TR08977,train,random_same_category
TR08978,train,cross_brand_lookalike
TR08979,train,same_sku
TR08980,train,token_block_noise
TR08981,train,variant_pack
TR08982,train,variant_color
TR08983,train,variant_color
TR08984,train,token_block_noise
TR08985,train,same_sku
TR08986,train,variant_capacity
TR08987,train,same_sku
TR08988,train,token_block_noise
TR08989,train,variant_pack
TR08990,train,random_same_category
TR08991,train,variant_multi_attr
TR08992,train,successor_model
TR08993,train,variant_capacity
TR08994,train,accessory_vs_host
TR08995,train,accessory_vs_host
TR08996,train,token_block_noise
TR08997,train,accessory_vs_host
TR08998,train,variant_color
TR08999,train,successor_model
TR09000,train,cross_brand_lookalike
TR09001,train,variant_capacity
TR09002,train,variant_pack
TR09003,train,token_block_noise
TR09004,train,variant_capacity
TR09005,train,variant_color
TR09006,train,accessory_vs_host
TR09007,train,variant_capacity
TR09008,train,random_same_category
TR09009,train,variant_color
TR09010,train,token_block_noise
TR09011,train,variant_color
TR09012,train,same_sku
TR09013,train,accessory_vs_host
TR09014,train,variant_capacity
TR09015,train,variant_multi_attr
TR09016,train,token_block_noise
TR09017,train,accessory_diff_host
TR09018,train,variant_color
TR09019,train,cross_brand_lookalike
TR09020,train,random_same_category
TR09021,train,cross_brand_lookalike
TR09022,train,cross_brand_lookalike
TR09023,train,cross_brand_lookalike
TR09024,train,cross_brand_lookalike
TR09025,train,token_block_noise
TR09026,train,accessory_vs_host
TR09027,train,variant_color
TR09028,train,same_sku
TR09029,train,same_sku
TR09030,train,variant_color
TR09031,train,token_block_noise
TR09032,train,variant_capacity
TR09033,train,token_block_noise
TR09034,train,variant_color
TR09035,train,token_block_noise
TR09036,train,same_sku
TR09037,train,accessory_vs_host
TR09038,train,variant_color
TR09039,train,accessory_vs_host
TR09040,train,same_sku
TR09041,train,cross_brand_lookalike
TR09042,train,token_block_noise
TR09043,train,accessory_diff_host
TR09044,train,variant_capacity
TR09045,train,variant_color
TR09046,train,variant_multi_attr
TR09047,train,token_block_noise
TR09048,train,variant_color
TR09049,train,variant_multi_attr
TR09050,train,token_block_noise
TR09051,train,token_block_noise
TR09052,train,token_block_noise
TR09053,train,variant_multi_attr
TR09054,train,accessory_diff_host
TR09055,train,accessory_vs_host
TR09056,train,same_sku
TR09057,train,accessory_vs_host
TR09058,train,variant_multi_attr
TR09059,train,token_block_noise
TR09060,train,variant_capacity
TR09061,train,same_sku
TR09062,train,token_block_noise
TR09063,train,variant_capacity
TR09064,train,random_same_category
TR09065,train,variant_multi_attr
TR09066,train,token_block_noise
TR09067,train,accessory_vs_host
TR09068,train,cross_brand_lookalike
TR09069,train,successor_model
TR09070,train,variant_color
TR09071,train,cross_brand_lookalike
TR09072,train,variant_multi_attr
TR09073,train,variant_color
TR09074,train,same_sku
TR09075,train,variant_color
TR09076,train,same_sku
TR09077,train,variant_color
TR09078,train,variant_capacity
TR09079,train,same_sku
TR09080,train,variant_multi_attr
TR09081,train,accessory_vs_host
TR09082,train,token_block_noise
TR09083,train,token_block_noise
TR09084,train,variant_color
TR09085,train,accessory_vs_host
TR09086,train,cross_brand_lookalike
TR09087,train,variant_size
TR09088,train,cross_brand_lookalike
TR09089,train,variant_capacity
TR09090,train,accessory_vs_host
TR09091,train,same_sku
TR09092,train,variant_color
TR09093,train,cross_brand_lookalike
TR09094,train,same_sku
TR09095,train,variant_size
TR09096,train,token_block_noise
TR09097,train,accessory_vs_host
TR09098,train,token_block_noise
TR09099,train,token_block_noise
TR09100,train,same_sku
TR09101,train,accessory_vs_host
TR09102,train,token_block_noise
TR09103,train,token_block_noise
TR09104,train,variant_multi_attr
TR09105,train,successor_model
TR09106,train,accessory_diff_host
TR09107,train,cross_brand_lookalike
TR09108,train,accessory_diff_host
TR09109,train,cross_brand_lookalike
TR09110,train,variant_capacity
TR09111,train,accessory_vs_host
TR09112,train,cross_brand_lookalike
TR09113,train,same_sku
TR09114,train,variant_color
TR09115,train,same_sku
TR09116,train,cross_brand_lookalike
TR09117,train,accessory_vs_host
TR09118,train,variant_multi_attr
TR09119,train,same_sku
TR09120,train,variant_capacity
TR09121,train,variant_color
TR09122,train,successor_model
TR09123,train,same_sku
TR09124,train,variant_capacity
TR09125,train,same_sku
TR09126,train,token_block_noise
TR09127,train,variant_color
TR09128,train,variant_color
TR09129,train,token_block_noise
TR09130,train,same_sku
TR09131,train,variant_color
TR09132,train,accessory_vs_host
TR09133,train,random_same_category
TR09134,train,accessory_vs_host
TR09135,train,variant_multi_attr
TR09136,train,same_brand_diff_line
TR09137,train,same_sku
TR09138,train,cross_brand_lookalike
TR09139,train,same_sku
TR09140,train,same_sku
TR09141,train,random_same_category
TR09142,train,token_block_noise
TR09143,train,variant_size
TR09144,train,token_block_noise
TR09145,train,variant_size
TR09146,train,successor_model
TR09147,train,variant_color
TR09148,train,successor_model
TR09149,train,cross_brand_lookalike
TR09150,train,variant_capacity
TR09151,train,variant_capacity
TR09152,train,variant_capacity
TR09153,train,same_sku
TR09154,train,accessory_diff_host
TR09155,train,same_sku
TR09156,train,random_same_category
TR09157,train,variant_pack
TR09158,train,variant_color
TR09159,train,variant_size
TR09160,train,cross_brand_lookalike
TR09161,train,cross_brand_lookalike
TR09162,train,token_block_noise
TR09163,train,accessory_diff_host
TR09164,train,variant_multi_attr
TR09165,train,variant_color
TR09166,train,variant_multi_attr
TR09167,train,token_block_noise
TR09168,train,accessory_diff_host
TR09169,train,random_same_category
TR09170,train,cross_brand_lookalike
TR09171,train,same_sku
TR09172,train,same_sku
TR09173,train,variant_capacity
TR09174,train,token_block_noise
TR09175,train,cross_brand_lookalike
TR09176,train,successor_model
TR09177,train,variant_color
TR09178,train,cross_brand_lookalike
TR09179,train,same_sku
TR09180,train,variant_color
TR09181,train,cross_brand_lookalike
TR09182,train,cross_brand_lookalike
TR09183,train,variant_capacity
TR09184,train,random_same_category
TR09185,train,variant_color
TR09186,train,variant_capacity
TR09187,train,variant_pack
TR09188,train,variant_color
TR09189,train,cross_brand_lookalike
TR09190,train,variant_multi_attr
TR09191,train,accessory_vs_host
TR09192,train,cross_brand_lookalike
TR09193,train,variant_pack
TR09194,train,variant_color
TR09195,train,variant_capacity
TR09196,train,same_sku
TR09197,train,token_block_noise
TR09198,train,accessory_diff_host
TR09199,train,variant_color
TR09200,train,random_same_category
TR09201,train,variant_color
TR09202,train,token_block_noise
TR09203,train,variant_color
TR09204,train,token_block_noise
TR09205,train,variant_capacity
TR09206,train,same_sku
TR09207,train,variant_capacity
TR09208,train,token_block_noise
TR09209,train,same_sku
TR09210,train,variant_capacity
TR09211,train,variant_color
TR09212,train,variant_multi_attr
TR09213,train,variant_color
TR09214,train,variant_pack
TR09215,train,accessory_diff_host
TR09216,train,random_same_category
TR09217,train,successor_model
TR09218,train,same_sku
TR09219,train,variant_color
TR09220,train,accessory_vs_host
TR09221,train,variant_color
TR09222,train,same_sku
TR09223,train,variant_capacity
TR09224,train,random_same_category
TR09225,train,token_block_noise
TR09226,train,random_same_category
TR09227,train,same_sku
TR09228,train,accessory_diff_host
TR09229,train,variant_multi_attr
TR09230,train,variant_color
TR09231,train,variant_multi_attr
TR09232,train,cross_brand_lookalike
TR09233,train,same_sku
TR09234,train,token_block_noise
TR09235,train,cross_brand_lookalike
TR09236,train,token_block_noise
TR09237,train,variant_color
TR09238,train,accessory_diff_host
TR09239,train,same_sku
TR09240,train,random_same_category
TR09241,train,successor_model
TR09242,train,accessory_vs_host
TR09243,train,variant_color
TR09244,train,variant_color
TR09245,train,cross_brand_lookalike
TR09246,train,accessory_vs_host
TR09247,train,random_same_category
TR09248,train,variant_size
TR09249,train,random_same_category
TR09250,train,accessory_vs_host
TR09251,train,token_block_noise
TR09252,train,same_sku
TR09253,train,same_sku
TR09254,train,variant_multi_attr
TR09255,train,variant_color
TR09256,train,variant_capacity
TR09257,train,cross_brand_lookalike
TR09258,train,variant_capacity
TR09259,train,random_same_category
TR09260,train,token_block_noise
TR09261,train,variant_capacity
TR09262,train,token_block_noise
TR09263,train,accessory_vs_host
TR09264,train,same_brand_diff_line
TR09265,train,variant_color
TR09266,train,token_block_noise
TR09267,train,variant_size
TR09268,train,cross_brand_lookalike
TR09269,train,token_block_noise
TR09270,train,token_block_noise
TR09271,train,variant_color
TR09272,train,variant_color
TR09273,train,variant_pack
TR09274,train,same_sku
TR09275,train,random_same_category
TR09276,train,cross_brand_lookalike
TR09277,train,token_block_noise
TR09278,train,token_block_noise
TR09279,train,accessory_vs_host
TR09280,train,same_sku
TR09281,train,variant_size
TR09282,train,variant_color
TR09283,train,accessory_vs_host
TR09284,train,variant_capacity
TR09285,train,successor_model
TR09286,train,successor_model
TR09287,train,same_sku
TR09288,train,random_same_category
TR09289,train,token_block_noise
TR09290,train,same_sku
TR09291,train,accessory_vs_host
TR09292,train,variant_size
TR09293,train,random_same_category
TR09294,train,variant_multi_attr
TR09295,train,random_same_category
TR09296,train,variant_size
TR09297,train,accessory_diff_host
TR09298,train,accessory_vs_host
TR09299,train,cross_brand_lookalike
TR09300,train,same_sku
TR09301,train,token_block_noise
TR09302,train,variant_capacity
TR09303,train,variant_color
TR09304,train,variant_capacity
TR09305,train,token_block_noise
TR09306,train,token_block_noise
TR09307,train,accessory_vs_host
TR09308,train,random_same_category
TR09309,train,variant_capacity
TR09310,train,accessory_vs_host
TR09311,train,variant_multi_attr
TR09312,train,same_sku
TR09313,train,cross_brand_lookalike
TR09314,train,accessory_vs_host
TR09315,train,accessory_vs_host
TR09316,train,accessory_diff_host
TR09317,train,cross_brand_lookalike
TR09318,train,same_sku
TR09319,train,cross_brand_lookalike
TR09320,train,variant_capacity
TR09321,train,successor_model
TR09322,train,same_brand_diff_line
TR09323,train,variant_capacity
TR09324,train,same_sku
TR09325,train,variant_multi_attr
TR09326,train,accessory_diff_host
TR09327,train,cross_brand_lookalike
TR09328,train,variant_capacity
TR09329,train,successor_model
TR09330,train,random_same_category
TR09331,train,variant_color
TR09332,train,cross_brand_lookalike
TR09333,train,accessory_diff_host
TR09334,train,cross_brand_lookalike
TR09335,train,variant_capacity
TR09336,train,same_sku
TR09337,train,variant_multi_attr
TR09338,train,token_block_noise
TR09339,train,variant_color
TR09340,train,cross_brand_lookalike
TR09341,train,successor_model
TR09342,train,successor_model
TR09343,train,accessory_vs_host
TR09344,train,variant_color
TR09345,train,same_sku
TR09346,train,variant_pack
TR09347,train,variant_capacity
TR09348,train,cross_brand_lookalike
TR09349,train,token_block_noise
TR09350,train,variant_capacity
TR09351,train,same_brand_diff_line
TR09352,train,cross_brand_lookalike
TR09353,train,cross_brand_lookalike
TR09354,train,same_sku
TR09355,train,accessory_diff_host
TR09356,train,token_block_noise
TR09357,train,same_sku
TR09358,train,accessory_vs_host
TR09359,train,successor_model
TR09360,train,accessory_diff_host
TR09361,train,variant_multi_attr
TR09362,train,cross_brand_lookalike
TR09363,train,accessory_vs_host
TR09364,train,accessory_diff_host
TR09365,train,variant_size
TR09366,train,token_block_noise
TR09367,train,variant_color
TR09368,train,successor_model
TR09369,train,cross_brand_lookalike
TR09370,train,variant_capacity
TR09371,train,variant_multi_attr
TR09372,train,variant_color
TR09373,train,accessory_vs_host
TR09374,train,variant_color
TR09375,train,variant_multi_attr
TR09376,train,accessory_vs_host
TR09377,train,same_sku
TR09378,train,cross_brand_lookalike
TR09379,train,variant_size
TR09380,train,random_same_category
TR09381,train,variant_capacity
TR09382,train,variant_size
TR09383,train,accessory_vs_host
TR09384,train,variant_pack
TR09385,train,accessory_diff_host
TR09386,train,same_sku
TR09387,train,accessory_vs_host
TR09388,train,variant_color
TR09389,train,accessory_diff_host
TR09390,train,variant_multi_attr
TR09391,train,variant_capacity
TR09392,train,variant_pack
TR09393,train,same_sku
TR09394,train,variant_multi_attr
TR09395,train,variant_pack
TR09396,train,variant_pack
TR09397,train,successor_model
TR09398,train,token_block_noise
TR09399,train,accessory_vs_host
TR09400,train,variant_color
TR09401,train,random_same_category
TR09402,train,random_same_category
TR09403,train,cross_brand_lookalike
TR09404,train,cross_brand_lookalike
TR09405,train,variant_multi_attr
TR09406,train,token_block_noise
TR09407,train,variant_capacity
TR09408,train,accessory_diff_host
TR09409,train,variant_color
TR09410,train,variant_color
TR09411,train,accessory_vs_host
TR09412,train,token_block_noise
TR09413,train,variant_pack
TR09414,train,variant_multi_attr
TR09415,train,variant_capacity
TR09416,train,same_sku
TR09417,train,accessory_diff_host
TR09418,train,token_block_noise
TR09419,train,variant_capacity
TR09420,train,accessory_vs_host
TR09421,train,cross_brand_lookalike
TR09422,train,same_sku
TR09423,train,same_sku
TR09424,train,cross_brand_lookalike
TR09425,train,accessory_vs_host
TR09426,train,accessory_vs_host
TR09427,train,token_block_noise
TR09428,train,variant_color
TR09429,train,variant_color
TR09430,train,accessory_diff_host
TR09431,train,variant_capacity
TR09432,train,random_same_category
TR09433,train,variant_pack
TR09434,train,variant_capacity
TR09435,train,accessory_vs_host
TR09436,train,variant_color
TR09437,train,cross_brand_lookalike
TR09438,train,variant_color
TR09439,train,variant_color
TR09440,train,token_block_noise
TR09441,train,accessory_diff_host
TR09442,train,cross_brand_lookalike
TR09443,train,token_block_noise
TR09444,train,variant_size
TR09445,train,same_sku
TR09446,train,variant_capacity
TR09447,train,variant_multi_attr
TR09448,train,variant_capacity
TR09449,train,variant_color
TR09450,train,cross_brand_lookalike
TR09451,train,token_block_noise
TR09452,train,cross_brand_lookalike
TR09453,train,variant_multi_attr
TR09454,train,token_block_noise
TR09455,train,token_block_noise
TR09456,train,variant_pack
TR09457,train,cross_brand_lookalike
TR09458,train,accessory_diff_host
TR09459,train,cross_brand_lookalike
TR09460,train,same_sku
TR09461,train,same_sku
TR09462,train,cross_brand_lookalike
TR09463,train,variant_color
TR09464,train,variant_capacity
TR09465,train,accessory_vs_host
TR09466,train,token_block_noise
TR09467,train,successor_model
TR09468,train,variant_capacity
TR09469,train,variant_pack
TR09470,train,accessory_vs_host
TR09471,train,token_block_noise
TR09472,train,variant_capacity
TR09473,train,variant_size
TR09474,train,variant_multi_attr
TR09475,train,variant_color
TR09476,train,variant_pack
TR09477,train,random_same_category
TR09478,train,variant_capacity
TR09479,train,variant_color
TR09480,train,variant_color
TR09481,train,variant_color
TR09482,train,variant_multi_attr
TR09483,train,variant_capacity
TR09484,train,variant_pack
TR09485,train,variant_pack
TR09486,train,token_block_noise
TR09487,train,cross_brand_lookalike
TR09488,train,same_sku
TR09489,train,variant_capacity
TR09490,train,accessory_diff_host
TR09491,train,successor_model
TR09492,train,cross_brand_lookalike
TR09493,train,variant_pack
TR09494,train,accessory_diff_host
TR09495,train,variant_capacity
TR09496,train,variant_multi_attr
TR09497,train,random_same_category
TR09498,train,same_sku
TR09499,train,variant_pack
TR09500,train,same_sku
TR09501,train,variant_capacity
TR09502,train,variant_multi_attr
TR09503,train,token_block_noise
TR09504,train,token_block_noise
TR09505,train,accessory_diff_host
TR09506,train,variant_multi_attr
TR09507,train,same_sku
TR09508,train,variant_color
TR09509,train,accessory_vs_host
TR09510,train,token_block_noise
TR09511,train,token_block_noise
TR09512,train,same_sku
TR09513,train,variant_color
TR09514,train,variant_color
TR09515,train,variant_multi_attr
TR09516,train,variant_multi_attr
TR09517,train,same_brand_diff_line
TR09518,train,accessory_vs_host
TR09519,train,variant_capacity
TR09520,train,token_block_noise
TR09521,train,variant_capacity
TR09522,train,variant_color
TR09523,train,random_same_category
TR09524,train,variant_capacity
TR09525,train,token_block_noise
TR09526,train,same_sku
TR09527,train,variant_pack
TR09528,train,variant_pack
TR09529,train,accessory_vs_host
TR09530,train,random_same_category
TR09531,train,cross_brand_lookalike
TR09532,train,token_block_noise
TR09533,train,random_same_category
TR09534,train,same_sku
TR09535,train,accessory_vs_host
TR09536,train,token_block_noise
TR09537,train,cross_brand_lookalike
TR09538,train,variant_capacity
TR09539,train,accessory_vs_host
TR09540,train,variant_capacity
TR09541,train,same_sku
TR09542,train,accessory_vs_host
TR09543,train,accessory_vs_host
TR09544,train,accessory_vs_host
TR09545,train,token_block_noise
TR09546,train,token_block_noise
TR09547,train,accessory_vs_host
TR09548,train,variant_capacity
TR09549,train,variant_capacity
TR09550,train,variant_capacity
TR09551,train,cross_brand_lookalike
TR09552,train,token_block_noise
TR09553,train,variant_color
TR09554,train,variant_color
TR09555,train,variant_color
TR09556,train,accessory_vs_host
TR09557,train,cross_brand_lookalike
TR09558,train,token_block_noise
TR09559,train,accessory_vs_host
TR09560,train,variant_capacity
TR09561,train,cross_brand_lookalike
TR09562,train,same_sku
TR09563,train,token_block_noise
TR09564,train,same_sku
TR09565,train,same_sku
TR09566,train,accessory_diff_host
TR09567,train,variant_color
TR09568,train,same_sku
TR09569,train,variant_color
TR09570,train,token_block_noise
TR09571,train,token_block_noise
TR09572,train,cross_brand_lookalike
TR09573,train,token_block_noise
TR09574,train,token_block_noise
TR09575,train,successor_model
TR09576,train,token_block_noise
TR09577,train,variant_capacity
TR09578,train,random_same_category
TR09579,train,variant_capacity
TR09580,train,successor_model
TR09581,train,variant_pack
TR09582,train,cross_brand_lookalike
TR09583,train,token_block_noise
TR09584,train,variant_multi_attr
TR09585,train,variant_multi_attr
TR09586,train,same_brand_diff_line
TR09587,train,variant_capacity
TR09588,train,variant_color
TR09589,train,variant_size
TR09590,train,variant_color
TR09591,train,same_sku
TR09592,train,variant_color
TR09593,train,accessory_vs_host
TR09594,train,token_block_noise
TR09595,train,cross_brand_lookalike
TR09596,train,cross_brand_lookalike
TR09597,train,cross_brand_lookalike
TR09598,train,variant_multi_attr
TR09599,train,token_block_noise
TR09600,train,accessory_vs_host
TR09601,train,variant_pack
TR09602,train,token_block_noise
TR09603,train,variant_pack
TR09604,train,variant_capacity
TR09605,train,variant_multi_attr
TR09606,train,variant_multi_attr
TR09607,train,variant_color
TR09608,train,cross_brand_lookalike
TR09609,train,accessory_vs_host
TR09610,train,random_same_category
TR09611,train,cross_brand_lookalike
TR09612,train,cross_brand_lookalike
TR09613,train,variant_capacity
TR09614,train,variant_pack
TR09615,train,variant_color
TR09616,train,token_block_noise
TR09617,train,variant_pack
TR09618,train,variant_capacity
TR09619,train,accessory_diff_host
TR09620,train,variant_color
TR09621,train,random_same_category
TR09622,train,accessory_vs_host
TR09623,train,variant_multi_attr
TR09624,train,variant_capacity
TR09625,train,cross_brand_lookalike
TR09626,train,accessory_vs_host
TR09627,train,token_block_noise
TR09628,train,same_sku
TR09629,train,cross_brand_lookalike
TR09630,train,cross_brand_lookalike
TR09631,train,same_sku
TR09632,train,token_block_noise
TR09633,train,variant_multi_attr
TR09634,train,token_block_noise
TR09635,train,same_sku
TR09636,train,cross_brand_lookalike
TR09637,train,accessory_diff_host
TR09638,train,token_block_noise
TR09639,train,variant_color
TR09640,train,variant_color
TR09641,train,token_block_noise
TR09642,train,variant_color
TR09643,train,token_block_noise
TR09644,train,variant_color
TR09645,train,same_sku
TR09646,train,accessory_vs_host
TR09647,train,same_sku
TR09648,train,successor_model
TR09649,train,random_same_category
TR09650,train,variant_capacity
TR09651,train,same_brand_diff_line
TR09652,train,cross_brand_lookalike
TR09653,train,variant_multi_attr
TR09654,train,token_block_noise
TR09655,train,cross_brand_lookalike
TR09656,train,same_brand_diff_line
TR09657,train,accessory_vs_host
TR09658,train,token_block_noise
TR09659,train,cross_brand_lookalike
TR09660,train,accessory_vs_host
TR09661,train,variant_pack
TR09662,train,variant_size
TR09663,train,variant_capacity
TR09664,train,cross_brand_lookalike
TR09665,train,variant_color
TR09666,train,variant_capacity
TR09667,train,random_same_category
TR09668,train,same_sku
TR09669,train,random_same_category
TR09670,train,token_block_noise
TR09671,train,variant_capacity
TR09672,train,same_sku
TR09673,train,token_block_noise
TR09674,train,variant_color
TR09675,train,variant_size
TR09676,train,token_block_noise
TR09677,train,same_sku
TR09678,train,variant_capacity
TR09679,train,token_block_noise
TR09680,train,variant_capacity
TR09681,train,variant_capacity
TR09682,train,random_same_category
TR09683,train,accessory_vs_host
TR09684,train,token_block_noise
TR09685,train,variant_color
TR09686,train,variant_color
TR09687,train,cross_brand_lookalike
TR09688,train,variant_color
TR09689,train,same_sku
TR09690,train,variant_pack
TR09691,train,same_sku
TR09692,train,variant_size
TR09693,train,same_sku
TR09694,train,variant_color
TR09695,train,cross_brand_lookalike
TR09696,train,accessory_diff_host
TR09697,train,accessory_vs_host
TR09698,train,successor_model
TR09699,train,accessory_vs_host
TR09700,train,cross_brand_lookalike
TR09701,train,random_same_category
TR09702,train,token_block_noise
TR09703,train,token_block_noise
TR09704,train,variant_capacity
TR09705,train,same_sku
TR09706,train,cross_brand_lookalike
TR09707,train,cross_brand_lookalike
TR09708,train,cross_brand_lookalike
TR09709,train,accessory_diff_host
TR09710,train,cross_brand_lookalike
TR09711,train,accessory_vs_host
TR09712,train,variant_capacity
TR09713,train,same_sku
TR09714,train,same_sku
TR09715,train,variant_color
TR09716,train,variant_color
TR09717,train,same_sku
TR09718,train,variant_capacity
TR09719,train,token_block_noise
TR09720,train,variant_capacity
TR09721,train,variant_color
TR09722,train,variant_capacity
TR09723,train,accessory_vs_host
TE00001,test,variant_multi_attr
TE00002,test,cross_brand_lookalike
TE00003,test,random_same_category
TE00004,test,random_same_category
TE00005,test,variant_color
TE00006,test,cross_brand_lookalike
TE00007,test,token_block_noise
TE00008,test,variant_color
TE00009,test,successor_model
TE00010,test,same_sku
TE00011,test,token_block_noise
TE00012,test,token_block_noise
TE00013,test,same_sku
TE00014,test,token_block_noise
TE00015,test,cross_brand_lookalike
TE00016,test,variant_multi_attr
TE00017,test,token_block_noise
TE00018,test,variant_size
TE00019,test,same_sku
TE00020,test,same_sku
TE00021,test,cross_brand_lookalike
TE00022,test,token_block_noise
TE00023,test,variant_capacity
TE00024,test,cross_brand_lookalike
TE00025,test,accessory_diff_host
TE00026,test,successor_model
TE00027,test,variant_capacity
TE00028,test,variant_color
TE00029,test,variant_color
TE00030,test,variant_capacity
TE00031,test,variant_color
TE00032,test,random_same_category
TE00033,test,random_same_category
TE00034,test,token_block_noise
TE00035,test,token_block_noise
TE00036,test,token_block_noise
TE00037,test,variant_color
TE00038,test,random_same_category
TE00039,test,variant_size
TE00040,test,random_same_category
TE00041,test,variant_capacity
TE00042,test,variant_color
TE00043,test,random_same_category
TE00044,test,cross_brand_lookalike
TE00045,test,variant_color
TE00046,test,same_sku
TE00047,test,cross_brand_lookalike
TE00048,test,variant_capacity
TE00049,test,same_sku
TE00050,test,token_block_noise
TE00051,test,token_block_noise
TE00052,test,cross_brand_lookalike
TE00053,test,cross_brand_lookalike
TE00054,test,variant_color
TE00055,test,variant_capacity
TE00056,test,accessory_vs_host
TE00057,test,token_block_noise
TE00058,test,variant_multi_attr
TE00059,test,token_block_noise
TE00060,test,same_sku
TE00061,test,token_block_noise
TE00062,test,variant_capacity
TE00063,test,variant_multi_attr
TE00064,test,variant_capacity
TE00065,test,variant_pack
TE00066,test,same_sku
TE00067,test,same_sku
TE00068,test,token_block_noise
TE00069,test,random_same_category
TE00070,test,variant_multi_attr
TE00071,test,variant_multi_attr
TE00072,test,variant_size
TE00073,test,cross_brand_lookalike
TE00074,test,variant_multi_attr
TE00075,test,variant_capacity
TE00076,test,same_sku
TE00077,test,variant_capacity
TE00078,test,accessory_vs_host
TE00079,test,cross_brand_lookalike
TE00080,test,token_block_noise
TE00081,test,accessory_diff_host
TE00082,test,variant_color
TE00083,test,accessory_vs_host
TE00084,test,cross_brand_lookalike
TE00085,test,successor_model
TE00086,test,variant_color
TE00087,test,variant_pack
TE00088,test,same_sku
TE00089,test,variant_multi_attr
TE00090,test,variant_pack
TE00091,test,successor_model
TE00092,test,random_same_category
TE00093,test,successor_model
TE00094,test,random_same_category
TE00095,test,accessory_vs_host
TE00096,test,variant_multi_attr
TE00097,test,random_same_category
TE00098,test,token_block_noise
TE00099,test,token_block_noise
TE00100,test,variant_capacity
TE00101,test,variant_capacity
TE00102,test,same_sku
TE00103,test,successor_model
TE00104,test,accessory_diff_host
TE00105,test,cross_brand_lookalike
TE00106,test,variant_multi_attr
TE00107,test,variant_capacity
TE00108,test,token_block_noise
TE00109,test,cross_brand_lookalike
TE00110,test,variant_multi_attr
TE00111,test,variant_multi_attr
TE00112,test,variant_multi_attr
TE00113,test,token_block_noise
TE00114,test,variant_color
TE00115,test,token_block_noise
TE00116,test,variant_capacity
TE00117,test,cross_brand_lookalike
TE00118,test,token_block_noise
TE00119,test,token_block_noise
TE00120,test,variant_color
TE00121,test,same_sku
TE00122,test,cross_brand_lookalike
TE00123,test,same_sku
TE00124,test,successor_model
TE00125,test,random_same_category
TE00126,test,same_sku
TE00127,test,cross_brand_lookalike
TE00128,test,variant_capacity
TE00129,test,variant_color
TE00130,test,same_sku
TE00131,test,cross_brand_lookalike
TE00132,test,token_block_noise
TE00133,test,variant_pack
TE00134,test,random_same_category
TE00135,test,token_block_noise
TE00136,test,variant_color
TE00137,test,variant_capacity
TE00138,test,variant_multi_attr
TE00139,test,same_sku
TE00140,test,token_block_noise
TE00141,test,cross_brand_lookalike
TE00142,test,random_same_category
TE00143,test,same_sku
TE00144,test,cross_brand_lookalike
TE00145,test,variant_capacity
TE00146,test,successor_model
TE00147,test,accessory_diff_host
TE00148,test,cross_brand_lookalike
TE00149,test,variant_pack
TE00150,test,random_same_category
TE00151,test,variant_multi_attr
TE00152,test,variant_capacity
TE00153,test,same_sku
TE00154,test,cross_brand_lookalike
TE00155,test,token_block_noise
TE00156,test,accessory_vs_host
TE00157,test,variant_capacity
TE00158,test,same_sku
TE00159,test,same_sku
TE00160,test,accessory_diff_host
TE00161,test,cross_brand_lookalike
TE00162,test,accessory_diff_host
TE00163,test,cross_brand_lookalike
TE00164,test,accessory_diff_host
TE00165,test,token_block_noise
TE00166,test,variant_color
TE00167,test,cross_brand_lookalike
TE00168,test,cross_brand_lookalike
TE00169,test,same_sku
TE00170,test,cross_brand_lookalike
TE00171,test,variant_color
TE00172,test,cross_brand_lookalike
TE00173,test,variant_pack
TE00174,test,variant_capacity
TE00175,test,variant_capacity
TE00176,test,same_sku
TE00177,test,variant_multi_attr
TE00178,test,accessory_vs_host
TE00179,test,token_block_noise
TE00180,test,token_block_noise
TE00181,test,variant_color
TE00182,test,variant_capacity
TE00183,test,variant_color
TE00184,test,variant_multi_attr
TE00185,test,token_block_noise
TE00186,test,variant_multi_attr
TE00187,test,variant_color
TE00188,test,cross_brand_lookalike
TE00189,test,same_sku
TE00190,test,same_sku
TE00191,test,same_sku
TE00192,test,cross_brand_lookalike
TE00193,test,token_block_noise
TE00194,test,variant_color
TE00195,test,variant_multi_attr
TE00196,test,variant_capacity
TE00197,test,accessory_vs_host
TE00198,test,same_sku
TE00199,test,cross_brand_lookalike
TE00200,test,accessory_vs_host
TE00201,test,variant_size
TE00202,test,token_block_noise
TE00203,test,successor_model
TE00204,test,cross_brand_lookalike
TE00205,test,variant_capacity
TE00206,test,cross_brand_lookalike
TE00207,test,variant_pack
TE00208,test,same_sku
TE00209,test,variant_color
TE00210,test,random_same_category
TE00211,test,cross_brand_lookalike
TE00212,test,variant_color
TE00213,test,same_sku
TE00214,test,accessory_diff_host
TE00215,test,same_sku
TE00216,test,random_same_category
TE00217,test,variant_multi_attr
TE00218,test,variant_color
TE00219,test,token_block_noise
TE00220,test,token_block_noise
TE00221,test,random_same_category
TE00222,test,token_block_noise
TE00223,test,cross_brand_lookalike
TE00224,test,variant_color
TE00225,test,token_block_noise
TE00226,test,token_block_noise
TE00227,test,variant_capacity
TE00228,test,cross_brand_lookalike
TE00229,test,variant_capacity
TE00230,test,variant_size
TE00231,test,cross_brand_lookalike
TE00232,test,variant_pack
TE00233,test,token_block_noise
TE00234,test,variant_capacity
TE00235,test,variant_color
TE00236,test,accessory_vs_host
TE00237,test,same_sku
TE00238,test,cross_brand_lookalike
TE00239,test,successor_model
TE00240,test,variant_color
TE00241,test,random_same_category
TE00242,test,token_block_noise
TE00243,test,token_block_noise
TE00244,test,cross_brand_lookalike
TE00245,test,variant_capacity
TE00246,test,cross_brand_lookalike
TE00247,test,token_block_noise
TE00248,test,variant_color
TE00249,test,variant_capacity
TE00250,test,token_block_noise
TE00251,test,cross_brand_lookalike
TE00252,test,token_block_noise
TE00253,test,token_block_noise
TE00254,test,accessory_vs_host
TE00255,test,variant_capacity
TE00256,test,accessory_vs_host
TE00257,test,variant_color
TE00258,test,accessory_diff_host
TE00259,test,variant_capacity
TE00260,test,token_block_noise
TE00261,test,cross_brand_lookalike
TE00262,test,cross_brand_lookalike
TE00263,test,variant_pack
TE00264,test,variant_capacity
TE00265,test,variant_color
TE00266,test,variant_color
TE00267,test,same_sku
TE00268,test,variant_pack
TE00269,test,same_sku
TE00270,test,variant_capacity
TE00271,test,variant_capacity
TE00272,test,variant_multi_attr
TE00273,test,variant_size
TE00274,test,variant_pack
TE00275,test,accessory_vs_host
TE00276,test,variant_pack
TE00277,test,variant_color
TE00278,test,variant_color
TE00279,test,variant_size
TE00280,test,variant_capacity
TE00281,test,token_block_noise
TE00282,test,variant_color
TE00283,test,random_same_category
TE00284,test,variant_multi_attr
TE00285,test,token_block_noise
TE00286,test,random_same_category
TE00287,test,variant_pack
TE00288,test,token_block_noise
TE00289,test,variant_color
TE00290,test,same_sku
TE00291,test,variant_color
TE00292,test,accessory_diff_host
TE00293,test,variant_color
TE00294,test,variant_size
TE00295,test,cross_brand_lookalike
TE00296,test,accessory_vs_host
TE00297,test,variant_color
TE00298,test,cross_brand_lookalike
TE00299,test,variant_color
TE00300,test,variant_color
TE00301,test,variant_multi_attr
TE00302,test,variant_pack
TE00303,test,variant_color
TE00304,test,cross_brand_lookalike
TE00305,test,variant_color
TE00306,test,variant_color
TE00307,test,cross_brand_lookalike
TE00308,test,token_block_noise
TE00309,test,token_block_noise
TE00310,test,cross_brand_lookalike
TE00311,test,cross_brand_lookalike
TE00312,test,token_block_noise
TE00313,test,variant_size
TE00314,test,cross_brand_lookalike
TE00315,test,same_sku
TE00316,test,same_sku
TE00317,test,successor_model
TE00318,test,same_sku
TE00319,test,same_sku
TE00320,test,token_block_noise
TE00321,test,accessory_vs_host
TE00322,test,variant_multi_attr
TE00323,test,same_sku
TE00324,test,variant_color
TE00325,test,token_block_noise
TE00326,test,variant_capacity
TE00327,test,successor_model
TE00328,test,same_sku
TE00329,test,variant_multi_attr
TE00330,test,accessory_diff_host
TE00331,test,cross_brand_lookalike
TE00332,test,same_sku
TE00333,test,variant_capacity
TE00334,test,successor_model
TE00335,test,variant_size
TE00336,test,successor_model
TE00337,test,accessory_vs_host
TE00338,test,random_same_category
TE00339,test,variant_color
TE00340,test,token_block_noise
TE00341,test,same_sku
TE00342,test,variant_capacity
TE00343,test,cross_brand_lookalike
TE00344,test,same_sku
TE00345,test,token_block_noise
TE00346,test,variant_color
TE00347,test,cross_brand_lookalike
TE00348,test,variant_color
TE00349,test,token_block_noise
TE00350,test,token_block_noise
TE00351,test,variant_color
TE00352,test,same_sku
TE00353,test,cross_brand_lookalike
TE00354,test,accessory_diff_host
TE00355,test,accessory_vs_host
TE00356,test,same_sku
TE00357,test,variant_multi_attr
TE00358,test,variant_multi_attr
TE00359,test,same_sku
TE00360,test,cross_brand_lookalike
TE00361,test,variant_size
TE00362,test,random_same_category
TE00363,test,accessory_vs_host
TE00364,test,token_block_noise
TE00365,test,cross_brand_lookalike
TE00366,test,same_sku
TE00367,test,variant_multi_attr
TE00368,test,same_sku
TE00369,test,token_block_noise
TE00370,test,token_block_noise
TE00371,test,variant_color
TE00372,test,same_sku
TE00373,test,same_sku
TE00374,test,same_sku
TE00375,test,same_sku
TE00376,test,successor_model
TE00377,test,token_block_noise
TE00378,test,token_block_noise
TE00379,test,token_block_noise
TE00380,test,cross_brand_lookalike
TE00381,test,variant_size
TE00382,test,token_block_noise
TE00383,test,variant_multi_attr
TE00384,test,variant_size
TE00385,test,random_same_category
TE00386,test,cross_brand_lookalike
TE00387,test,accessory_vs_host
TE00388,test,accessory_vs_host
TE00389,test,random_same_category
TE00390,test,variant_size
TE00391,test,token_block_noise
TE00392,test,variant_color
TE00393,test,accessory_vs_host
TE00394,test,cross_brand_lookalike
TE00395,test,accessory_vs_host
TE00396,test,token_block_noise
TE00397,test,accessory_diff_host
TE00398,test,variant_color
TE00399,test,token_block_noise
TE00400,test,same_sku
TE00401,test,variant_color
TE00402,test,variant_color
TE00403,test,token_block_noise
TE00404,test,token_block_noise
TE00405,test,same_sku
TE00406,test,variant_size
TE00407,test,cross_brand_lookalike
TE00408,test,cross_brand_lookalike
TE00409,test,token_block_noise
TE00410,test,variant_size
TE00411,test,variant_color
TE00412,test,variant_capacity
TE00413,test,token_block_noise
TE00414,test,token_block_noise
TE00415,test,same_sku
TE00416,test,successor_model
TE00417,test,same_sku
TE00418,test,cross_brand_lookalike
TE00419,test,variant_multi_attr
TE00420,test,token_block_noise
TE00421,test,variant_pack
TE00422,test,token_block_noise
TE00423,test,accessory_vs_host
TE00424,test,token_block_noise
TE00425,test,successor_model
TE00426,test,variant_pack
TE00427,test,variant_capacity
TE00428,test,variant_pack
TE00429,test,successor_model
TE00430,test,variant_capacity
TE00431,test,accessory_vs_host
TE00432,test,variant_multi_attr
TE00433,test,token_block_noise
TE00434,test,variant_capacity
TE00435,test,accessory_diff_host
TE00436,test,cross_brand_lookalike
TE00437,test,random_same_category
TE00438,test,successor_model
TE00439,test,cross_brand_lookalike
TE00440,test,same_sku
TE00441,test,cross_brand_lookalike
TE00442,test,accessory_vs_host
TE00443,test,random_same_category
TE00444,test,variant_multi_attr
TE00445,test,same_sku
TE00446,test,random_same_category
TE00447,test,same_sku
TE00448,test,variant_color
TE00449,test,token_block_noise
TE00450,test,token_block_noise
TE00451,test,variant_size
TE00452,test,random_same_category
TE00453,test,variant_color
TE00454,test,accessory_vs_host
TE00455,test,token_block_noise
TE00456,test,variant_multi_attr
TE00457,test,random_same_category
TE00458,test,random_same_category
TE00459,test,successor_model
TE00460,test,same_sku
TE00461,test,cross_brand_lookalike
TE00462,test,token_block_noise
TE00463,test,variant_size
TE00464,test,cross_brand_lookalike
TE00465,test,variant_size
TE00466,test,token_block_noise
TE00467,test,variant_color
TE00468,test,random_same_category
TE00469,test,cross_brand_lookalike
TE00470,test,cross_brand_lookalike
TE00471,test,same_sku
TE00472,test,variant_capacity
TE00473,test,token_block_noise
TE00474,test,token_block_noise
TE00475,test,cross_brand_lookalike
TE00476,test,token_block_noise
TE00477,test,token_block_noise
TE00478,test,accessory_vs_host
TE00479,test,cross_brand_lookalike
TE00480,test,random_same_category
TE00481,test,same_sku
TE00482,test,variant_multi_attr
TE00483,test,same_sku
TE00484,test,variant_size
TE00485,test,token_block_noise
TE00486,test,variant_color
TE00487,test,same_sku
TE00488,test,variant_capacity
TE00489,test,token_block_noise
TE00490,test,token_block_noise
TE00491,test,token_block_noise
TE00492,test,variant_color
TE00493,test,variant_multi_attr
TE00494,test,random_same_category
TE00495,test,variant_multi_attr
TE00496,test,variant_capacity
TE00497,test,variant_capacity
TE00498,test,accessory_diff_host
TE00499,test,successor_model
TE00500,test,accessory_vs_host
TE00501,test,variant_multi_attr
TE00502,test,cross_brand_lookalike
TE00503,test,accessory_vs_host
TE00504,test,accessory_diff_host
TE00505,test,cross_brand_lookalike
TE00506,test,random_same_category
TE00507,test,variant_color
TE00508,test,variant_multi_attr
TE00509,test,variant_multi_attr
TE00510,test,random_same_category
TE00511,test,variant_color
TE00512,test,same_sku
TE00513,test,token_block_noise
TE00514,test,random_same_category
TE00515,test,same_sku
TE00516,test,variant_capacity
TE00517,test,variant_capacity
TE00518,test,variant_color
TE00519,test,variant_color
TE00520,test,same_sku
TE00521,test,accessory_vs_host
TE00522,test,token_block_noise
TE00523,test,accessory_diff_host
TE00524,test,variant_color
TE00525,test,successor_model
TE00526,test,cross_brand_lookalike
TE00527,test,variant_capacity
TE00528,test,cross_brand_lookalike
TE00529,test,cross_brand_lookalike
TE00530,test,random_same_category
TE00531,test,cross_brand_lookalike
TE00532,test,random_same_category
TE00533,test,random_same_category
TE00534,test,token_block_noise
TE00535,test,token_block_noise
TE00536,test,cross_brand_lookalike
TE00537,test,token_block_noise
TE00538,test,token_block_noise
TE00539,test,accessory_vs_host
TE00540,test,same_sku
TE00541,test,random_same_category
TE00542,test,token_block_noise
TE00543,test,accessory_diff_host
TE00544,test,variant_multi_attr
TE00545,test,cross_brand_lookalike
TE00546,test,token_block_noise
TE00547,test,variant_size
TE00548,test,random_same_category
TE00549,test,random_same_category
TE00550,test,token_block_noise
TE00551,test,same_sku
TE00552,test,variant_color
TE00553,test,cross_brand_lookalike
TE00554,test,same_sku
TE00555,test,token_block_noise
TE00556,test,variant_color
TE00557,test,token_block_noise
TE00558,test,variant_size
TE00559,test,accessory_vs_host
TE00560,test,random_same_category
TE00561,test,token_block_noise
TE00562,test,cross_brand_lookalike
TE00563,test,token_block_noise
TE00564,test,variant_pack
TE00565,test,variant_capacity
TE00566,test,token_block_noise
TE00567,test,variant_color
TE00568,test,random_same_category
TE00569,test,variant_size
TE00570,test,same_sku
TE00571,test,random_same_category
TE00572,test,token_block_noise
TE00573,test,same_sku
TE00574,test,variant_capacity
TE00575,test,same_sku
TE00576,test,accessory_vs_host
TE00577,test,successor_model
TE00578,test,accessory_vs_host
TE00579,test,token_block_noise
TE00580,test,cross_brand_lookalike
TE00581,test,variant_color
TE00582,test,variant_capacity
TE00583,test,token_block_noise
TE00584,test,accessory_vs_host
TE00585,test,same_sku
TE00586,test,variant_multi_attr
TE00587,test,accessory_vs_host
TE00588,test,same_sku
TE00589,test,token_block_noise
TE00590,test,variant_capacity
TE00591,test,variant_multi_attr
TE00592,test,variant_capacity
TE00593,test,variant_color
TE00594,test,variant_color
TE00595,test,variant_multi_attr
TE00596,test,token_block_noise
TE00597,test,same_sku
TE00598,test,successor_model
TE00599,test,variant_color
TE00600,test,variant_size
TE00601,test,token_block_noise
TE00602,test,random_same_category
TE00603,test,random_same_category
TE00604,test,cross_brand_lookalike
TE00605,test,variant_pack
TE00606,test,cross_brand_lookalike
TE00607,test,same_sku
TE00608,test,same_sku
TE00609,test,accessory_vs_host
TE00610,test,accessory_diff_host
TE00611,test,variant_color
TE00612,test,variant_color
TE00613,test,cross_brand_lookalike
TE00614,test,token_block_noise
TE00615,test,variant_multi_attr
TE00616,test,token_block_noise
TE00617,test,same_sku
TE00618,test,successor_model
TE00619,test,variant_color
TE00620,test,token_block_noise
TE00621,test,cross_brand_lookalike
TE00622,test,same_sku
TE00623,test,variant_size
TE00624,test,variant_multi_attr
TE00625,test,same_sku
TE00626,test,same_sku
TE00627,test,successor_model
TE00628,test,token_block_noise
TE00629,test,same_sku
TE00630,test,random_same_category
TE00631,test,variant_color
TE00632,test,variant_color
TE00633,test,cross_brand_lookalike
TE00634,test,variant_multi_attr
TE00635,test,variant_multi_attr
TE00636,test,token_block_noise
TE00637,test,token_block_noise
TE00638,test,cross_brand_lookalike
TE00639,test,accessory_diff_host
TE00640,test,cross_brand_lookalike
TE00641,test,cross_brand_lookalike
TE00642,test,random_same_category
TE00643,test,variant_multi_attr
TE00644,test,variant_color
TE00645,test,variant_multi_attr
TE00646,test,accessory_diff_host
TE00647,test,variant_multi_attr
TE00648,test,token_block_noise
TE00649,test,accessory_vs_host
TE00650,test,successor_model
TE00651,test,token_block_noise
TE00652,test,cross_brand_lookalike
TE00653,test,variant_color
TE00654,test,variant_size
TE00655,test,random_same_category
TE00656,test,token_block_noise
TE00657,test,token_block_noise
TE00658,test,variant_pack
TE00659,test,variant_color
TE00660,test,cross_brand_lookalike
TE00661,test,variant_color
TE00662,test,variant_color
TE00663,test,variant_multi_attr
TE00664,test,accessory_diff_host
TE00665,test,variant_pack
TE00666,test,random_same_category
TE00667,test,variant_size
TE00668,test,variant_capacity
TE00669,test,variant_color
TE00670,test,variant_capacity
TE00671,test,token_block_noise
TE00672,test,accessory_vs_host
TE00673,test,same_sku
TE00674,test,accessory_vs_host
TE00675,test,variant_pack
TE00676,test,same_sku
TE00677,test,variant_capacity
TE00678,test,cross_brand_lookalike
TE00679,test,variant_capacity
TE00680,test,accessory_vs_host
TE00681,test,accessory_vs_host
TE00682,test,accessory_vs_host
TE00683,test,same_sku
TE00684,test,variant_color
TE00685,test,random_same_category
TE00686,test,successor_model
TE00687,test,same_sku
TE00688,test,variant_multi_attr
TE00689,test,accessory_vs_host
TE00690,test,random_same_category
TE00691,test,cross_brand_lookalike
TE00692,test,variant_multi_attr
TE00693,test,variant_color
TE00694,test,token_block_noise
TE00695,test,variant_color
TE00696,test,variant_capacity
TE00697,test,random_same_category
TE00698,test,variant_color
TE00699,test,cross_brand_lookalike
TE00700,test,same_sku
TE00701,test,same_sku
TE00702,test,variant_capacity
TE00703,test,variant_capacity
TE00704,test,same_sku
TE00705,test,accessory_diff_host
TE00706,test,accessory_diff_host
TE00707,test,random_same_category
TE00708,test,accessory_vs_host
TE00709,test,token_block_noise
TE00710,test,variant_multi_attr
TE00711,test,variant_multi_attr
TE00712,test,variant_size
TE00713,test,same_sku
TE00714,test,variant_color
TE00715,test,random_same_category
TE00716,test,token_block_noise
TE00717,test,token_block_noise
TE00718,test,random_same_category
TE00719,test,accessory_diff_host
TE00720,test,variant_color
TE00721,test,accessory_diff_host
TE00722,test,token_block_noise
TE00723,test,variant_color
TE00724,test,variant_capacity
TE00725,test,random_same_category
TE00726,test,token_block_noise
TE00727,test,same_sku
TE00728,test,variant_multi_attr
TE00729,test,cross_brand_lookalike
TE00730,test,accessory_vs_host
TE00731,test,variant_multi_attr
TE00732,test,variant_color
TE00733,test,variant_color
TE00734,test,variant_color
TE00735,test,same_sku
TE00736,test,accessory_vs_host
TE00737,test,successor_model
TE00738,test,variant_capacity
TE00739,test,same_sku
TE00740,test,random_same_category
TE00741,test,token_block_noise
TE00742,test,variant_color
TE00743,test,token_block_noise
TE00744,test,token_block_noise
TE00745,test,variant_pack
TE00746,test,variant_size
TE00747,test,token_block_noise
TE00748,test,variant_color
TE00749,test,same_sku
TE00750,test,token_block_noise
TE00751,test,random_same_category
TE00752,test,variant_color
TE00753,test,same_sku
TE00754,test,accessory_vs_host
TE00755,test,accessory_vs_host
TE00756,test,variant_size
TE00757,test,cross_brand_lookalike
TE00758,test,cross_brand_lookalike
TE00759,test,variant_color
TE00760,test,cross_brand_lookalike
TE00761,test,cross_brand_lookalike
TE00762,test,token_block_noise
TE00763,test,variant_color
TE00764,test,variant_multi_attr
TE00765,test,random_same_category
TE00766,test,token_block_noise
TE00767,test,successor_model
TE00768,test,variant_color
TE00769,test,token_block_noise
TE00770,test,random_same_category
TE00771,test,variant_color
TE00772,test,cross_brand_lookalike
TE00773,test,accessory_vs_host
TE00774,test,accessory_diff_host
TE00775,test,accessory_vs_host
TE00776,test,accessory_vs_host
TE00777,test,accessory_vs_host
TE00778,test,cross_brand_lookalike
TE00779,test,accessory_vs_host
TE00780,test,successor_model
TE00781,test,token_block_noise
TE00782,test,accessory_vs_host
TE00783,test,same_sku
TE00784,test,random_same_category
TE00785,test,random_same_category
TE00786,test,variant_multi_attr
TE00787,test,cross_brand_lookalike
TE00788,test,cross_brand_lookalike
TE00789,test,token_block_noise
TE00790,test,cross_brand_lookalike
TE00791,test,variant_size
TE00792,test,cross_brand_lookalike
TE00793,test,token_block_noise
TE00794,test,accessory_vs_host
TE00795,test,variant_color
TE00796,test,cross_brand_lookalike
TE00797,test,variant_color
TE00798,test,accessory_vs_host
TE00799,test,random_same_category
TE00800,test,token_block_noise
TE00801,test,variant_size
TE00802,test,variant_capacity
TE00803,test,same_sku
TE00804,test,random_same_category
TE00805,test,same_sku
TE00806,test,accessory_vs_host
TE00807,test,same_sku
TE00808,test,variant_multi_attr
TE00809,test,accessory_vs_host
TE00810,test,variant_multi_attr
TE00811,test,cross_brand_lookalike
TE00812,test,variant_color
TE00813,test,variant_color
TE00814,test,cross_brand_lookalike
TE00815,test,variant_size
TE00816,test,random_same_category
TE00817,test,same_sku
TE00818,test,token_block_noise
TE00819,test,variant_color
TE00820,test,accessory_diff_host
TE00821,test,successor_model
TE00822,test,token_block_noise
TE00823,test,accessory_vs_host
TE00824,test,variant_color
TE00825,test,same_sku
TE00826,test,same_sku
TE00827,test,cross_brand_lookalike
TE00828,test,variant_size
TE00829,test,cross_brand_lookalike
TE00830,test,variant_multi_attr
TE00831,test,same_sku
TE00832,test,cross_brand_lookalike
TE00833,test,variant_size
TE00834,test,same_sku
TE00835,test,random_same_category
TE00836,test,random_same_category
TE00837,test,accessory_diff_host
TE00838,test,variant_multi_attr
TE00839,test,accessory_diff_host
TE00840,test,variant_multi_attr
TE00841,test,same_sku
TE00842,test,same_sku
TE00843,test,token_block_noise
TE00844,test,accessory_vs_host
TE00845,test,cross_brand_lookalike
TE00846,test,accessory_diff_host
TE00847,test,successor_model
TE00848,test,cross_brand_lookalike
TE00849,test,cross_brand_lookalike
TE00850,test,accessory_vs_host
TE00851,test,successor_model
TE00852,test,variant_capacity
TE00853,test,variant_capacity
TE00854,test,token_block_noise
TE00855,test,variant_multi_attr
TE00856,test,same_sku
TE00857,test,variant_color
TE00858,test,variant_color
TE00859,test,token_block_noise
TE00860,test,same_sku
TE00861,test,cross_brand_lookalike
TE00862,test,token_block_noise
TE00863,test,same_sku
TE00864,test,token_block_noise
TE00865,test,random_same_category
TE00866,test,token_block_noise
TE00867,test,variant_size
TE00868,test,token_block_noise
TE00869,test,variant_color
TE00870,test,variant_capacity
TE00871,test,variant_multi_attr
TE00872,test,same_sku
TE00873,test,token_block_noise
TE00874,test,token_block_noise
TE00875,test,variant_multi_attr
TE00876,test,token_block_noise
TE00877,test,variant_capacity
TE00878,test,cross_brand_lookalike
TE00879,test,token_block_noise
TE00880,test,accessory_vs_host
TE00881,test,variant_color
TE00882,test,accessory_vs_host
TE00883,test,token_block_noise
TE00884,test,variant_multi_attr
TE00885,test,same_sku
TE00886,test,cross_brand_lookalike
TE00887,test,cross_brand_lookalike
TE00888,test,variant_color
TE00889,test,same_sku
TE00890,test,token_block_noise
TE00891,test,random_same_category
TE00892,test,variant_multi_attr
TE00893,test,variant_color
TE00894,test,cross_brand_lookalike
TE00895,test,variant_size
TE00896,test,cross_brand_lookalike
TE00897,test,random_same_category
TE00898,test,same_sku
TE00899,test,variant_size
TE00900,test,token_block_noise
TE00901,test,same_sku
TE00902,test,random_same_category
TE00903,test,variant_multi_attr
TE00904,test,random_same_category
TE00905,test,cross_brand_lookalike
TE00906,test,token_block_noise
TE00907,test,cross_brand_lookalike
TE00908,test,token_block_noise
TE00909,test,variant_multi_attr
TE00910,test,token_block_noise
TE00911,test,variant_capacity
TE00912,test,variant_color
TE00913,test,token_block_noise
TE00914,test,variant_multi_attr
TE00915,test,accessory_diff_host
TE00916,test,variant_size
TE00917,test,same_sku
TE00918,test,cross_brand_lookalike
TE00919,test,variant_color
TE00920,test,variant_multi_attr
TE00921,test,token_block_noise
TE00922,test,accessory_vs_host
TE00923,test,variant_color
TE00924,test,variant_capacity
TE00925,test,variant_color
TE00926,test,cross_brand_lookalike
TE00927,test,variant_multi_attr
TE00928,test,accessory_vs_host
TE00929,test,variant_capacity
TE00930,test,variant_capacity
TE00931,test,same_sku
TE00932,test,accessory_vs_host
TE00933,test,random_same_category
TE00934,test,variant_multi_attr
TE00935,test,accessory_diff_host
TE00936,test,token_block_noise
TE00937,test,same_sku
TE00938,test,successor_model
TE00939,test,variant_multi_attr
TE00940,test,token_block_noise
TE00941,test,variant_color
TE00942,test,token_block_noise
TE00943,test,variant_color
TE00944,test,cross_brand_lookalike
TE00945,test,accessory_vs_host
TE00946,test,same_sku
TE00947,test,token_block_noise
TE00948,test,variant_size
TE00949,test,random_same_category
TE00950,test,token_block_noise
TE00951,test,variant_size
TE00952,test,same_sku
TE00953,test,accessory_vs_host
TE00954,test,variant_capacity
TE00955,test,same_sku
TE00956,test,variant_multi_attr
TE00957,test,variant_multi_attr
TE00958,test,token_block_noise
TE00959,test,variant_color
TE00960,test,random_same_category
TE00961,test,cross_brand_lookalike
TE00962,test,same_sku
TE00963,test,variant_multi_attr
TE00964,test,variant_capacity
TE00965,test,cross_brand_lookalike
TE00966,test,same_sku
TE00967,test,same_sku
TE00968,test,token_block_noise
TE00969,test,same_sku
TE00970,test,accessory_diff_host
TE00971,test,token_block_noise
TE00972,test,token_block_noise
TE00973,test,variant_capacity
TE00974,test,variant_size
TE00975,test,token_block_noise
TE00976,test,accessory_diff_host
TE00977,test,variant_color
TE00978,test,token_block_noise
TE00979,test,random_same_category
TE00980,test,token_block_noise
TE00981,test,token_block_noise
TE00982,test,random_same_category
TE00983,test,same_sku
TE00984,test,variant_color
TE00985,test,variant_color
TE00986,test,same_sku
TE00987,test,token_block_noise
TE00988,test,variant_size
TE00989,test,cross_brand_lookalike
TE00990,test,variant_color
TE00991,test,random_same_category
TE00992,test,variant_color
TE00993,test,same_sku
TE00994,test,variant_color
TE00995,test,accessory_diff_host
TE00996,test,random_same_category
TE00997,test,token_block_noise
TE00998,test,cross_brand_lookalike
TE00999,test,variant_capacity
TE01000,test,token_block_noise
TE01001,test,variant_multi_attr
TE01002,test,variant_multi_attr
TE01003,test,token_block_noise
TE01004,test,variant_color
TE01005,test,accessory_vs_host
TE01006,test,accessory_vs_host
TE01007,test,accessory_vs_host
TE01008,test,token_block_noise
TE01009,test,same_sku
TE01010,test,same_sku
TE01011,test,variant_capacity
TE01012,test,variant_size
TE01013,test,accessory_vs_host
TE01014,test,variant_color
TE01015,test,random_same_category
TE01016,test,same_sku
TE01017,test,variant_pack
TE01018,test,accessory_diff_host
TE01019,test,token_block_noise
TE01020,test,successor_model
TE01021,test,variant_color
TE01022,test,cross_brand_lookalike
TE01023,test,token_block_noise
TE01024,test,cross_brand_lookalike
TE01025,test,token_block_noise
TE01026,test,variant_color
TE01027,test,accessory_diff_host
TE01028,test,random_same_category
TE01029,test,same_sku
TE01030,test,accessory_diff_host
TE01031,test,cross_brand_lookalike
TE01032,test,cross_brand_lookalike
TE01033,test,same_sku
TE01034,test,same_sku
TE01035,test,variant_size
TE01036,test,random_same_category
TE01037,test,variant_multi_attr
TE01038,test,variant_capacity
TE01039,test,same_sku
TE01040,test,accessory_vs_host
TE01041,test,same_sku
TE01042,test,accessory_vs_host
TE01043,test,variant_multi_attr
TE01044,test,variant_color
TE01045,test,token_block_noise
TE01046,test,same_sku
TE01047,test,variant_size
TE01048,test,variant_capacity
TE01049,test,random_same_category
TE01050,test,token_block_noise
TE01051,test,successor_model
TE01052,test,token_block_noise
TE01053,test,variant_color
TE01054,test,variant_size
TE01055,test,token_block_noise
TE01056,test,successor_model
TE01057,test,cross_brand_lookalike
TE01058,test,variant_multi_attr
TE01059,test,token_block_noise
TE01060,test,random_same_category
TE01061,test,variant_pack
TE01062,test,token_block_noise
TE01063,test,accessory_vs_host
TE01064,test,cross_brand_lookalike
TE01065,test,cross_brand_lookalike
TE01066,test,cross_brand_lookalike
TE01067,test,variant_size
TE01068,test,same_sku
TE01069,test,accessory_vs_host
TE01070,test,cross_brand_lookalike
TE01071,test,successor_model
TE01072,test,same_sku
TE01073,test,token_block_noise
TE01074,test,variant_color
TE01075,test,accessory_vs_host
TE01076,test,variant_capacity
TE01077,test,token_block_noise
TE01078,test,variant_capacity
TE01079,test,accessory_vs_host
TE01080,test,accessory_diff_host
TE01081,test,variant_color
TE01082,test,variant_color
TE01083,test,variant_multi_attr
TE01084,test,accessory_diff_host
TE01085,test,same_sku
TE01086,test,accessory_vs_host
TE01087,test,accessory_vs_host
TE01088,test,accessory_vs_host
TE01089,test,cross_brand_lookalike
TE01090,test,same_sku
TE01091,test,cross_brand_lookalike
TE01092,test,variant_multi_attr
TE01093,test,variant_multi_attr
TE01094,test,same_sku
TE01095,test,variant_capacity
TE01096,test,variant_color
TE01097,test,variant_color
TE01098,test,same_sku
TE01099,test,variant_color
TE01100,test,token_block_noise
TE01101,test,variant_color
TE01102,test,token_block_noise
TE01103,test,random_same_category
TE01104,test,variant_color
TE01105,test,token_block_noise
TE01106,test,variant_multi_attr
TE01107,test,token_block_noise
TE01108,test,accessory_diff_host
TE01109,test,random_same_category
TE01110,test,variant_capacity
TE01111,test,token_block_noise
TE01112,test,token_block_noise
TE01113,test,variant_pack
TE01114,test,variant_color
TE01115,test,token_block_noise
TE01116,test,variant_color
TE01117,test,accessory_vs_host
TE01118,test,variant_capacity
TE01119,test,variant_size
TE01120,test,token_block_noise
TE01121,test,accessory_vs_host
TE01122,test,cross_brand_lookalike
TE01123,test,variant_multi_attr
TE01124,test,variant_color
TE01125,test,accessory_diff_host
TE01126,test,cross_brand_lookalike
TE01127,test,cross_brand_lookalike
TE01128,test,variant_size
TE01129,test,variant_color
TE01130,test,random_same_category
TE01131,test,cross_brand_lookalike
TE01132,test,cross_brand_lookalike
TE01133,test,variant_pack
TE01134,test,variant_color
TE01135,test,cross_brand_lookalike
TE01136,test,same_sku
TE01137,test,cross_brand_lookalike
TE01138,test,same_sku
TE01139,test,cross_brand_lookalike
TE01140,test,variant_color
TE01141,test,variant_size
TE01142,test,same_sku
TE01143,test,same_sku
TE01144,test,variant_capacity
TE01145,test,same_sku
TE01146,test,successor_model
TE01147,test,same_sku
TE01148,test,variant_capacity
TE01149,test,variant_multi_attr
TE01150,test,cross_brand_lookalike
TE01151,test,accessory_diff_host
TE01152,test,token_block_noise
TE01153,test,cross_brand_lookalike
TE01154,test,variant_color
TE01155,test,same_sku
TE01156,test,variant_multi_attr
TE01157,test,variant_capacity
TE01158,test,cross_brand_lookalike
TE01159,test,cross_brand_lookalike
TE01160,test,token_block_noise
TE01161,test,same_sku
TE01162,test,accessory_vs_host
TE01163,test,same_sku
TE01164,test,same_sku
TE01165,test,token_block_noise
TE01166,test,same_sku
TE01167,test,variant_color
TE01168,test,variant_color
TE01169,test,variant_size
TE01170,test,random_same_category
TE01171,test,successor_model
TE01172,test,same_sku
TE01173,test,same_sku
TE01174,test,same_sku
TE01175,test,accessory_vs_host
TE01176,test,accessory_diff_host
TE01177,test,cross_brand_lookalike
TE01178,test,random_same_category
TE01179,test,cross_brand_lookalike
TE01180,test,successor_model
TE01181,test,variant_size
TE01182,test,variant_multi_attr
TE01183,test,token_block_noise
TE01184,test,variant_size
TE01185,test,random_same_category
TE01186,test,successor_model
TE01187,test,same_sku
TE01188,test,variant_capacity
TE01189,test,token_block_noise
TE01190,test,variant_pack
TE01191,test,token_block_noise
TE01192,test,cross_brand_lookalike
TE01193,test,accessory_diff_host
TE01194,test,variant_color
TE01195,test,variant_color
TE01196,test,variant_color
TE01197,test,variant_color
TE01198,test,token_block_noise
TE01199,test,variant_size
TE01200,test,token_block_noise
TE01201,test,variant_color
TE01202,test,cross_brand_lookalike
TE01203,test,accessory_vs_host
TE01204,test,token_block_noise
TE01205,test,accessory_vs_host
TE01206,test,cross_brand_lookalike
TE01207,test,variant_color
TE01208,test,same_sku
TE01209,test,variant_color
TE01210,test,variant_multi_attr
TE01211,test,variant_color
TE01212,test,token_block_noise
TE01213,test,variant_multi_attr
TE01214,test,variant_capacity
TE01215,test,accessory_vs_host
TE01216,test,variant_pack
TE01217,test,token_block_noise
TE01218,test,variant_size
TE01219,test,cross_brand_lookalike
TE01220,test,successor_model
TE01221,test,same_sku
TE01222,test,variant_color
TE01223,test,successor_model
TE01224,test,accessory_vs_host
TE01225,test,token_block_noise
TE01226,test,variant_capacity
TE01227,test,token_block_noise
TE01228,test,variant_color
TE01229,test,variant_color
TE01230,test,cross_brand_lookalike
TE01231,test,token_block_noise
TE01232,test,token_block_noise
TE01233,test,token_block_noise
TE01234,test,same_sku
TE01235,test,cross_brand_lookalike
TE01236,test,variant_multi_attr
TE01237,test,token_block_noise
TE01238,test,token_block_noise
TE01239,test,variant_capacity
TE01240,test,successor_model
TE01241,test,token_block_noise
TE01242,test,variant_capacity
TE01243,test,accessory_vs_host
TE01244,test,token_block_noise
TE01245,test,cross_brand_lookalike
TE01246,test,token_block_noise
TE01247,test,variant_capacity
TE01248,test,accessory_vs_host
TE01249,test,accessory_diff_host
TE01250,test,same_sku
TE01251,test,same_sku
TE01252,test,same_sku
TE01253,test,variant_pack
TE01254,test,token_block_noise
TE01255,test,accessory_diff_host
TE01256,test,variant_multi_attr
TE01257,test,variant_color
TE01258,test,accessory_diff_host
TE01259,test,token_block_noise
TE01260,test,random_same_category
TE01261,test,cross_brand_lookalike
TE01262,test,same_sku
TE01263,test,token_block_noise
TE01264,test,variant_color
TE01265,test,variant_capacity
TE01266,test,variant_color
TE01267,test,same_sku
TE01268,test,variant_multi_attr
TE01269,test,variant_multi_attr
TE01270,test,variant_size
TE01271,test,token_block_noise
TE01272,test,variant_size
TE01273,test,random_same_category
TE01274,test,token_block_noise
TE01275,test,variant_color
TE01276,test,accessory_vs_host
TE01277,test,random_same_category
TE01278,test,variant_capacity
TE01279,test,variant_color
TE01280,test,same_sku
TE01281,test,same_sku
TE01282,test,token_block_noise
TE01283,test,variant_capacity
TE01284,test,cross_brand_lookalike
TE01285,test,variant_color
TE01286,test,variant_capacity
TE01287,test,random_same_category
TE01288,test,token_block_noise
TE01289,test,variant_color
TE01290,test,variant_pack
TE01291,test,variant_capacity
TE01292,test,variant_multi_attr
TE01293,test,token_block_noise
TE01294,test,same_sku
TE01295,test,accessory_vs_host
TE01296,test,variant_size
TE01297,test,variant_color
TE01298,test,cross_brand_lookalike
TE01299,test,token_block_noise
TE01300,test,variant_color
TE01301,test,cross_brand_lookalike
TE01302,test,accessory_diff_host
TE01303,test,variant_size
TE01304,test,successor_model
TE01305,test,variant_color
TE01306,test,accessory_diff_host
TE01307,test,variant_pack
TE01308,test,cross_brand_lookalike
TE01309,test,accessory_diff_host
TE01310,test,random_same_category
TE01311,test,cross_brand_lookalike
TE01312,test,same_sku
TE01313,test,variant_capacity
TE01314,test,variant_pack
TE01315,test,random_same_category
TE01316,test,cross_brand_lookalike
TE01317,test,variant_multi_attr
TE01318,test,variant_color
TE01319,test,random_same_category
TE01320,test,variant_capacity
TE01321,test,cross_brand_lookalike
TE01322,test,cross_brand_lookalike
TE01323,test,variant_multi_attr
TE01324,test,successor_model
TE01325,test,variant_capacity
TE01326,test,variant_capacity
TE01327,test,variant_capacity
TE01328,test,token_block_noise
TE01329,test,cross_brand_lookalike
TE01330,test,variant_multi_attr
TE01331,test,token_block_noise
TE01332,test,token_block_noise
TE01333,test,random_same_category
TE01334,test,variant_multi_attr
TE01335,test,variant_color
TE01336,test,variant_size
TE01337,test,accessory_diff_host
TE01338,test,variant_capacity
TE01339,test,cross_brand_lookalike
TE01340,test,variant_color
TE01341,test,token_block_noise
TE01342,test,token_block_noise
TE01343,test,random_same_category
TE01344,test,cross_brand_lookalike
TE01345,test,variant_pack
TE01346,test,same_sku
TE01347,test,accessory_vs_host
TE01348,test,token_block_noise
TE01349,test,variant_multi_attr
TE01350,test,variant_multi_attr
TE01351,test,variant_capacity
TE01352,test,variant_color
TE01353,test,variant_pack
TE01354,test,variant_color
TE01355,test,cross_brand_lookalike
TE01356,test,same_sku
TE01357,test,variant_color
TE01358,test,accessory_vs_host
TE01359,test,token_block_noise
TE01360,test,token_block_noise
TE01361,test,variant_color
TE01362,test,token_block_noise
TE01363,test,variant_size
TE01364,test,random_same_category
TE01365,test,accessory_vs_host
TE01366,test,token_block_noise
TE01367,test,token_block_noise
TE01368,test,variant_capacity
TE01369,test,same_sku
TE01370,test,accessory_vs_host
TE01371,test,random_same_category
TE01372,test,same_sku
TE01373,test,token_block_noise
TE01374,test,variant_pack
TE01375,test,cross_brand_lookalike
TE01376,test,variant_multi_attr
TE01377,test,variant_color
TE01378,test,same_sku
TE01379,test,random_same_category
TE01380,test,token_block_noise
TE01381,test,token_block_noise
TE01382,test,token_block_noise
TE01383,test,accessory_vs_host
TE01384,test,variant_capacity
TE01385,test,same_sku
TE01386,test,accessory_vs_host
TE01387,test,token_block_noise
TE01388,test,cross_brand_lookalike
TE01389,test,same_sku
TE01390,test,cross_brand_lookalike
TE01391,test,cross_brand_lookalike
TE01392,test,variant_multi_attr
TE01393,test,variant_capacity
TE01394,test,token_block_noise
TE01395,test,random_same_category
TE01396,test,variant_color
TE01397,test,variant_capacity
TE01398,test,successor_model
TE01399,test,variant_pack
TE01400,test,cross_brand_lookalike
TE01401,test,cross_brand_lookalike
TE01402,test,token_block_noise
TE01403,test,same_sku
TE01404,test,token_block_noise
TE01405,test,accessory_vs_host
TE01406,test,variant_multi_attr
TE01407,test,variant_capacity
TE01408,test,successor_model
TE01409,test,cross_brand_lookalike
TE01410,test,variant_pack
TE01411,test,variant_size
TE01412,test,variant_capacity
TE01413,test,variant_color
TE01414,test,variant_capacity
TE01415,test,same_sku
TE01416,test,accessory_diff_host
TE01417,test,cross_brand_lookalike
TE01418,test,token_block_noise
TE01419,test,variant_color
TE01420,test,variant_color
TE01421,test,same_sku
TE01422,test,cross_brand_lookalike
TE01423,test,token_block_noise
TE01424,test,variant_color
TE01425,test,same_sku
TE01426,test,token_block_noise
TE01427,test,same_sku
TE01428,test,token_block_noise
TE01429,test,token_block_noise
TE01430,test,variant_color
TE01431,test,variant_size
TE01432,test,same_sku
TE01433,test,variant_color
TE01434,test,successor_model
TE01435,test,cross_brand_lookalike
TE01436,test,same_sku
TE01437,test,token_block_noise
TE01438,test,successor_model
TE01439,test,variant_capacity
TE01440,test,variant_color
TE01441,test,variant_color
TE01442,test,token_block_noise
TE01443,test,random_same_category
TE01444,test,accessory_vs_host
TE01445,test,variant_size
TE01446,test,token_block_noise
TE01447,test,variant_color
TE01448,test,variant_pack
TE01449,test,variant_color
TE01450,test,cross_brand_lookalike
TE01451,test,variant_pack
TE01452,test,variant_color
TE01453,test,same_sku
TE01454,test,variant_color
TE01455,test,variant_size
TE01456,test,variant_multi_attr
TE01457,test,variant_multi_attr
TE01458,test,same_sku
TE01459,test,same_sku
TE01460,test,cross_brand_lookalike
TE01461,test,token_block_noise
TE01462,test,variant_capacity
TE01463,test,accessory_diff_host
TE01464,test,variant_color
TE01465,test,token_block_noise
TE01466,test,successor_model
TE01467,test,accessory_vs_host
TE01468,test,token_block_noise
TE01469,test,token_block_noise
TE01470,test,token_block_noise
TE01471,test,variant_multi_attr
TE01472,test,variant_color
TE01473,test,token_block_noise
TE01474,test,successor_model
TE01475,test,token_block_noise
TE01476,test,accessory_diff_host
TE01477,test,variant_color
TE01478,test,variant_multi_attr
TE01479,test,token_block_noise
TE01480,test,variant_capacity
TE01481,test,cross_brand_lookalike
TE01482,test,variant_capacity
TE01483,test,same_sku
TE01484,test,cross_brand_lookalike
TE01485,test,variant_multi_attr
TE01486,test,accessory_vs_host
TE01487,test,token_block_noise
TE01488,test,same_sku
TE01489,test,variant_multi_attr
TE01490,test,cross_brand_lookalike
TE01491,test,token_block_noise
TE01492,test,variant_size
TE01493,test,same_sku
TE01494,test,accessory_vs_host
TE01495,test,token_block_noise
TE01496,test,variant_color
TE01497,test,same_sku
TE01498,test,variant_size
TE01499,test,token_block_noise
TE01500,test,random_same_category
TE01501,test,variant_multi_attr
TE01502,test,variant_color
TE01503,test,variant_color
TE01504,test,cross_brand_lookalike
TE01505,test,variant_pack
TE01506,test,token_block_noise
TE01507,test,token_block_noise
TE01508,test,same_sku
TE01509,test,variant_size
TE01510,test,same_sku
TE01511,test,cross_brand_lookalike
TE01512,test,variant_multi_attr
TE01513,test,variant_capacity
TE01514,test,accessory_vs_host
TE01515,test,same_sku
TE01516,test,accessory_vs_host
TE01517,test,variant_capacity
TE01518,test,variant_multi_attr
TE01519,test,random_same_category
TE01520,test,variant_size
TE01521,test,cross_brand_lookalike
TE01522,test,cross_brand_lookalike
TE01523,test,variant_color
TE01524,test,variant_size
TE01525,test,token_block_noise
TE01526,test,cross_brand_lookalike
TE01527,test,same_sku
TE01528,test,accessory_vs_host
TE01529,test,variant_capacity
TE01530,test,variant_capacity
TE01531,test,token_block_noise
TE01532,test,accessory_vs_host
TE01533,test,variant_size
TE01534,test,same_sku
TE01535,test,cross_brand_lookalike
TE01536,test,token_block_noise
TE01537,test,random_same_category
TE01538,test,cross_brand_lookalike
TE01539,test,random_same_category
TE01540,test,variant_capacity
TE01541,test,variant_pack
TE01542,test,variant_color
TE01543,test,variant_color
TE01544,test,variant_capacity
TE01545,test,variant_color
TE01546,test,variant_multi_attr
TE01547,test,cross_brand_lookalike
TE01548,test,variant_capacity
TE01549,test,successor_model
TE01550,test,token_block_noise
TE01551,test,cross_brand_lookalike
TE01552,test,accessory_vs_host
TE01553,test,accessory_vs_host
TE01554,test,cross_brand_lookalike
TE01555,test,same_sku
TE01556,test,token_block_noise
TE01557,test,variant_color
TE01558,test,cross_brand_lookalike
TE01559,test,variant_multi_attr
TE01560,test,variant_capacity
TE01561,test,variant_multi_attr
TE01562,test,variant_size
TE01563,test,variant_color
TE01564,test,variant_color
TE01565,test,variant_multi_attr
TE01566,test,variant_multi_attr
TE01567,test,variant_multi_attr
TE01568,test,cross_brand_lookalike
TE01569,test,random_same_category
TE01570,test,cross_brand_lookalike
TE01571,test,variant_multi_attr
TE01572,test,cross_brand_lookalike
TE01573,test,token_block_noise
TE01574,test,cross_brand_lookalike
TE01575,test,variant_multi_attr
TE01576,test,accessory_vs_host
TE01577,test,accessory_diff_host
TE01578,test,cross_brand_lookalike
TE01579,test,successor_model
TE01580,test,variant_capacity
TE01581,test,random_same_category
TE01582,test,accessory_diff_host
TE01583,test,same_sku
TE01584,test,variant_multi_attr
TE01585,test,cross_brand_lookalike
TE01586,test,cross_brand_lookalike
TE01587,test,cross_brand_lookalike
TE01588,test,variant_multi_attr
TE01589,test,token_block_noise
TE01590,test,variant_multi_attr
TE01591,test,variant_color
TE01592,test,accessory_vs_host
TE01593,test,token_block_noise
TE01594,test,successor_model
TE01595,test,same_sku
TE01596,test,variant_color
TE01597,test,accessory_diff_host
TE01598,test,random_same_category
TE01599,test,cross_brand_lookalike
TE01600,test,accessory_vs_host
TE01601,test,cross_brand_lookalike
TE01602,test,variant_color
TE01603,test,random_same_category
TE01604,test,successor_model
TE01605,test,variant_pack
TE01606,test,same_sku
TE01607,test,random_same_category
TE01608,test,random_same_category
TE01609,test,variant_color
TE01610,test,variant_color
TE01611,test,cross_brand_lookalike
TE01612,test,variant_capacity
TE01613,test,variant_pack
TE01614,test,cross_brand_lookalike
TE01615,test,variant_color
TE01616,test,successor_model
TE01617,test,token_block_noise
TE01618,test,cross_brand_lookalike
TE01619,test,random_same_category
TE01620,test,variant_size
TE01621,test,cross_brand_lookalike
TE01622,test,cross_brand_lookalike
TE01623,test,variant_color
TE01624,test,accessory_vs_host
TE01625,test,token_block_noise
TE01626,test,same_sku
TE01627,test,same_sku
TE01628,test,variant_capacity
TE01629,test,accessory_vs_host
TE01630,test,variant_color
TE01631,test,random_same_category
TE01632,test,variant_capacity
TE01633,test,accessory_vs_host
TE01634,test,same_sku
TE01635,test,accessory_vs_host
TE01636,test,accessory_diff_host
TE01637,test,variant_multi_attr
TE01638,test,variant_capacity
TE01639,test,variant_color
TE01640,test,variant_capacity
TE01641,test,same_sku
TE01642,test,successor_model
TE01643,test,variant_color
TE01644,test,variant_capacity
TE01645,test,token_block_noise
TE01646,test,token_block_noise
TE01647,test,variant_multi_attr
TE01648,test,variant_color
TE01649,test,successor_model
TE01650,test,token_block_noise
TE01651,test,accessory_vs_host
TE01652,test,variant_size
TE01653,test,variant_multi_attr
TE01654,test,variant_color
TE01655,test,variant_capacity
TE01656,test,token_block_noise
TE01657,test,token_block_noise
TE01658,test,variant_color
TE01659,test,same_sku
TE01660,test,variant_multi_attr
TE01661,test,variant_pack
TE01662,test,variant_multi_attr
TE01663,test,accessory_vs_host
TE01664,test,variant_color
TE01665,test,same_sku
TE01666,test,accessory_vs_host
TE01667,test,cross_brand_lookalike
TE01668,test,cross_brand_lookalike
TE01669,test,cross_brand_lookalike
TE01670,test,variant_color
TE01671,test,accessory_vs_host
TE01672,test,random_same_category
TE01673,test,same_sku
TE01674,test,variant_pack
TE01675,test,token_block_noise
TE01676,test,random_same_category
TE01677,test,token_block_noise
TE01678,test,same_sku
TE01679,test,token_block_noise
TE01680,test,variant_color
TE01681,test,token_block_noise
TE01682,test,same_sku
TE01683,test,random_same_category
TE01684,test,variant_pack
TE01685,test,cross_brand_lookalike
TE01686,test,cross_brand_lookalike
TE01687,test,token_block_noise
TE01688,test,random_same_category
TE01689,test,variant_size
TE01690,test,accessory_vs_host
TE01691,test,cross_brand_lookalike
TE01692,test,cross_brand_lookalike
TE01693,test,token_block_noise
TE01694,test,cross_brand_lookalike
TE01695,test,variant_color
TE01696,test,accessory_diff_host
TE01697,test,same_sku
TE01698,test,variant_multi_attr
TE01699,test,cross_brand_lookalike
TE01700,test,variant_color
TE01701,test,variant_size
TE01702,test,cross_brand_lookalike
TE01703,test,cross_brand_lookalike
TE01704,test,variant_multi_attr
TE01705,test,cross_brand_lookalike
TE01706,test,variant_color
TE01707,test,variant_color
TE01708,test,variant_size
TE01709,test,accessory_diff_host
TE01710,test,cross_brand_lookalike
TE01711,test,random_same_category
TE01712,test,cross_brand_lookalike
TE01713,test,same_sku
TE01714,test,token_block_noise
TE01715,test,cross_brand_lookalike
TE01716,test,token_block_noise
TE01717,test,variant_capacity
TE01718,test,variant_multi_attr
TE01719,test,cross_brand_lookalike
TE01720,test,variant_multi_attr
TE01721,test,successor_model
TE01722,test,variant_capacity
TE01723,test,cross_brand_lookalike
TE01724,test,random_same_category
TE01725,test,same_sku
TE01726,test,variant_multi_attr
TE01727,test,variant_size
TE01728,test,variant_color
TE01729,test,successor_model
TE01730,test,variant_color
TE01731,test,token_block_noise
TE01732,test,cross_brand_lookalike
TE01733,test,variant_multi_attr
TE01734,test,variant_pack
TE01735,test,successor_model
TE01736,test,accessory_vs_host
TE01737,test,successor_model
TE01738,test,successor_model
TE01739,test,random_same_category
TE01740,test,cross_brand_lookalike
TE01741,test,variant_color
TE01742,test,same_sku
TE01743,test,variant_color
TE01744,test,random_same_category
TE01745,test,token_block_noise
TE01746,test,accessory_vs_host
TE01747,test,variant_multi_attr
TE01748,test,accessory_diff_host
TE01749,test,successor_model
TE01750,test,accessory_vs_host
TE01751,test,random_same_category
TE01752,test,variant_size
TE01753,test,variant_color
TE01754,test,variant_multi_attr
TE01755,test,variant_multi_attr
TE01756,test,variant_multi_attr
TE01757,test,variant_multi_attr
TE01758,test,successor_model
TE01759,test,same_sku
TE01760,test,accessory_vs_host
TE01761,test,accessory_vs_host
TE01762,test,variant_capacity
TE01763,test,same_sku
TE01764,test,cross_brand_lookalike
TE01765,test,variant_pack
TE01766,test,variant_pack
TE01767,test,cross_brand_lookalike
TE01768,test,accessory_vs_host
TE01769,test,cross_brand_lookalike
TE01770,test,token_block_noise
TE01771,test,accessory_vs_host
TE01772,test,cross_brand_lookalike
TE01773,test,variant_size
TE01774,test,token_block_noise
TE01775,test,same_sku
TE01776,test,token_block_noise
TE01777,test,cross_brand_lookalike
TE01778,test,random_same_category
TE01779,test,token_block_noise
TE01780,test,variant_capacity
TE01781,test,cross_brand_lookalike
TE01782,test,random_same_category
TE01783,test,variant_multi_attr
TE01784,test,successor_model
TE01785,test,cross_brand_lookalike
TE01786,test,token_block_noise
TE01787,test,cross_brand_lookalike
TE01788,test,random_same_category
TE01789,test,same_sku
TE01790,test,token_block_noise
TE01791,test,token_block_noise
TE01792,test,variant_multi_attr
TE01793,test,cross_brand_lookalike
TE01794,test,variant_color
TE01795,test,variant_multi_attr
TE01796,test,cross_brand_lookalike
TE01797,test,same_sku
TE01798,test,token_block_noise
TE01799,test,accessory_vs_host
TE01800,test,token_block_noise
TE01801,test,same_sku
TE01802,test,cross_brand_lookalike
TE01803,test,variant_pack
TE01804,test,variant_multi_attr
TE01805,test,variant_size
TE01806,test,same_sku
TE01807,test,accessory_diff_host
TE01808,test,successor_model
TE01809,test,cross_brand_lookalike
TE01810,test,accessory_vs_host
TE01811,test,variant_multi_attr
TE01812,test,cross_brand_lookalike
TE01813,test,random_same_category
TE01814,test,same_sku
TE01815,test,accessory_vs_host
TE01816,test,same_sku
TE01817,test,variant_color
TE01818,test,accessory_diff_host
TE01819,test,random_same_category
TE01820,test,variant_pack
TE01821,test,accessory_vs_host
TE01822,test,same_sku
TE01823,test,same_sku
TE01824,test,token_block_noise
TE01825,test,token_block_noise
TE01826,test,variant_color
TE01827,test,cross_brand_lookalike
TE01828,test,variant_pack
TE01829,test,variant_color
TE01830,test,cross_brand_lookalike
TE01831,test,variant_size
TE01832,test,random_same_category
TE01833,test,variant_color
TE01834,test,cross_brand_lookalike
TE01835,test,token_block_noise
TE01836,test,token_block_noise
TE01837,test,variant_capacity
TE01838,test,token_block_noise
TE01839,test,token_block_noise
TE01840,test,random_same_category
TE01841,test,random_same_category
TE01842,test,random_same_category
TE01843,test,same_sku
TE01844,test,variant_color
TE01845,test,cross_brand_lookalike
TE01846,test,variant_multi_attr
TE01847,test,token_block_noise
TE01848,test,same_sku
TE01849,test,same_sku
TE01850,test,same_sku
TE01851,test,accessory_vs_host
TE01852,test,variant_color
TE01853,test,random_same_category
TE01854,test,token_block_noise
TE01855,test,random_same_category
TE01856,test,variant_multi_attr
TE01857,test,cross_brand_lookalike
TE01858,test,same_sku
TE01859,test,variant_multi_attr
TE01860,test,accessory_diff_host
TE01861,test,variant_multi_attr
TE01862,test,same_sku
TE01863,test,variant_color
TE01864,test,accessory_vs_host
TE01865,test,variant_pack
TE01866,test,variant_color
TE01867,test,cross_brand_lookalike
TE01868,test,token_block_noise
TE01869,test,accessory_vs_host
TE01870,test,same_sku
TE01871,test,same_sku
TE01872,test,token_block_noise
TE01873,test,same_sku
TE01874,test,same_sku
TE01875,test,accessory_diff_host
TE01876,test,cross_brand_lookalike
TE01877,test,variant_size
TE01878,test,accessory_diff_host
TE01879,test,cross_brand_lookalike
TE01880,test,token_block_noise
TE01881,test,cross_brand_lookalike
TE01882,test,random_same_category
TE01883,test,accessory_vs_host
TE01884,test,variant_color
TE01885,test,random_same_category
TE01886,test,same_sku
TE01887,test,cross_brand_lookalike
TE01888,test,cross_brand_lookalike
TE01889,test,accessory_diff_host
TE01890,test,variant_color
TE01891,test,token_block_noise
TE01892,test,token_block_noise
TE01893,test,successor_model
TE01894,test,variant_color
TE01895,test,variant_color
TE01896,test,variant_size
TE01897,test,cross_brand_lookalike
TE01898,test,variant_color
TE01899,test,variant_capacity
TE01900,test,cross_brand_lookalike
TE01901,test,random_same_category
TE01902,test,variant_color
TE01903,test,cross_brand_lookalike
TE01904,test,variant_color
TE01905,test,random_same_category
TE01906,test,random_same_category
TE01907,test,token_block_noise
TE01908,test,token_block_noise
TE01909,test,accessory_vs_host
TE01910,test,variant_capacity
TE01911,test,random_same_category
TE01912,test,variant_capacity
TE01913,test,token_block_noise
TE01914,test,token_block_noise
TE01915,test,variant_capacity
TE01916,test,same_sku
TE01917,test,cross_brand_lookalike
TE01918,test,token_block_noise
TE01919,test,variant_multi_attr
TE01920,test,cross_brand_lookalike
TE01921,test,successor_model
TE01922,test,token_block_noise
TE01923,test,variant_multi_attr
TE01924,test,accessory_vs_host
TE01925,test,accessory_vs_host
TE01926,test,token_block_noise
TE01927,test,token_block_noise
TE01928,test,same_sku
TE01929,test,accessory_vs_host
TE01930,test,variant_pack
TE01931,test,variant_color
TE01932,test,cross_brand_lookalike
TE01933,test,cross_brand_lookalike
TE01934,test,variant_color
TE01935,test,token_block_noise
TE01936,test,random_same_category
TE01937,test,variant_size
TE01938,test,random_same_category
TE01939,test,cross_brand_lookalike
TE01940,test,random_same_category
TE01941,test,variant_capacity
TE01942,test,cross_brand_lookalike
TE01943,test,cross_brand_lookalike
TE01944,test,variant_multi_attr
TE01945,test,variant_multi_attr
TE01946,test,variant_multi_attr
TE01947,test,variant_size
TE01948,test,variant_multi_attr
TE01949,test,variant_pack
TE01950,test,token_block_noise
TE01951,test,variant_color
TE01952,test,token_block_noise
TE01953,test,variant_multi_attr
TE01954,test,token_block_noise
TE01955,test,random_same_category
TE01956,test,accessory_vs_host
TE01957,test,variant_capacity
TE01958,test,cross_brand_lookalike
TE01959,test,variant_size
TE01960,test,random_same_category
TE01961,test,token_block_noise
TE01962,test,variant_size
TE01963,test,cross_brand_lookalike
TE01964,test,accessory_vs_host
TE01965,test,variant_color
TE01966,test,variant_multi_attr
TE01967,test,same_sku
TE01968,test,variant_multi_attr
TE01969,test,cross_brand_lookalike
TE01970,test,variant_color
TE01971,test,token_block_noise
TE01972,test,accessory_vs_host
TE01973,test,token_block_noise
TE01974,test,variant_capacity
TE01975,test,cross_brand_lookalike
TE01976,test,variant_color
TE01977,test,cross_brand_lookalike
TE01978,test,token_block_noise
TE01979,test,token_block_noise
TE01980,test,cross_brand_lookalike
TE01981,test,variant_color
TE01982,test,variant_color
TE01983,test,cross_brand_lookalike
TE01984,test,cross_brand_lookalike
TE01985,test,variant_pack
TE01986,test,cross_brand_lookalike
TE01987,test,variant_color
TE01988,test,token_block_noise
TE01989,test,cross_brand_lookalike
TE01990,test,variant_color
TE01991,test,variant_multi_attr
TE01992,test,token_block_noise
TE01993,test,accessory_vs_host
TE01994,test,same_sku
TE01995,test,token_block_noise
TE01996,test,random_same_category
TE01997,test,token_block_noise
TE01998,test,accessory_vs_host
TE01999,test,same_sku
TE02000,test,token_block_noise
TE02001,test,variant_color
TE02002,test,random_same_category
TE02003,test,cross_brand_lookalike
TE02004,test,random_same_category
TE02005,test,same_sku
TE02006,test,successor_model
TE02007,test,token_block_noise
TE02008,test,cross_brand_lookalike
TE02009,test,cross_brand_lookalike
TE02010,test,variant_color
TE02011,test,variant_capacity
TE02012,test,accessory_diff_host
TE02013,test,cross_brand_lookalike
TE02014,test,variant_pack
TE02015,test,accessory_vs_host
TE02016,test,variant_capacity
TE02017,test,variant_color
TE02018,test,random_same_category
TE02019,test,variant_multi_attr
TE02020,test,variant_capacity
TE02021,test,variant_color
TE02022,test,token_block_noise
TE02023,test,random_same_category
TE02024,test,same_sku
TE02025,test,accessory_vs_host
TE02026,test,token_block_noise
TE02027,test,cross_brand_lookalike
TE02028,test,variant_capacity
TE02029,test,token_block_noise
TE02030,test,variant_multi_attr
TE02031,test,token_block_noise
TE02032,test,token_block_noise
TE02033,test,variant_color
TE02034,test,variant_capacity
TE02035,test,token_block_noise
TE02036,test,token_block_noise
TE02037,test,variant_pack
TE02038,test,cross_brand_lookalike
TE02039,test,variant_multi_attr
TE02040,test,random_same_category
TE02041,test,accessory_vs_host
TE02042,test,same_sku
TE02043,test,accessory_vs_host
TE02044,test,same_sku
TE02045,test,variant_multi_attr
TE02046,test,variant_capacity
TE02047,test,random_same_category
TE02048,test,same_sku
TE02049,test,variant_multi_attr
TE02050,test,variant_multi_attr
TE02051,test,token_block_noise
TE02052,test,token_block_noise
TE02053,test,same_sku
TE02054,test,successor_model
TE02055,test,cross_brand_lookalike
TE02056,test,variant_pack
TE02057,test,cross_brand_lookalike
TE02058,test,variant_multi_attr
TE02059,test,variant_pack
TE02060,test,token_block_noise
TE02061,test,variant_capacity
TE02062,test,variant_capacity
TE02063,test,variant_multi_attr
TE02064,test,variant_color
TE02065,test,variant_color
TE02066,test,accessory_vs_host
TE02067,test,accessory_vs_host
TE02068,test,cross_brand_lookalike
TE02069,test,same_sku
TE02070,test,variant_capacity
TE02071,test,token_block_noise
TE02072,test,accessory_diff_host
TE02073,test,cross_brand_lookalike
TE02074,test,cross_brand_lookalike
TE02075,test,cross_brand_lookalike
TE02076,test,token_block_noise
TE02077,test,random_same_category
TE02078,test,token_block_noise
TE02079,test,variant_multi_attr
TE02080,test,cross_brand_lookalike
TE02081,test,variant_capacity
TE02082,test,same_sku
TE02083,test,same_sku
TE02084,test,random_same_category
TE02085,test,variant_multi_attr
TE02086,test,same_sku
TE02087,test,successor_model
TE02088,test,token_block_noise
TE02089,test,variant_pack
TE02090,test,variant_size
TE02091,test,cross_brand_lookalike
TE02092,test,variant_color
TE02093,test,variant_capacity
TE02094,test,random_same_category
TE02095,test,variant_color
TE02096,test,variant_capacity
TE02097,test,random_same_category
TE02098,test,variant_multi_attr
TE02099,test,random_same_category
TE02100,test,cross_brand_lookalike
TE02101,test,token_block_noise
TE02102,test,cross_brand_lookalike
TE02103,test,random_same_category
TE02104,test,same_sku
TE02105,test,token_block_noise
TE02106,test,random_same_category
TE02107,test,variant_color
TE02108,test,cross_brand_lookalike
TE02109,test,variant_capacity
TE02110,test,variant_capacity
TE02111,test,accessory_vs_host
TE02112,test,random_same_category
TE02113,test,token_block_noise
TE02114,test,token_block_noise
TE02115,test,successor_model
TE02116,test,cross_brand_lookalike
TE02117,test,random_same_category
TE02118,test,accessory_vs_host
TE02119,test,random_same_category
TE02120,test,cross_brand_lookalike
TE02121,test,variant_capacity
TE02122,test,variant_pack
TE02123,test,same_sku
TE02124,test,accessory_vs_host
TE02125,test,cross_brand_lookalike
TE02126,test,same_sku
TE02127,test,token_block_noise
TE02128,test,accessory_diff_host
TE02129,test,variant_size
TE02130,test,cross_brand_lookalike
TE02131,test,random_same_category
TE02132,test,same_sku
TE02133,test,cross_brand_lookalike
TE02134,test,variant_multi_attr
TE02135,test,accessory_vs_host
TE02136,test,random_same_category
TE02137,test,variant_color
TE02138,test,cross_brand_lookalike
TE02139,test,random_same_category
TE02140,test,variant_capacity
TE02141,test,random_same_category
TE02142,test,token_block_noise
TE02143,test,accessory_diff_host
TE02144,test,variant_multi_attr
TE02145,test,cross_brand_lookalike
TE02146,test,cross_brand_lookalike
TE02147,test,variant_multi_attr
TE02148,test,token_block_noise
TE02149,test,accessory_vs_host
TE02150,test,token_block_noise
TE02151,test,token_block_noise
TE02152,test,accessory_diff_host
TE02153,test,token_block_noise
TE02154,test,token_block_noise
TE02155,test,variant_color
TE02156,test,variant_capacity
TE02157,test,successor_model
TE02158,test,token_block_noise
TE02159,test,accessory_diff_host
TE02160,test,variant_multi_attr
TE02161,test,token_block_noise
TE02162,test,cross_brand_lookalike
TE02163,test,accessory_vs_host
TE02164,test,variant_capacity
TE02165,test,accessory_vs_host
TE02166,test,token_block_noise
TE02167,test,variant_capacity
TE02168,test,token_block_noise
TE02169,test,variant_pack
TE02170,test,cross_brand_lookalike
TE02171,test,variant_multi_attr
TE02172,test,accessory_vs_host
TE02173,test,variant_color
TE02174,test,same_sku
TE02175,test,same_sku
TE02176,test,same_sku
TE02177,test,variant_color
TE02178,test,cross_brand_lookalike
TE02179,test,cross_brand_lookalike
TE02180,test,random_same_category
TE02181,test,token_block_noise
TE02182,test,variant_capacity
TE02183,test,variant_color
TE02184,test,same_sku
TE02185,test,variant_capacity
TE02186,test,variant_size
TE02187,test,accessory_diff_host
TE02188,test,accessory_vs_host
TE02189,test,variant_color
TE02190,test,cross_brand_lookalike
TE02191,test,variant_color
TE02192,test,variant_capacity
TE02193,test,cross_brand_lookalike
TE02194,test,token_block_noise
TE02195,test,variant_multi_attr
TE02196,test,cross_brand_lookalike
TE02197,test,variant_multi_attr
TE02198,test,variant_color
TE02199,test,same_sku
TE02200,test,cross_brand_lookalike
TE02201,test,variant_size
TE02202,test,variant_color
TE02203,test,random_same_category
TE02204,test,cross_brand_lookalike
TE02205,test,cross_brand_lookalike
TE02206,test,token_block_noise
TE02207,test,random_same_category
TE02208,test,variant_multi_attr
TE02209,test,same_sku
TE02210,test,token_block_noise
TE02211,test,token_block_noise
TE02212,test,same_sku
TE02213,test,variant_capacity
TE02214,test,token_block_noise
TE02215,test,cross_brand_lookalike
TE02216,test,token_block_noise
TE02217,test,token_block_noise
TE02218,test,same_sku
TE02219,test,variant_multi_attr
TE02220,test,variant_size
TE02221,test,variant_color
TE02222,test,random_same_category
TE02223,test,variant_color
TE02224,test,variant_multi_attr
TE02225,test,variant_size
TE02226,test,same_sku
TE02227,test,token_block_noise
TE02228,test,variant_size
TE02229,test,accessory_diff_host
TE02230,test,variant_pack
TE02231,test,same_sku
TE02232,test,variant_color
TE02233,test,token_block_noise
TE02234,test,token_block_noise
TE02235,test,accessory_vs_host
TE02236,test,same_sku
TE02237,test,variant_color
TE02238,test,successor_model
TE02239,test,random_same_category
TE02240,test,accessory_diff_host
TE02241,test,variant_multi_attr
TE02242,test,random_same_category
TE02243,test,cross_brand_lookalike
TE02244,test,token_block_noise
TE02245,test,random_same_category
TE02246,test,token_block_noise
TE02247,test,token_block_noise
TE02248,test,variant_color
TE02249,test,variant_size
TE02250,test,cross_brand_lookalike
TE02251,test,accessory_vs_host
TE02252,test,variant_multi_attr
TE02253,test,variant_multi_attr
TE02254,test,accessory_vs_host
TE02255,test,random_same_category
TE02256,test,variant_capacity
TE02257,test,successor_model
TE02258,test,random_same_category
TE02259,test,successor_model
TE02260,test,random_same_category
TE02261,test,same_sku
TE02262,test,variant_color
TE02263,test,token_block_noise
TE02264,test,token_block_noise
TE02265,test,successor_model
TE02266,test,variant_capacity
TE02267,test,variant_size
TE02268,test,variant_size
TE02269,test,random_same_category
TE02270,test,accessory_vs_host
TE02271,test,accessory_diff_host
TE02272,test,token_block_noise
TE02273,test,cross_brand_lookalike
TE02274,test,accessory_diff_host
TE02275,test,variant_capacity
TE02276,test,variant_multi_attr
TE02277,test,token_block_noise
TE02278,test,accessory_vs_host
TE02279,test,random_same_category
TE02280,test,random_same_category
TE02281,test,variant_capacity
TE02282,test,variant_multi_attr
TE02283,test,random_same_category
TE02284,test,variant_color
TE02285,test,same_sku
TE02286,test,variant_color
TE02287,test,token_block_noise
TE02288,test,token_block_noise
TE02289,test,same_sku
TE02290,test,token_block_noise
TE02291,test,same_sku
TE02292,test,token_block_noise
TE02293,test,variant_color
TE02294,test,variant_capacity
TE02295,test,random_same_category
TE02296,test,variant_size
TE02297,test,variant_color
TE02298,test,accessory_vs_host
TE02299,test,successor_model
TE02300,test,accessory_diff_host
TE02301,test,variant_pack
TE02302,test,accessory_diff_host
TE02303,test,variant_color
TE02304,test,same_sku
TE02305,test,variant_pack
TE02306,test,token_block_noise
TE02307,test,same_sku
TE02308,test,accessory_vs_host
TE02309,test,accessory_diff_host
TE02310,test,variant_color
TE02311,test,variant_color
TE02312,test,accessory_vs_host
TE02313,test,cross_brand_lookalike
TE02314,test,accessory_diff_host
TE02315,test,token_block_noise
TE02316,test,variant_size
TE02317,test,variant_color
TE02318,test,token_block_noise
TE02319,test,token_block_noise
TE02320,test,random_same_category
TE02321,test,random_same_category
TE02322,test,accessory_vs_host
TE02323,test,same_sku
TE02324,test,variant_color
TE02325,test,random_same_category
TE02326,test,variant_multi_attr
TE02327,test,variant_color
TE02328,test,accessory_vs_host
TE02329,test,variant_size
TE02330,test,token_block_noise
TE02331,test,random_same_category
TE02332,test,cross_brand_lookalike
TE02333,test,variant_color
TE02334,test,accessory_diff_host
TE02335,test,variant_multi_attr
TE02336,test,accessory_diff_host
TE02337,test,variant_capacity
TE02338,test,variant_color
TE02339,test,same_sku
TE02340,test,variant_pack
TE02341,test,accessory_diff_host
TE02342,test,token_block_noise
TE02343,test,token_block_noise
TE02344,test,variant_color
TE02345,test,successor_model
TE02346,test,successor_model
TE02347,test,variant_multi_attr
TE02348,test,same_sku
TE02349,test,cross_brand_lookalike
TE02350,test,variant_size
TE02351,test,random_same_category
TE02352,test,token_block_noise
TE02353,test,cross_brand_lookalike
TE02354,test,variant_color
TE02355,test,variant_size
TE02356,test,token_block_noise
TE02357,test,variant_pack
TE02358,test,variant_capacity
TE02359,test,cross_brand_lookalike
TE02360,test,token_block_noise
TE02361,test,random_same_category
TE02362,test,same_sku
TE02363,test,same_sku
TE02364,test,variant_multi_attr
TE02365,test,accessory_vs_host
TE02366,test,cross_brand_lookalike
TE02367,test,token_block_noise
TE02368,test,token_block_noise
TE02369,test,variant_capacity
TE02370,test,token_block_noise
TE02371,test,variant_color
TE02372,test,variant_multi_attr
TE02373,test,same_sku
TE02374,test,variant_pack
TE02375,test,same_sku
TE02376,test,cross_brand_lookalike
TE02377,test,token_block_noise
TE02378,test,variant_capacity
TE02379,test,same_sku
TE02380,test,random_same_category
TE02381,test,variant_color
TE02382,test,variant_multi_attr
TE02383,test,same_sku
TE02384,test,cross_brand_lookalike
TE02385,test,cross_brand_lookalike
TE02386,test,variant_multi_attr
TE02387,test,variant_multi_attr
TE02388,test,variant_multi_attr
TE02389,test,same_sku
TE02390,test,token_block_noise
TE02391,test,variant_multi_attr
TE02392,test,cross_brand_lookalike
TE02393,test,token_block_noise
TE02394,test,variant_color
TE02395,test,token_block_noise
TE02396,test,random_same_category
TE02397,test,variant_color
TE02398,test,accessory_diff_host
TE02399,test,cross_brand_lookalike
TE02400,test,variant_multi_attr
TE02401,test,variant_capacity
TE02402,test,variant_capacity
TE02403,test,same_sku
TE02404,test,cross_brand_lookalike
TE02405,test,accessory_vs_host
TE02406,test,cross_brand_lookalike
TE02407,test,variant_size
TE02408,test,cross_brand_lookalike
TE02409,test,variant_capacity
TE02410,test,variant_multi_attr
TE02411,test,variant_color
TE02412,test,same_sku
TE02413,test,variant_multi_attr
TE02414,test,variant_color
TE02415,test,cross_brand_lookalike
TE02416,test,token_block_noise
TE02417,test,variant_capacity
TE02418,test,accessory_diff_host
TE02419,test,same_sku
TE02420,test,successor_model
TE02421,test,variant_size
TE02422,test,same_sku
TE02423,test,successor_model
TE02424,test,accessory_diff_host
TE02425,test,successor_model
TE02426,test,variant_color
TE02427,test,same_sku
TE02428,test,accessory_vs_host
TE02429,test,variant_multi_attr
TE02430,test,random_same_category
TE02431,test,token_block_noise
TE02432,test,successor_model
TE02433,test,same_sku
TE02434,test,same_sku
TE02435,test,accessory_vs_host
TE02436,test,token_block_noise
TE02437,test,variant_color
TE02438,test,random_same_category
TE02439,test,variant_color
TE02440,test,token_block_noise
TE02441,test,variant_capacity
TE02442,test,cross_brand_lookalike
TE02443,test,variant_capacity
TE02444,test,random_same_category
TE02445,test,same_sku
TE02446,test,variant_capacity
TE02447,test,variant_color
TE02448,test,variant_multi_attr
TE02449,test,cross_brand_lookalike
TE02450,test,variant_multi_attr
TE02451,test,cross_brand_lookalike
TE02452,test,token_block_noise
TE02453,test,token_block_noise
TE02454,test,variant_multi_attr
TE02455,test,random_same_category
TE02456,test,variant_color
TE02457,test,token_block_noise
TE02458,test,token_block_noise
TE02459,test,variant_color
TE02460,test,variant_multi_attr
TE02461,test,token_block_noise
TE02462,test,same_sku
TE02463,test,random_same_category
TE02464,test,variant_color
TE02465,test,variant_capacity
TE02466,test,cross_brand_lookalike
TE02467,test,variant_multi_attr
TE02468,test,same_sku
TE02469,test,variant_color
TE02470,test,accessory_diff_host
TE02471,test,token_block_noise
TE02472,test,variant_capacity
TE02473,test,variant_multi_attr
TE02474,test,token_block_noise
TE02475,test,successor_model
TE02476,test,random_same_category
TE02477,test,variant_size
TE02478,test,variant_multi_attr
TE02479,test,variant_color
TE02480,test,variant_color
TE02481,test,random_same_category
TE02482,test,random_same_category
TE02483,test,token_block_noise
TE02484,test,variant_color
TE02485,test,accessory_vs_host
TE02486,test,random_same_category
TE02487,test,token_block_noise
TE02488,test,accessory_vs_host
TE02489,test,cross_brand_lookalike
TE02490,test,token_block_noise
TE02491,test,token_block_noise
TE02492,test,same_sku
TE02493,test,accessory_diff_host
TE02494,test,variant_color
TE02495,test,successor_model
TE02496,test,accessory_vs_host
TE02497,test,token_block_noise
TE02498,test,token_block_noise
TE02499,test,variant_capacity
TE02500,test,accessory_vs_host
TE02501,test,cross_brand_lookalike
TE02502,test,same_sku
TE02503,test,same_sku
TE02504,test,cross_brand_lookalike
TE02505,test,variant_capacity
TE02506,test,variant_multi_attr
TE02507,test,variant_multi_attr
TE02508,test,accessory_vs_host
TE02509,test,token_block_noise
TE02510,test,random_same_category
TE02511,test,accessory_vs_host
TE02512,test,variant_color
TE02513,test,token_block_noise
TE02514,test,variant_capacity
TE02515,test,token_block_noise
TE02516,test,same_sku
TE02517,test,cross_brand_lookalike
TE02518,test,same_sku
TE02519,test,accessory_vs_host
TE02520,test,variant_pack
TE02521,test,successor_model
TE02522,test,variant_capacity
TE02523,test,variant_size
TE02524,test,variant_color
TE02525,test,cross_brand_lookalike
TE02526,test,token_block_noise
TE02527,test,accessory_vs_host
TE02528,test,variant_size
TE02529,test,variant_color
TE02530,test,token_block_noise
TE02531,test,token_block_noise
TE02532,test,accessory_vs_host
TE02533,test,same_sku
TE02534,test,variant_size
TE02535,test,token_block_noise
TE02536,test,variant_multi_attr
TE02537,test,variant_color
TE02538,test,variant_color
TE02539,test,variant_color
TE02540,test,variant_color
TE02541,test,cross_brand_lookalike
TE02542,test,successor_model
TE02543,test,cross_brand_lookalike
TE02544,test,cross_brand_lookalike
TE02545,test,accessory_vs_host
TE02546,test,variant_capacity
TE02547,test,variant_capacity
TE02548,test,successor_model
TE02549,test,same_sku
TE02550,test,variant_color
TE02551,test,cross_brand_lookalike
TE02552,test,variant_multi_attr
TE02553,test,successor_model
TE02554,test,same_sku
TE02555,test,variant_color
TE02556,test,variant_capacity
TE02557,test,accessory_vs_host
TE02558,test,variant_color
TE02559,test,variant_color
TE02560,test,token_block_noise
TE02561,test,accessory_vs_host
TE02562,test,variant_color
TE02563,test,variant_color
TE02564,test,variant_multi_attr
TE02565,test,variant_color
TE02566,test,variant_pack
TE02567,test,variant_color
TE02568,test,same_sku
TE02569,test,same_sku
TE02570,test,token_block_noise
TE02571,test,variant_pack
TE02572,test,variant_color
TE02573,test,variant_capacity
TE02574,test,same_sku
TE02575,test,variant_color
TE02576,test,accessory_diff_host
TE02577,test,cross_brand_lookalike
TE02578,test,token_block_noise
TE02579,test,random_same_category
TE02580,test,cross_brand_lookalike
TE02581,test,accessory_diff_host
TE02582,test,cross_brand_lookalike
TE02583,test,variant_size
TE02584,test,variant_color
TE02585,test,variant_color
TE02586,test,cross_brand_lookalike
TE02587,test,accessory_diff_host
TE02588,test,variant_pack
TE02589,test,variant_multi_attr
TE02590,test,token_block_noise
TE02591,test,variant_color
TE02592,test,accessory_vs_host
TE02593,test,accessory_vs_host
TE02594,test,variant_capacity
TE02595,test,accessory_vs_host
TE02596,test,cross_brand_lookalike
TE02597,test,variant_multi_attr
TE02598,test,same_sku
TE02599,test,same_sku
TE02600,test,same_sku
TE02601,test,token_block_noise
TE02602,test,variant_capacity
TE02603,test,cross_brand_lookalike
TE02604,test,variant_pack
TE02605,test,accessory_diff_host
TE02606,test,same_sku
TE02607,test,variant_pack
TE02608,test,token_block_noise
TE02609,test,variant_multi_attr
TE02610,test,same_sku
TE02611,test,variant_color
TE02612,test,cross_brand_lookalike
TE02613,test,accessory_vs_host
TE02614,test,cross_brand_lookalike
TE02615,test,variant_color
TE02616,test,random_same_category
TE02617,test,variant_color
TE02618,test,random_same_category
TE02619,test,cross_brand_lookalike
TE02620,test,variant_capacity
TE02621,test,accessory_diff_host
TE02622,test,random_same_category
TE02623,test,cross_brand_lookalike
TE02624,test,variant_color
TE02625,test,cross_brand_lookalike
TE02626,test,cross_brand_lookalike
TE02627,test,cross_brand_lookalike
TE02628,test,successor_model
TE02629,test,accessory_vs_host
TE02630,test,variant_color
TE02631,test,variant_size
TE02632,test,variant_capacity
TE02633,test,cross_brand_lookalike
TE02634,test,variant_multi_attr
TE02635,test,variant_multi_attr
TE02636,test,token_block_noise
TE02637,test,variant_multi_attr
TE02638,test,random_same_category
TE02639,test,same_sku
TE02640,test,accessory_vs_host
TE02641,test,random_same_category
TE02642,test,token_block_noise
TE02643,test,cross_brand_lookalike
TE02644,test,variant_pack
TE02645,test,random_same_category
TE02646,test,same_sku
TE02647,test,variant_capacity
TE02648,test,token_block_noise
TE02649,test,accessory_vs_host
TE02650,test,same_sku
TE02651,test,variant_size
TE02652,test,variant_color
TE02653,test,random_same_category
TE02654,test,same_sku
TE02655,test,token_block_noise
TE02656,test,variant_multi_attr
TE02657,test,variant_color
TE02658,test,accessory_diff_host
TE02659,test,accessory_diff_host
TE02660,test,same_sku
TE02661,test,variant_color
TE02662,test,accessory_diff_host
TE02663,test,variant_capacity
TE02664,test,random_same_category
TE02665,test,same_sku
TE02666,test,cross_brand_lookalike
TE02667,test,random_same_category
TE02668,test,successor_model
TE02669,test,same_sku
TE02670,test,token_block_noise
TE02671,test,token_block_noise
TE02672,test,variant_color
TE02673,test,accessory_vs_host
TE02674,test,variant_multi_attr
TE02675,test,variant_multi_attr
TE02676,test,same_sku
TE02677,test,variant_capacity
TE02678,test,random_same_category
TE02679,test,accessory_diff_host
TE02680,test,successor_model
TE02681,test,successor_model
TE02682,test,accessory_vs_host
TE02683,test,token_block_noise
TE02684,test,variant_color
TE02685,test,random_same_category
TE02686,test,cross_brand_lookalike
TE02687,test,accessory_vs_host
TE02688,test,variant_color
TE02689,test,random_same_category
TE02690,test,same_sku
TE02691,test,variant_pack
TE02692,test,variant_capacity
TE02693,test,variant_capacity
TE02694,test,same_sku
TE02695,test,variant_capacity
TE02696,test,successor_model
TE02697,test,random_same_category
TE02698,test,token_block_noise
TE02699,test,variant_multi_attr
TE02700,test,variant_multi_attr
TE02701,test,variant_size
TE02702,test,random_same_category
TE02703,test,variant_color
TE02704,test,variant_color
TE02705,test,variant_multi_attr
TE02706,test,token_block_noise
TE02707,test,same_sku
TE02708,test,token_block_noise
TE02709,test,accessory_vs_host
TE02710,test,variant_capacity
TE02711,test,variant_pack
TE02712,test,accessory_vs_host
TE02713,test,variant_capacity
TE02714,test,random_same_category
TE02715,test,accessory_vs_host
TE02716,test,cross_brand_lookalike
TE02717,test,token_block_noise
TE02718,test,accessory_diff_host
TE02719,test,variant_capacity
TE02720,test,variant_size
TE02721,test,token_block_noise
TE02722,test,same_sku
TE02723,test,same_sku
TE02724,test,random_same_category
TE02725,test,token_block_noise
TE02726,test,same_sku
TE02727,test,same_sku
TE02728,test,variant_color
TE02729,test,successor_model
TE02730,test,same_sku
TE02731,test,cross_brand_lookalike
TE02732,test,variant_size
TE02733,test,same_sku
TE02734,test,cross_brand_lookalike
TE02735,test,variant_color
TE02736,test,variant_capacity
TE02737,test,cross_brand_lookalike
TE02738,test,variant_color
TE02739,test,token_block_noise
TE02740,test,accessory_vs_host
TE02741,test,cross_brand_lookalike
TE02742,test,variant_capacity
TE02743,test,token_block_noise
TE02744,test,variant_capacity
TE02745,test,successor_model
TE02746,test,same_sku
TE02747,test,variant_size
TE02748,test,variant_pack
TE02749,test,variant_color
TE02750,test,variant_color
TE02751,test,accessory_vs_host
TE02752,test,variant_color
TE02753,test,variant_capacity
TE02754,test,cross_brand_lookalike
TE02755,test,token_block_noise
TE02756,test,accessory_vs_host
TE02757,test,cross_brand_lookalike
TE02758,test,same_sku
TE02759,test,cross_brand_lookalike
TE02760,test,random_same_category
TE02761,test,token_block_noise
TE02762,test,token_block_noise
TE02763,test,token_block_noise
TE02764,test,token_block_noise
TE02765,test,token_block_noise
TE02766,test,same_sku
TE02767,test,accessory_diff_host
TE02768,test,cross_brand_lookalike
TE02769,test,variant_multi_attr
TE02770,test,same_sku
TE02771,test,variant_color
TE02772,test,variant_capacity
TE02773,test,variant_color
TE02774,test,token_block_noise
TE02775,test,random_same_category
TE02776,test,random_same_category
TE02777,test,variant_color
TE02778,test,variant_color
TE02779,test,variant_size
TE02780,test,variant_color
TE02781,test,variant_size
TE02782,test,variant_color
TE02783,test,variant_color
TE02784,test,token_block_noise
TE02785,test,same_sku
TE02786,test,accessory_vs_host
TE02787,test,variant_multi_attr
TE02788,test,random_same_category
TE02789,test,variant_pack
TE02790,test,variant_multi_attr
TE02791,test,accessory_vs_host
TE02792,test,token_block_noise
TE02793,test,cross_brand_lookalike
TE02794,test,variant_capacity
TE02795,test,variant_size
TE02796,test,cross_brand_lookalike
TE02797,test,cross_brand_lookalike
TE02798,test,variant_color
TE02799,test,same_sku
TE02800,test,accessory_vs_host
TE02801,test,same_sku
TE02802,test,variant_capacity
TE02803,test,successor_model
TE02804,test,variant_color
TE02805,test,variant_capacity
TE02806,test,cross_brand_lookalike
TE02807,test,variant_color
TE02808,test,variant_multi_attr
TE02809,test,token_block_noise
TE02810,test,successor_model
TE02811,test,variant_pack
TE02812,test,variant_capacity
TE02813,test,variant_capacity
TE02814,test,same_sku
TE02815,test,cross_brand_lookalike
TE02816,test,cross_brand_lookalike
TE02817,test,token_block_noise
TE02818,test,token_block_noise
TE02819,test,same_sku
TE02820,test,variant_color
TE02821,test,token_block_noise
TE02822,test,cross_brand_lookalike
TE02823,test,random_same_category
TE02824,test,random_same_category
TE02825,test,accessory_vs_host
TE02826,test,variant_size
TE02827,test,cross_brand_lookalike
TE02828,test,variant_capacity
TE02829,test,variant_multi_attr
TE02830,test,variant_color
TE02831,test,same_sku
TE02832,test,variant_capacity
TE02833,test,same_sku
TE02834,test,same_sku
TE02835,test,cross_brand_lookalike
TE02836,test,cross_brand_lookalike
TE02837,test,accessory_vs_host
TE02838,test,variant_color
TE02839,test,cross_brand_lookalike
TE02840,test,same_sku
TE02841,test,token_block_noise
TE02842,test,token_block_noise
TE02843,test,token_block_noise
TE02844,test,token_block_noise
TE02845,test,variant_color
TE02846,test,token_block_noise
TE02847,test,successor_model
TE02848,test,variant_pack
TE02849,test,token_block_noise
TE02850,test,same_sku
TE02851,test,variant_color
TE02852,test,variant_capacity
TE02853,test,successor_model
TE02854,test,same_sku
TE02855,test,random_same_category
TE02856,test,token_block_noise
TE02857,test,cross_brand_lookalike
TE02858,test,variant_color
TE02859,test,variant_size
TE02860,test,variant_color
TE02861,test,cross_brand_lookalike
TE02862,test,variant_capacity
TE02863,test,successor_model
TE02864,test,cross_brand_lookalike
TE02865,test,cross_brand_lookalike
TE02866,test,variant_capacity
TE02867,test,token_block_noise
TE02868,test,same_sku
TE02869,test,variant_color
TE02870,test,token_block_noise
TE02871,test,token_block_noise
TE02872,test,accessory_vs_host
TE02873,test,variant_color
TE02874,test,token_block_noise
TE02875,test,cross_brand_lookalike
TE02876,test,token_block_noise
TE02877,test,variant_color
TE02878,test,accessory_diff_host
TE02879,test,token_block_noise
TE02880,test,token_block_noise
TE02881,test,successor_model
TE02882,test,same_sku
TE02883,test,variant_multi_attr
TE02884,test,variant_multi_attr
TE02885,test,same_sku
TE02886,test,same_sku
TE02887,test,cross_brand_lookalike
TE02888,test,variant_multi_attr
TE02889,test,random_same_category
TE02890,test,variant_pack
TE02891,test,variant_capacity
TE02892,test,cross_brand_lookalike
TE02893,test,cross_brand_lookalike
TE02894,test,token_block_noise
TE02895,test,variant_capacity
TE02896,test,random_same_category
TE02897,test,token_block_noise
TE02898,test,variant_pack
TE02899,test,variant_multi_attr
TE02900,test,cross_brand_lookalike
TE02901,test,cross_brand_lookalike
TE02902,test,variant_capacity
TE02903,test,successor_model
TE02904,test,variant_color
TE02905,test,accessory_diff_host
TE02906,test,cross_brand_lookalike
TE02907,test,variant_color
TE02908,test,cross_brand_lookalike
TE02909,test,variant_pack
TE02910,test,random_same_category
TE02911,test,variant_pack
TE02912,test,variant_color
TE02913,test,variant_color
TE02914,test,accessory_vs_host
TE02915,test,same_sku
TE02916,test,variant_multi_attr
TE02917,test,variant_color
TE02918,test,variant_pack
TE02919,test,cross_brand_lookalike
TE02920,test,token_block_noise
TE02921,test,variant_color
TE02922,test,variant_capacity
TE02923,test,cross_brand_lookalike
TE02924,test,token_block_noise
TE02925,test,variant_multi_attr
TE02926,test,variant_color
TE02927,test,same_sku
TE02928,test,token_block_noise
TE02929,test,cross_brand_lookalike
TE02930,test,accessory_diff_host
TE02931,test,token_block_noise
TE02932,test,variant_capacity
TE02933,test,token_block_noise
TE02934,test,random_same_category
TE02935,test,variant_capacity
TE02936,test,variant_color
TE02937,test,token_block_noise
TE02938,test,variant_capacity
TE02939,test,variant_capacity
TE02940,test,variant_size
TE02941,test,variant_color
TE02942,test,cross_brand_lookalike
TE02943,test,accessory_vs_host
TE02944,test,variant_color
TE02945,test,random_same_category
TE02946,test,same_sku
TE02947,test,cross_brand_lookalike
TE02948,test,accessory_diff_host
TE02949,test,successor_model
TE02950,test,variant_color
TE02951,test,token_block_noise
TE02952,test,variant_capacity
TE02953,test,cross_brand_lookalike
TE02954,test,same_sku
TE02955,test,variant_capacity
TE02956,test,variant_capacity
TE02957,test,variant_capacity
TE02958,test,token_block_noise
TE02959,test,random_same_category
TE02960,test,same_sku
TE02961,test,token_block_noise
TE02962,test,token_block_noise
TE02963,test,token_block_noise
TE02964,test,same_sku
TE02965,test,token_block_noise
TE02966,test,same_sku
TE02967,test,cross_brand_lookalike
TE02968,test,variant_pack
TE02969,test,same_sku
TE02970,test,accessory_vs_host
TE02971,test,random_same_category
TE02972,test,same_sku
TE02973,test,variant_pack
TE02974,test,same_sku
TE02975,test,cross_brand_lookalike
TE02976,test,variant_color
TE02977,test,token_block_noise
TE02978,test,variant_color
TE02979,test,variant_multi_attr
TE02980,test,accessory_vs_host
TE02981,test,cross_brand_lookalike
TE02982,test,same_sku
TE02983,test,same_sku
TE02984,test,random_same_category
TE02985,test,accessory_vs_host
TE02986,test,variant_size
TE02987,test,variant_capacity
TE02988,test,same_sku
TE02989,test,random_same_category
TE02990,test,token_block_noise
TE02991,test,variant_size
TE02992,test,cross_brand_lookalike
TE02993,test,same_sku
TE02994,test,accessory_vs_host
TE02995,test,random_same_category
TE02996,test,variant_color
TE02997,test,variant_multi_attr
TE02998,test,random_same_category
TE02999,test,accessory_vs_host
TE03000,test,random_same_category
TE03001,test,variant_pack
TE03002,test,token_block_noise
TE03003,test,accessory_vs_host
TE03004,test,cross_brand_lookalike
TE03005,test,token_block_noise
TE03006,test,variant_color
TE03007,test,same_sku
TE03008,test,accessory_diff_host
TE03009,test,token_block_noise
TE03010,test,variant_pack
TE03011,test,token_block_noise
TE03012,test,variant_color
TE03013,test,variant_color
TE03014,test,variant_multi_attr
TE03015,test,successor_model
TE03016,test,variant_capacity
TE03017,test,random_same_category
TE03018,test,cross_brand_lookalike
TE03019,test,cross_brand_lookalike
TE03020,test,successor_model
TE03021,test,token_block_noise
TE03022,test,accessory_diff_host
TE03023,test,variant_multi_attr
TE03024,test,token_block_noise
TE03025,test,accessory_vs_host
TE03026,test,token_block_noise
TE03027,test,cross_brand_lookalike
TE03028,test,successor_model
TE03029,test,token_block_noise
TE03030,test,same_sku
TE03031,test,cross_brand_lookalike
TE03032,test,variant_capacity
TE03033,test,random_same_category
TE03034,test,variant_color
TE03035,test,variant_color
TE03036,test,token_block_noise
TE03037,test,cross_brand_lookalike
TE03038,test,variant_multi_attr
TE03039,test,cross_brand_lookalike
TE03040,test,variant_color
TE03041,test,token_block_noise
TE03042,test,successor_model
TE03043,test,variant_capacity
TE03044,test,cross_brand_lookalike
TE03045,test,accessory_diff_host
TE03046,test,variant_multi_attr
TE03047,test,token_block_noise
TE03048,test,same_sku
TE03049,test,accessory_vs_host
TE03050,test,variant_pack
TE03051,test,token_block_noise
TE03052,test,token_block_noise
TE03053,test,variant_pack
TE03054,test,accessory_vs_host
TE03055,test,cross_brand_lookalike
TE03056,test,token_block_noise
TE03057,test,cross_brand_lookalike
TE03058,test,variant_multi_attr
TE03059,test,variant_color
TE03060,test,successor_model
TE03061,test,variant_multi_attr
TE03062,test,token_block_noise
TE03063,test,same_sku
TE03064,test,variant_multi_attr
TE03065,test,token_block_noise
TE03066,test,accessory_vs_host
TE03067,test,variant_capacity
TE03068,test,variant_color
TE03069,test,variant_color
TE03070,test,accessory_vs_host
TE03071,test,variant_multi_attr
TE03072,test,cross_brand_lookalike
TE03073,test,same_sku
TE03074,test,accessory_vs_host
TE03075,test,same_sku
TE03076,test,variant_capacity
TE03077,test,random_same_category
TE03078,test,cross_brand_lookalike
TE03079,test,variant_multi_attr
TE03080,test,variant_color
TE03081,test,variant_color
TE03082,test,variant_color
TE03083,test,token_block_noise
TE03084,test,cross_brand_lookalike
TE03085,test,token_block_noise
TE03086,test,token_block_noise
TE03087,test,token_block_noise
TE03088,test,variant_multi_attr
TE03089,test,same_sku
TE03090,test,accessory_vs_host
TE03091,test,cross_brand_lookalike
TE03092,test,successor_model
TE03093,test,cross_brand_lookalike
TE03094,test,same_sku
TE03095,test,cross_brand_lookalike
TE03096,test,cross_brand_lookalike
TE03097,test,cross_brand_lookalike
TE03098,test,variant_size
TE03099,test,same_sku
TE03100,test,cross_brand_lookalike
TE03101,test,cross_brand_lookalike
TE03102,test,same_sku
TE03103,test,variant_color
TE03104,test,same_sku
TE03105,test,token_block_noise
TE03106,test,token_block_noise
TE03107,test,successor_model
TE03108,test,variant_color
TE03109,test,accessory_vs_host
TE03110,test,token_block_noise
TE03111,test,cross_brand_lookalike
TE03112,test,variant_capacity
TE03113,test,same_sku
TE03114,test,token_block_noise
TE03115,test,variant_color
TE03116,test,variant_capacity
TE03117,test,token_block_noise
TE03118,test,token_block_noise
TE03119,test,same_sku
TE03120,test,token_block_noise
TE03121,test,variant_color
TE03122,test,variant_color
TE03123,test,same_sku
TE03124,test,variant_color
TE03125,test,same_sku
TE03126,test,same_sku
TE03127,test,cross_brand_lookalike
TE03128,test,same_sku
TE03129,test,cross_brand_lookalike
TE03130,test,random_same_category
TE03131,test,variant_size
TE03132,test,random_same_category
TE03133,test,same_sku
TE03134,test,variant_capacity
TE03135,test,variant_multi_attr
TE03136,test,same_sku
TE03137,test,accessory_diff_host
TE03138,test,variant_capacity
TE03139,test,variant_color
TE03140,test,token_block_noise
TE03141,test,variant_color
TE03142,test,variant_capacity
TE03143,test,cross_brand_lookalike
TE03144,test,variant_size
TE03145,test,variant_multi_attr
TE03146,test,accessory_vs_host
TE03147,test,cross_brand_lookalike
TE03148,test,successor_model
TE03149,test,token_block_noise
TE03150,test,cross_brand_lookalike
TE03151,test,same_sku
TE03152,test,random_same_category
TE03153,test,accessory_vs_host
TE03154,test,variant_capacity
TE03155,test,variant_color
TE03156,test,variant_color
TE03157,test,same_sku
TE03158,test,token_block_noise
TE03159,test,token_block_noise
TE03160,test,variant_capacity
TE03161,test,same_sku
TE03162,test,variant_multi_attr
TE03163,test,cross_brand_lookalike
TE03164,test,accessory_vs_host
TE03165,test,variant_color
TE03166,test,same_sku
TE03167,test,same_sku
TE03168,test,cross_brand_lookalike
TE03169,test,cross_brand_lookalike
TE03170,test,token_block_noise
TE03171,test,variant_capacity
TE03172,test,variant_size
TE03173,test,token_block_noise
TE03174,test,cross_brand_lookalike
TE03175,test,variant_capacity
TE03176,test,variant_multi_attr
TE03177,test,same_sku
TE03178,test,random_same_category
TE03179,test,variant_capacity
TE03180,test,same_sku
TE03181,test,variant_size
TE03182,test,cross_brand_lookalike
TE03183,test,random_same_category
TE03184,test,variant_color
TE03185,test,token_block_noise
TE03186,test,same_sku
TE03187,test,successor_model
TE03188,test,random_same_category
TE03189,test,cross_brand_lookalike
TE03190,test,variant_multi_attr
TE03191,test,accessory_vs_host
TE03192,test,accessory_vs_host
TE03193,test,token_block_noise
TE03194,test,token_block_noise
TE03195,test,variant_capacity
TE03196,test,accessory_vs_host
TE03197,test,accessory_diff_host
TE03198,test,token_block_noise
TE03199,test,token_block_noise
TE03200,test,variant_color
TE03201,test,variant_capacity
TE03202,test,successor_model
TE03203,test,token_block_noise
TE03204,test,random_same_category
TE03205,test,variant_capacity
TE03206,test,token_block_noise
TE03207,test,token_block_noise
TE03208,test,same_sku
TE03209,test,same_sku
TE03210,test,same_sku
TE03211,test,cross_brand_lookalike
TE03212,test,cross_brand_lookalike
TE03213,test,token_block_noise
TE03214,test,token_block_noise
TE03215,test,token_block_noise
TE03216,test,token_block_noise
TE03217,test,variant_color
TE03218,test,variant_color
TE03219,test,random_same_category
TE03220,test,cross_brand_lookalike
TE03221,test,successor_model
TE03222,test,cross_brand_lookalike
TE03223,test,variant_capacity
TE03224,test,cross_brand_lookalike
TE03225,test,same_sku
TE03226,test,variant_capacity
TE03227,test,accessory_vs_host
TE03228,test,token_block_noise
TE03229,test,token_block_noise
TE03230,test,accessory_vs_host
TE03231,test,accessory_vs_host
TE03232,test,cross_brand_lookalike
TE03233,test,token_block_noise
TE03234,test,accessory_diff_host
TE03235,test,cross_brand_lookalike
TE03236,test,variant_capacity
TE03237,test,successor_model
TE03238,test,token_block_noise
TE03239,test,variant_capacity
TE03240,test,accessory_diff_host
TE03241,test,cross_brand_lookalike
TE03242,test,accessory_diff_host
TE03243,test,cross_brand_lookalike
TE03244,test,cross_brand_lookalike
TE03245,test,variant_pack
TE03246,test,variant_capacity
TE03247,test,same_sku
TE03248,test,same_sku
TE03249,test,accessory_vs_host
TE03250,test,accessory_diff_host
TE03251,test,same_sku
TE03252,test,random_same_category
TE03253,test,cross_brand_lookalike
TE03254,test,accessory_diff_host
TE03255,test,variant_color
TE03256,test,same_sku
TE03257,test,token_block_noise
TE03258,test,accessory_diff_host
TE03259,test,accessory_vs_host
TE03260,test,cross_brand_lookalike
TE03261,test,cross_brand_lookalike
TE03262,test,variant_multi_attr
TE03263,test,same_sku
TE03264,test,cross_brand_lookalike
TE03265,test,variant_multi_attr
TE03266,test,variant_pack
TE03267,test,variant_pack
TE03268,test,variant_multi_attr
TE03269,test,variant_capacity
TE03270,test,variant_multi_attr
TE03271,test,variant_color
TE03272,test,accessory_vs_host
TE03273,test,variant_capacity
TE03274,test,accessory_diff_host
TE03275,test,variant_color
TE03276,test,successor_model
TE03277,test,variant_color
TE03278,test,accessory_vs_host
TE03279,test,accessory_diff_host
TE03280,test,variant_capacity
TE03281,test,same_sku
TE03282,test,same_sku
TE03283,test,variant_color
TE03284,test,same_sku
TE03285,test,token_block_noise
TE03286,test,cross_brand_lookalike
TE03287,test,accessory_vs_host
TE03288,test,token_block_noise
TE03289,test,variant_capacity
TE03290,test,cross_brand_lookalike
TE03291,test,same_sku
TE03292,test,variant_capacity
TE03293,test,variant_color
TE03294,test,same_sku
TE03295,test,same_sku
TE03296,test,accessory_vs_host
TE03297,test,same_sku
TE03298,test,cross_brand_lookalike
TE03299,test,cross_brand_lookalike
TE03300,test,variant_pack
TE03301,test,variant_pack
TE03302,test,same_sku
TE03303,test,variant_size
TE03304,test,cross_brand_lookalike
TE03305,test,accessory_vs_host
TE03306,test,variant_color
TE03307,test,successor_model
TE03308,test,variant_capacity
TE03309,test,token_block_noise
TE03310,test,accessory_diff_host
TE03311,test,variant_color
TE03312,test,variant_pack
TE03313,test,token_block_noise
TE03314,test,cross_brand_lookalike
TE03315,test,accessory_vs_host
TE03316,test,variant_capacity
TE03317,test,variant_multi_attr
TE03318,test,cross_brand_lookalike
TE03319,test,token_block_noise
TE03320,test,variant_color
TE03321,test,token_block_noise
TE03322,test,same_sku
TE03323,test,random_same_category
TE03324,test,variant_capacity
TE03325,test,variant_color
TE03326,test,variant_size
TE03327,test,cross_brand_lookalike
TE03328,test,token_block_noise
TE03329,test,token_block_noise
TE03330,test,token_block_noise
TE03331,test,variant_capacity
TE03332,test,variant_capacity
TE03333,test,cross_brand_lookalike
TE03334,test,random_same_category
TE03335,test,variant_capacity
TE03336,test,variant_color
TE03337,test,variant_color
TE03338,test,same_sku
TE03339,test,cross_brand_lookalike
TE03340,test,token_block_noise
TE03341,test,variant_capacity
TE03342,test,token_block_noise
TE03343,test,accessory_vs_host
TE03344,test,random_same_category
TE03345,test,token_block_noise
TE03346,test,variant_size
TE03347,test,variant_color
TE03348,test,cross_brand_lookalike
TE03349,test,token_block_noise
TE03350,test,token_block_noise
TE03351,test,accessory_diff_host
TE03352,test,accessory_vs_host
TE03353,test,cross_brand_lookalike
TE03354,test,cross_brand_lookalike
TE03355,test,token_block_noise
TE03356,test,variant_size
TE03357,test,variant_color
TE03358,test,token_block_noise
TE03359,test,same_sku
TE03360,test,variant_color
TE03361,test,token_block_noise
TE03362,test,token_block_noise
TE03363,test,accessory_vs_host
TE03364,test,token_block_noise
TE03365,test,token_block_noise
TE03366,test,variant_multi_attr
TE03367,test,random_same_category
TE03368,test,successor_model
TE03369,test,variant_size
TE03370,test,same_sku
TE03371,test,same_sku
TE03372,test,variant_color
TE03373,test,variant_multi_attr
TE03374,test,cross_brand_lookalike
TE03375,test,accessory_diff_host
TE03376,test,variant_color
TE03377,test,cross_brand_lookalike
TE03378,test,variant_pack
TE03379,test,token_block_noise
TE03380,test,accessory_diff_host
TE03381,test,same_sku
TE03382,test,accessory_vs_host
TE03383,test,variant_multi_attr
TE03384,test,accessory_vs_host
TE03385,test,same_sku
TE03386,test,variant_color
TE03387,test,variant_multi_attr
TE03388,test,accessory_vs_host
TE03389,test,accessory_vs_host
TE03390,test,variant_multi_attr
TE03391,test,random_same_category
TE03392,test,token_block_noise
TE03393,test,variant_capacity
TE03394,test,same_sku
TE03395,test,token_block_noise
TE03396,test,cross_brand_lookalike
TE03397,test,random_same_category
TE03398,test,cross_brand_lookalike
TE03399,test,cross_brand_lookalike
TE03400,test,same_sku
TE03401,test,cross_brand_lookalike
TE03402,test,token_block_noise
TE03403,test,random_same_category
TE03404,test,random_same_category
TE03405,test,variant_multi_attr
TE03406,test,cross_brand_lookalike
TE03407,test,variant_color
TE03408,test,token_block_noise
TE03409,test,token_block_noise
TE03410,test,cross_brand_lookalike
TE03411,test,variant_capacity
TE03412,test,cross_brand_lookalike
TE03413,test,variant_multi_attr
TE03414,test,cross_brand_lookalike
TE03415,test,same_sku
TE03416,test,variant_color
TE03417,test,random_same_category
TE03418,test,variant_pack
TE03419,test,same_sku
TE03420,test,variant_multi_attr
TE03421,test,variant_size
TE03422,test,variant_size
TE03423,test,cross_brand_lookalike
TE03424,test,variant_multi_attr
TE03425,test,random_same_category
TE03426,test,variant_color
TE03427,test,token_block_noise
TE03428,test,same_sku
TE03429,test,same_sku
TE03430,test,cross_brand_lookalike
TE03431,test,variant_size
TE03432,test,accessory_vs_host
TE03433,test,variant_multi_attr
TE03434,test,variant_color
TE03435,test,variant_color
TE03436,test,random_same_category
TE03437,test,cross_brand_lookalike
TE03438,test,cross_brand_lookalike
TE03439,test,accessory_vs_host
TE03440,test,token_block_noise
TE03441,test,cross_brand_lookalike
TE03442,test,random_same_category
TE03443,test,random_same_category
TE03444,test,random_same_category
TE03445,test,token_block_noise
TE03446,test,token_block_noise
TE03447,test,random_same_category
TE03448,test,cross_brand_lookalike
TE03449,test,accessory_vs_host
TE03450,test,cross_brand_lookalike
TE03451,test,accessory_vs_host
TE03452,test,token_block_noise
TE03453,test,token_block_noise
TE03454,test,accessory_diff_host
TE03455,test,same_sku
TE03456,test,cross_brand_lookalike
TE03457,test,cross_brand_lookalike
TE03458,test,variant_multi_attr
TE03459,test,variant_color
TE03460,test,random_same_category
TE03461,test,token_block_noise
TE03462,test,variant_multi_attr
TE03463,test,random_same_category
TE03464,test,token_block_noise
TE03465,test,variant_multi_attr
TE03466,test,token_block_noise
TE03467,test,accessory_diff_host
TE03468,test,accessory_vs_host
TE03469,test,token_block_noise
TE03470,test,accessory_vs_host
TE03471,test,accessory_diff_host
TE03472,test,same_sku
TE03473,test,cross_brand_lookalike
TE03474,test,variant_multi_attr
TE03475,test,same_sku
TE03476,test,accessory_vs_host
TE03477,test,same_sku
TE03478,test,same_sku
TE03479,test,same_sku
TE03480,test,token_block_noise
TE03481,test,cross_brand_lookalike
TE03482,test,same_sku
TE03483,test,variant_color
TE03484,test,variant_color
TE03485,test,same_sku
TE03486,test,variant_color
TE03487,test,random_same_category
TE03488,test,variant_capacity
TE03489,test,variant_multi_attr
TE03490,test,cross_brand_lookalike
TE03491,test,accessory_diff_host
TE03492,test,token_block_noise
TE03493,test,successor_model
TE03494,test,variant_color
TE03495,test,variant_color
TE03496,test,same_sku
TE03497,test,accessory_vs_host
TE03498,test,variant_capacity
TE03499,test,accessory_diff_host
TE03500,test,same_sku
TE03501,test,variant_capacity
TE03502,test,successor_model
TE03503,test,token_block_noise
TE03504,test,variant_capacity
TE03505,test,token_block_noise
TE03506,test,variant_capacity
TE03507,test,same_sku
TE03508,test,same_sku
TE03509,test,accessory_vs_host
TE03510,test,variant_capacity
TE03511,test,accessory_diff_host
TE03512,test,token_block_noise
TE03513,test,random_same_category
TE03514,test,token_block_noise
TE03515,test,accessory_vs_host
TE03516,test,accessory_vs_host
TE03517,test,variant_capacity
TE03518,test,token_block_noise
TE03519,test,variant_size
TE03520,test,token_block_noise
TE03521,test,token_block_noise
TE03522,test,cross_brand_lookalike
TE03523,test,variant_color
TE03524,test,same_sku
TE03525,test,same_sku
TE03526,test,same_sku
TE03527,test,token_block_noise
TE03528,test,variant_color
TE03529,test,variant_multi_attr
TE03530,test,variant_capacity
TE03531,test,same_sku
TE03532,test,variant_color
TE03533,test,variant_color
TE03534,test,successor_model
TE03535,test,same_sku
TE03536,test,variant_multi_attr
TE03537,test,same_sku
TE03538,test,variant_pack
TE03539,test,successor_model
TE03540,test,variant_multi_attr
TE03541,test,accessory_vs_host
TE03542,test,accessory_vs_host
TE03543,test,random_same_category
TE03544,test,random_same_category
TE03545,test,same_sku
TE03546,test,cross_brand_lookalike
TE03547,test,random_same_category
TE03548,test,variant_size
TE03549,test,variant_capacity
TE03550,test,cross_brand_lookalike
TE03551,test,variant_color
TE03552,test,variant_multi_attr
TE03553,test,variant_color
TE03554,test,variant_capacity
TE03555,test,variant_color
TE03556,test,accessory_vs_host
TE03557,test,random_same_category
TE03558,test,variant_color
TE03559,test,variant_pack
TE03560,test,same_sku
TE03561,test,accessory_diff_host
TE03562,test,variant_multi_attr
TE03563,test,token_block_noise
TE03564,test,variant_capacity
TE03565,test,same_sku
TE03566,test,token_block_noise
TE03567,test,variant_color
TE03568,test,same_sku
TE03569,test,accessory_vs_host
TE03570,test,variant_color
TE03571,test,cross_brand_lookalike
TE03572,test,token_block_noise
TE03573,test,token_block_noise
TE03574,test,accessory_diff_host
TE03575,test,accessory_vs_host
TE03576,test,variant_color
TE03577,test,token_block_noise
TE03578,test,variant_color
TE03579,test,variant_color
TE03580,test,random_same_category
TE03581,test,accessory_diff_host
TE03582,test,same_sku
TE03583,test,same_sku
TE03584,test,variant_pack
TE03585,test,cross_brand_lookalike
TE03586,test,token_block_noise
TE03587,test,same_sku
TE03588,test,accessory_diff_host
TE03589,test,token_block_noise
TE03590,test,token_block_noise
TE03591,test,token_block_noise
TE03592,test,token_block_noise
TE03593,test,same_sku
TE03594,test,same_sku
TE03595,test,cross_brand_lookalike
TE03596,test,cross_brand_lookalike
TE03597,test,same_sku
TE03598,test,token_block_noise
TE03599,test,accessory_vs_host
TE03600,test,accessory_diff_host
TE03601,test,token_block_noise
TE03602,test,random_same_category
TE03603,test,cross_brand_lookalike
TE03604,test,same_sku
TE03605,test,variant_pack
TE03606,test,token_block_noise
TE03607,test,successor_model
TE03608,test,same_sku
TE03609,test,variant_size
TE03610,test,variant_size
TE03611,test,variant_color
TE03612,test,variant_color
TE03613,test,token_block_noise
TE03614,test,same_sku
TE03615,test,successor_model
TE03616,test,token_block_noise
TE03617,test,variant_capacity
TE03618,test,token_block_noise
TE03619,test,random_same_category
TE03620,test,same_sku
TE03621,test,token_block_noise
TE03622,test,cross_brand_lookalike
TE03623,test,token_block_noise
TE03624,test,same_sku
TE03625,test,token_block_noise
TE03626,test,variant_color
TE03627,test,variant_color
TE03628,test,same_sku
TE03629,test,token_block_noise
TE03630,test,variant_color
TE03631,test,same_sku
TE03632,test,variant_size
TE03633,test,same_sku
TE03634,test,variant_capacity
TE03635,test,token_block_noise
TE03636,test,accessory_diff_host
TE03637,test,variant_capacity
TE03638,test,same_sku
TE03639,test,token_block_noise
TE03640,test,variant_capacity
TE03641,test,token_block_noise
TE03642,test,variant_capacity
TE03643,test,accessory_vs_host
TE03644,test,same_sku
TE03645,test,variant_color
TE03646,test,variant_multi_attr
TE03647,test,accessory_vs_host
TE03648,test,accessory_diff_host
TE03649,test,cross_brand_lookalike
TE03650,test,same_sku
TE03651,test,variant_multi_attr
TE03652,test,token_block_noise
TE03653,test,variant_color
TE03654,test,cross_brand_lookalike
TE03655,test,cross_brand_lookalike
TE03656,test,same_sku
TE03657,test,cross_brand_lookalike
TE03658,test,accessory_vs_host
TE03659,test,successor_model
TE03660,test,random_same_category
TE03661,test,same_sku
TE03662,test,accessory_vs_host
TE03663,test,random_same_category
TE03664,test,variant_multi_attr
TE03665,test,random_same_category
TE03666,test,accessory_vs_host
TE03667,test,variant_color
TE03668,test,same_sku
TE03669,test,same_sku
TE03670,test,variant_color
TE03671,test,variant_capacity
TE03672,test,variant_pack
TE03673,test,variant_multi_attr
TE03674,test,accessory_vs_host
TE03675,test,token_block_noise
TE03676,test,variant_color
TE03677,test,variant_color
TE03678,test,variant_multi_attr
TE03679,test,accessory_vs_host
TE03680,test,variant_pack
TE03681,test,accessory_vs_host
TE03682,test,accessory_diff_host
TE03683,test,same_sku
TE03684,test,cross_brand_lookalike
TE03685,test,same_sku
TE03686,test,variant_pack
TE03687,test,cross_brand_lookalike
TE03688,test,variant_color
TE03689,test,accessory_vs_host
TE03690,test,cross_brand_lookalike
TE03691,test,token_block_noise
TE03692,test,token_block_noise
TE03693,test,same_sku
TE03694,test,random_same_category
TE03695,test,accessory_vs_host
TE03696,test,cross_brand_lookalike
TE03697,test,random_same_category
TE03698,test,cross_brand_lookalike
TE03699,test,variant_multi_attr
TE03700,test,same_sku
TE03701,test,cross_brand_lookalike
TE03702,test,same_sku
TE03703,test,same_sku
TE03704,test,variant_color
TE03705,test,cross_brand_lookalike
TE03706,test,variant_multi_attr
TE03707,test,variant_multi_attr
TE03708,test,variant_multi_attr
TE03709,test,variant_multi_attr
TE03710,test,variant_color
TE03711,test,variant_capacity
TE03712,test,variant_color
TE03713,test,variant_pack
TE03714,test,variant_capacity
TE03715,test,cross_brand_lookalike
TE03716,test,cross_brand_lookalike
TE03717,test,same_sku
TE03718,test,token_block_noise
TE03719,test,token_block_noise
TE03720,test,random_same_category
TE03721,test,variant_multi_attr
TE03722,test,cross_brand_lookalike
TE03723,test,accessory_vs_host
TE03724,test,successor_model
TE03725,test,same_sku
TE03726,test,token_block_noise
TE03727,test,successor_model
TE03728,test,random_same_category
TE03729,test,token_block_noise
TE03730,test,cross_brand_lookalike
TE03731,test,cross_brand_lookalike
TE03732,test,successor_model
TE03733,test,variant_capacity
TE03734,test,variant_multi_attr
TE03735,test,cross_brand_lookalike
TE03736,test,same_sku
TE03737,test,accessory_vs_host
TE03738,test,variant_pack
TE03739,test,variant_color
TE03740,test,cross_brand_lookalike
TE03741,test,token_block_noise
TE03742,test,cross_brand_lookalike
TE03743,test,variant_pack
TE03744,test,variant_multi_attr
TE03745,test,cross_brand_lookalike
TE03746,test,variant_color
TE03747,test,random_same_category
TE03748,test,variant_multi_attr
TE03749,test,variant_color
TE03750,test,random_same_category
TE03751,test,variant_multi_attr
TE03752,test,variant_color
TE03753,test,variant_multi_attr
TE03754,test,token_block_noise
TE03755,test,token_block_noise
TE03756,test,cross_brand_lookalike
TE03757,test,random_same_category
TE03758,test,cross_brand_lookalike
TE03759,test,accessory_vs_host
TE03760,test,variant_color
TE03761,test,token_block_noise
TE03762,test,same_sku
TE03763,test,same_sku
TE03764,test,successor_model
TE03765,test,token_block_noise
TE03766,test,variant_color
TE03767,test,accessory_vs_host
TE03768,test,variant_color
TE03769,test,accessory_vs_host
TE03770,test,accessory_vs_host
TE03771,test,same_sku
TE03772,test,variant_color
TE03773,test,token_block_noise
TE03774,test,variant_multi_attr
TE03775,test,cross_brand_lookalike
TE03776,test,variant_pack
TE03777,test,token_block_noise
TE03778,test,variant_size
TE03779,test,same_sku
TE03780,test,accessory_vs_host
TE03781,test,same_sku
TE03782,test,accessory_diff_host
TE03783,test,variant_color
TE03784,test,variant_pack
TE03785,test,successor_model
TE03786,test,cross_brand_lookalike
TE03787,test,accessory_vs_host
TE03788,test,variant_capacity
TE03789,test,random_same_category
TE03790,test,variant_pack
TE03791,test,random_same_category
TE03792,test,variant_multi_attr
TE03793,test,variant_color
TE03794,test,cross_brand_lookalike
TE03795,test,cross_brand_lookalike
TE03796,test,same_sku
TE03797,test,token_block_noise
TE03798,test,variant_capacity
TE03799,test,token_block_noise
TE03800,test,accessory_diff_host
TE03801,test,token_block_noise
TE03802,test,variant_color
TE03803,test,same_sku
TE03804,test,same_sku
TE03805,test,variant_color
TE03806,test,cross_brand_lookalike
TE03807,test,token_block_noise
TE03808,test,cross_brand_lookalike
TE03809,test,random_same_category
TE03810,test,same_sku
TE03811,test,token_block_noise
TE03812,test,successor_model
TE03813,test,cross_brand_lookalike
TE03814,test,random_same_category
TE03815,test,cross_brand_lookalike
TE03816,test,variant_color
TE03817,test,variant_size
TE03818,test,variant_color
TE03819,test,cross_brand_lookalike
TE03820,test,variant_capacity
TE03821,test,cross_brand_lookalike
TE03822,test,accessory_vs_host
TE03823,test,variant_color
TE03824,test,cross_brand_lookalike
TE03825,test,token_block_noise
TE03826,test,same_sku
TE03827,test,variant_multi_attr
TE03828,test,variant_color
TE03829,test,variant_capacity
TE03830,test,successor_model
TE03831,test,token_block_noise
TE03832,test,variant_multi_attr
TE03833,test,same_sku
TE03834,test,accessory_vs_host
TE03835,test,cross_brand_lookalike
TE03836,test,cross_brand_lookalike
TE03837,test,cross_brand_lookalike
TE03838,test,token_block_noise
TE03839,test,token_block_noise
TE03840,test,variant_color
TE03841,test,same_sku
TE03842,test,token_block_noise
TE03843,test,variant_color
TE03844,test,same_sku
TE03845,test,same_sku
TE03846,test,same_sku
TE03847,test,variant_capacity
TE03848,test,variant_color
TE03849,test,random_same_category
TE03850,test,variant_color
TE03851,test,token_block_noise
TE03852,test,variant_size
TE03853,test,variant_multi_attr
TE03854,test,variant_multi_attr
TE03855,test,same_sku
TE03856,test,token_block_noise
TE03857,test,variant_pack
TE03858,test,variant_pack
TE03859,test,variant_multi_attr
TE03860,test,random_same_category
TE03861,test,same_sku
TE03862,test,variant_color
TE03863,test,cross_brand_lookalike
TE03864,test,variant_size
TE03865,test,accessory_diff_host
TE03866,test,variant_color
TE03867,test,variant_capacity
TE03868,test,accessory_diff_host
TE03869,test,token_block_noise
TE03870,test,same_sku
TE03871,test,token_block_noise
TE03872,test,accessory_diff_host
TE03873,test,variant_capacity
TE03874,test,variant_color
TE03875,test,variant_color
TE03876,test,same_sku
TE03877,test,random_same_category
TE03878,test,same_sku
TE03879,test,accessory_vs_host
TE03880,test,cross_brand_lookalike
TE03881,test,random_same_category
TE03882,test,accessory_vs_host
TE03883,test,random_same_category
TE03884,test,successor_model
TE03885,test,cross_brand_lookalike
TE03886,test,token_block_noise
TE03887,test,token_block_noise
TE03888,test,token_block_noise
TE03889,test,cross_brand_lookalike
TE03890,test,token_block_noise
TE03891,test,variant_capacity
TE03892,test,variant_multi_attr
TE03893,test,cross_brand_lookalike
TE03894,test,cross_brand_lookalike
TE03895,test,variant_multi_attr
TE03896,test,cross_brand_lookalike
TE03897,test,accessory_vs_host
TE03898,test,accessory_vs_host
TE03899,test,accessory_vs_host
TE03900,test,same_sku
TE03901,test,variant_color
TE03902,test,variant_size
TE03903,test,token_block_noise
TE03904,test,variant_capacity
TE03905,test,variant_color
TE03906,test,variant_pack
TE03907,test,cross_brand_lookalike
TE03908,test,variant_pack
TE03909,test,accessory_diff_host
TE03910,test,variant_color
TE03911,test,random_same_category
TE03912,test,cross_brand_lookalike
TE03913,test,variant_multi_attr
TE03914,test,token_block_noise
TE03915,test,token_block_noise
TE03916,test,accessory_diff_host
TE03917,test,random_same_category
TE03918,test,same_sku
TE03919,test,variant_multi_attr
TE03920,test,same_sku
TE03921,test,token_block_noise
TE03922,test,variant_color
TE03923,test,token_block_noise
TE03924,test,variant_capacity
TE03925,test,variant_multi_attr
TE03926,test,token_block_noise
TE03927,test,cross_brand_lookalike
TE03928,test,variant_capacity
TE03929,test,token_block_noise
TE03930,test,accessory_vs_host
TE03931,test,cross_brand_lookalike
TE03932,test,token_block_noise
TE03933,test,accessory_diff_host
TE03934,test,same_sku
TE03935,test,cross_brand_lookalike
TE03936,test,cross_brand_lookalike
TE03937,test,variant_color
TE03938,test,same_sku
TE03939,test,token_block_noise
TE03940,test,same_sku
TE03941,test,random_same_category
TE03942,test,variant_capacity
TE03943,test,variant_capacity
TE03944,test,random_same_category
TE03945,test,variant_capacity
TE03946,test,cross_brand_lookalike
TE03947,test,token_block_noise
TE03948,test,variant_multi_attr
TE03949,test,variant_size
TE03950,test,same_sku
TE03951,test,cross_brand_lookalike
TE03952,test,accessory_vs_host
TE03953,test,token_block_noise
TE03954,test,variant_color
TE03955,test,variant_color
TE03956,test,random_same_category
TE03957,test,random_same_category
TE03958,test,same_sku
TE03959,test,variant_color
TE03960,test,variant_pack
TE03961,test,cross_brand_lookalike
TE03962,test,cross_brand_lookalike
TE03963,test,token_block_noise
TE03964,test,random_same_category
TE03965,test,successor_model
TE03966,test,same_sku
TE03967,test,random_same_category
TE03968,test,cross_brand_lookalike
TE03969,test,same_sku
TE03970,test,variant_capacity
TE03971,test,variant_multi_attr
TE03972,test,accessory_vs_host
TE03973,test,variant_color
TE03974,test,variant_color
TE03975,test,same_sku
TE03976,test,cross_brand_lookalike
TE03977,test,successor_model
TE03978,test,variant_color
TE03979,test,variant_capacity
TE03980,test,random_same_category
TE03981,test,variant_color
TE03982,test,accessory_diff_host
TE03983,test,successor_model
TE03984,test,token_block_noise
TE03985,test,token_block_noise
TE03986,test,token_block_noise
TE03987,test,cross_brand_lookalike
TE03988,test,random_same_category
TE03989,test,cross_brand_lookalike
TE03990,test,accessory_diff_host
TE03991,test,accessory_vs_host
TE03992,test,token_block_noise
TE03993,test,random_same_category
TE03994,test,variant_size
TE03995,test,token_block_noise
TE03996,test,variant_capacity
TE03997,test,token_block_noise
TE03998,test,cross_brand_lookalike
TE03999,test,variant_color
TE04000,test,random_same_category
TE04001,test,token_block_noise
TE04002,test,variant_color
TE04003,test,same_sku
TE04004,test,variant_size
TE04005,test,successor_model
TE04006,test,random_same_category
TE04007,test,variant_color
TE04008,test,cross_brand_lookalike
TE04009,test,same_sku
TE04010,test,accessory_diff_host
TE04011,test,token_block_noise
TE04012,test,variant_color
TE04013,test,variant_pack
TE04014,test,cross_brand_lookalike
TE04015,test,variant_capacity
TE04016,test,variant_color
TE04017,test,token_block_noise
TE04018,test,accessory_diff_host
TE04019,test,variant_color
TE04020,test,random_same_category
TE04021,test,cross_brand_lookalike
TE04022,test,variant_color
TE04023,test,variant_color
TE04024,test,variant_multi_attr
