pair_id,listing_id_a,listing_id_b,label,label_confidence
TR00001,LST00030,LST00007,0,high
TR00002,LST00151,LST00149,0,medium
TR00003,LST00827,LST00212,0,high
TR00004,LST00821,LST00261,0,low
TR00005,LST00019,LST00024,0,high
TR00006,LST00279,LST00260,0,high
TR00007,LST00142,LST00151,0,high
TR00008,LST00062,LST00063,1,high
TR00009,LST00273,LST00252,0,high
TR00010,LST00216,LST00446,0,high
TR00011,LST00787,LST00705,0,high
TR00012,LST00746,LST00041,0,high
TR00013,LST00226,LST00439,0,high
TR00014,LST00225,LST00229,0,high
TR00015,LST00105,LST00122,0,high
TR00016,LST00251,LST00239,0,medium
TR00017,LST00266,LST00265,1,high
TR00018,LST00012,LST00018,0,high
TR00019,LST00116,LST00118,1,low
TR00020,LST00138,LST00234,0,high
TR00021,LST00500,LST00495,0,high
TR00022,LST00745,LST00746,1,medium
TR00023,LST00696,LST00698,1,high
TR00024,LST00429,LST00422,0,high
TR00025,LST00109,LST00022,0,high
TR00026,LST00754,LST00788,0,high
TR00027,LST00063,LST00043,0,low
TR00028,LST00794,LST00786,0,high
TR00029,LST00031,LST00003,0,high
TR00030,LST00493,LST00507,0,high
TR00031,LST00796,LST00708,0,high
TR00032,LST00412,LST00759,0,high
TR00033,LST00128,LST00088,0,high
TR00034,LST00434,LST00439,0,medium
TR00035,LST00112,LST00110,1,high
TR00036,LST00129,LST00076,0,high
TR00037,LST00528,LST00526,0,medium
TR00038,LST00745,LST00015,0,medium
TR00039,LST00147,LST00155,1,low
TR00040,LST00693,LST00696,0,medium
TR00041,LST00566,LST00575,0,medium
TR00042,LST00045,LST00432,0,high
TR00043,LST00481,LST00486,0,medium
TR00044,LST00270,LST00285,0,low
TR00045,LST00765,LST00624,0,medium
TR00046,LST00164,LST00148,0,high
TR00047,LST00001,LST00035,0,medium
TR00048,LST00068,LST00084,0,high
TR00049,LST00135,LST00151,0,high
TR00050,LST00412,LST00408,1,high
TR00051,LST00133,LST00171,0,medium
TR00052,LST00444,LST00470,0,high
TR00053,LST00440,LST00421,0,high
TR00054,LST00130,LST00137,0,medium
TR00055,LST00066,LST00006,0,high
TR00056,LST00040,LST00268,0,high
TR00057,LST00057,LST00039,0,high
TR00058,LST00152,LST00163,0,high
TR00059,LST00745,LST00036,0,high
TR00060,LST00301,LST00291,0,medium
TR00061,LST00485,LST00484,1,high
TR00062,LST00038,LST00013,0,medium
TR00063,LST00696,LST00690,0,low
TR00064,LST00299,LST00283,0,high
TR00065,LST00076,LST00042,0,high
TR00066,LST00806,LST00807,1,high
TR00067,LST00018,LST00026,0,high
TR00068,LST00091,LST00815,0,medium
TR00069,LST00014,LST00068,0,low
TR00070,LST00325,LST00010,0,high
TR00071,LST00224,LST00233,0,medium
TR00072,LST00437,LST00429,0,medium
TR00073,LST00017,LST00026,0,medium
TR00074,LST00409,LST00430,0,high
TR00075,LST00286,LST00239,0,high
TR00076,LST00075,LST00083,0,high
TR00077,LST00258,LST00245,0,high
TR00078,LST00324,LST00120,0,high
TR00079,LST00093,LST00076,0,low
TR00080,LST00003,LST00046,0,high
TR00081,LST00410,LST00418,0,medium
TR00082,LST00476,LST00451,0,medium
TR00083,LST00098,LST00050,0,high
TR00084,LST00042,LST00040,1,high
TR00085,LST00289,LST00290,1,high
TR00086,LST00813,LST00081,0,medium
TR00087,LST00762,LST00624,0,medium
TR00088,LST00516,LST00520,1,high
TR00089,LST00758,LST00824,0,high
TR00090,LST00588,LST00593,1,high
TR00091,LST00303,LST00286,0,high
TR00092,LST00019,LST00022,0,medium
TR00093,LST00091,LST00808,0,medium
TR00094,LST00153,LST00165,0,high
TR00095,LST00007,LST00760,0,high
TR00096,LST00240,LST00260,0,medium
TR00097,LST00479,LST00506,0,high
TR00098,LST00455,LST00454,1,high
TR00099,LST00452,LST00045,0,high
TR00100,LST00586,LST00560,0,high
TR00101,LST00113,LST00112,1,high
TR00102,LST00004,LST00034,0,medium
TR00103,LST00751,LST00024,0,high
TR00104,LST00489,LST00491,0,low
TR00105,LST00434,LST00422,0,high
TR00106,LST00160,LST00135,0,high
TR00107,LST00789,LST00797,0,low
TR00108,LST00265,LST00243,0,high
TR00109,LST00045,LST00568,0,high
TR00110,LST00105,LST00121,0,high
TR00111,LST00078,LST00055,0,high
TR00112,LST00057,LST00760,0,high
TR00113,LST00592,LST00569,0,high
TR00114,LST00798,LST00790,0,high
TR00115,LST00478,LST00504,0,high
TR00116,LST00746,LST00018,0,high
TR00117,LST00090,LST00086,0,low
TR00118,LST00584,LST00564,0,high
TR00119,LST00212,LST00429,0,high
TR00120,LST00085,LST00079,1,medium
TR00121,LST00808,LST00758,0,high
TR00122,LST00732,LST00722,0,low
TR00123,LST00235,LST00230,0,medium
TR00124,LST00040,LST00037,1,low
TR00125,LST00240,LST00302,0,high
TR00126,LST00769,LST00628,0,high
TR00127,LST00424,LST00433,0,high
TR00128,LST00275,LST00270,1,high
TR00129,LST00045,LST00088,0,high
TR00130,LST00169,LST00158,0,high
TR00131,LST00799,LST00809,0,high
TR00132,LST00152,LST00136,0,high
TR00133,LST00412,LST00411,1,low
TR00134,LST00630,LST00228,0,high
TR00135,LST00065,LST00049,0,high
TR00136,LST00086,LST00006,0,high
TR00137,LST00426,LST00432,0,high
TR00138,LST00273,LST00279,0,high
TR00139,LST00098,LST00046,0,medium
TR00140,LST00073,LST00079,0,high
TR00141,LST00260,LST00249,0,medium
TR00142,LST00027,LST00409,0,high
TR00143,LST00821,LST00245,0,high
TR00144,LST00238,LST00300,0,high
TR00145,LST00062,LST00050,0,high
TR00146,LST00038,LST00083,0,high
TR00147,LST00760,LST00754,0,high
TR00148,LST00059,LST00062,0,high
TR00149,LST00291,LST00243,0,high
TR00150,LST00033,LST00052,0,medium
TR00151,LST00004,LST00047,0,high
TR00152,LST00487,LST00485,1,high
TR00153,LST00228,LST00011,0,medium
TR00154,LST00122,LST00015,0,high
TR00155,LST00255,LST00243,0,medium
TR00156,LST00016,LST00025,0,medium
TR00157,LST00099,LST00073,0,high
TR00158,LST00100,LST00111,0,medium
TR00159,LST00801,LST00800,0,high
TR00160,LST00064,LST00020,0,medium
TR00161,LST00282,LST00214,0,low
TR00162,LST00273,LST00282,0,medium
TR00163,LST00796,LST00030,0,high
TR00164,LST00795,LST00786,0,medium
TR00165,LST00018,LST00039,0,high
TR00166,LST00494,LST00488,0,low
TR00167,LST00696,LST00695,1,high
TR00168,LST00767,LST00793,0,high
TR00169,LST00582,LST00588,0,medium
TR00170,LST00565,LST00586,0,high
TR00171,LST00763,LST00627,0,high
TR00172,LST00472,LST00450,0,high
TR00173,LST00053,LST00060,0,high
TR00174,LST00808,LST00812,1,high
TR00175,LST00057,LST00793,0,high
TR00176,LST00264,LST00278,0,high
TR00177,LST00416,LST00409,0,medium
TR00178,LST00153,LST00144,0,high
TR00179,LST00585,LST00568,0,high
TR00180,LST00230,LST00225,0,high
TR00181,LST00302,LST00284,0,high
TR00182,LST00479,LST00490,0,medium
TR00183,LST00571,LST00565,0,medium
TR00184,LST00056,LST00025,0,high
TR00185,LST00258,LST00248,0,high
TR00186,LST00020,LST00008,0,medium
TR00187,LST00004,LST00031,0,high
TR00188,LST00527,LST00397,0,high
TR00189,LST00040,LST00020,0,low
TR00190,LST00069,LST00132,0,high
TR00191,LST00033,LST00111,0,high
TR00192,LST00069,LST00066,1,high
TR00193,LST00162,LST00164,0,medium
TR00194,LST00036,LST00066,0,high
TR00195,LST00589,LST00593,1,low
TR00196,LST00071,LST00115,0,high
TR00197,LST00726,LST00731,1,high
TR00198,LST00149,LST00155,0,high
TR00199,LST00505,LST00489,0,high
TR00200,LST00113,LST00783,0,high
TR00201,LST00113,LST00014,0,high
TR00202,LST00290,LST00430,0,high
TR00203,LST00164,LST00170,0,high
TR00204,LST00052,LST00795,0,low
TR00205,LST00065,LST00058,0,medium
TR00206,LST00808,LST00817,0,high
TR00207,LST00398,LST00524,0,high
TR00208,LST00760,LST00020,0,high
TR00209,LST00302,LST00236,0,high
TR00210,LST00119,LST00072,0,high
TR00211,LST00233,LST00052,0,high
TR00212,LST00212,LST00093,0,high
TR00213,LST00004,LST00056,0,medium
TR00214,LST00705,LST00708,0,medium
TR00215,LST00408,LST00439,0,high
TR00216,LST00070,LST00056,0,high
TR00217,LST00754,LST00757,1,low
TR00218,LST00729,LST00731,1,high
TR00219,LST00031,LST00033,1,high
TR00220,LST00703,LST00704,1,high
TR00221,LST00242,LST00281,0,high
TR00222,LST00075,LST00043,0,high
TR00223,LST00483,LST00478,1,high
TR00224,LST00122,LST00051,0,high
TR00225,LST00791,LST00036,0,high
TR00226,LST00286,LST00270,0,medium
TR00227,LST00251,LST00222,0,medium
TR00228,LST00689,LST00789,0,high
TR00229,LST00770,LST00757,0,high
TR00230,LST00580,LST00567,0,high
TR00231,LST00112,LST00119,0,high
TR00232,LST00580,LST00591,0,high
TR00233,LST00523,LST00403,0,high
TR00234,LST00057,LST00035,0,medium
TR00235,LST00301,LST00287,0,medium
TR00236,LST00038,LST00001,0,high
TR00237,LST00100,LST00038,0,high
TR00238,LST00056,LST00052,1,high
TR00239,LST00744,LST00770,0,high
TR00240,LST00253,LST00254,1,medium
TR00241,LST00038,LST00051,0,medium
TR00242,LST00489,LST00507,0,medium
TR00243,LST00730,LST00732,1,high
TR00244,LST00395,LST00405,0,low
TR00245,LST00241,LST00260,0,medium
TR00246,LST00108,LST00107,1,high
TR00247,LST00109,LST00133,0,high
TR00248,LST00417,LST00420,1,medium
TR00249,LST00002,LST00038,0,low
TR00250,LST00796,LST00785,0,low
TR00251,LST00408,LST00422,0,high
TR00252,LST00509,LST00515,1,high
TR00253,LST00234,LST00625,0,high
TR00254,LST00145,LST00146,1,medium
TR00255,LST00476,LST00493,0,high
TR00256,LST00006,LST00053,0,high
TR00257,LST00454,LST00474,0,high
TR00258,LST00075,LST00815,0,high
TR00259,LST00106,LST00011,0,high
TR00260,LST00443,LST00451,0,low
TR00261,LST00003,LST00009,0,high
TR00262,LST00034,LST00033,1,high
TR00263,LST00747,LST00821,0,medium
TR00264,LST00505,LST00488,0,high
TR00265,LST00516,LST00519,1,high
TR00266,LST00029,LST00014,0,high
TR00267,LST00298,LST00268,0,high
TR00268,LST00284,LST00293,0,low
TR00269,LST00230,LST00228,1,medium
TR00270,LST00133,LST00483,0,high
TR00271,LST00008,LST00036,0,high
TR00272,LST00796,LST00582,0,high
TR00273,LST00272,LST00293,0,high
TR00274,LST00123,LST00100,0,high
TR00275,LST00426,LST00434,0,high
TR00276,LST00255,LST00236,0,medium
TR00277,LST00694,LST00697,1,high
TR00278,LST00732,LST00731,1,high
TR00279,LST00145,LST00170,0,high
TR00280,LST00159,LST00149,1,low
TR00281,LST00165,LST00131,0,low
TR00282,LST00502,LST00482,0,high
TR00283,LST00262,LST00252,0,high
TR00284,LST00038,LST00031,0,medium
TR00285,LST00824,LST00245,0,high
TR00286,LST00477,LST00482,0,medium
TR00287,LST00398,LST00402,0,high
TR00288,LST00050,LST00066,0,high
TR00289,LST00796,LST00065,0,high
TR00290,LST00033,LST00047,0,medium
TR00291,LST00230,LST00224,0,medium
TR00292,LST00043,LST00797,0,low
TR00293,LST00690,LST00692,0,medium
TR00294,LST00217,LST00211,0,high
TR00295,LST00783,LST00788,1,high
TR00296,LST00727,LST00731,1,high
TR00297,LST00025,LST00754,0,high
TR00298,LST00247,LST00237,0,high
TR00299,LST00569,LST00564,1,high
TR00300,LST00522,LST00401,0,high
TR00301,LST00216,LST00126,0,high
TR00302,LST00430,LST00413,0,high
TR00303,LST00481,LST00503,0,high
TR00304,LST00427,LST00760,0,high
TR00305,LST00034,LST00038,0,high
TR00306,LST00302,LST00290,0,high
TR00307,LST00105,LST00110,0,medium
TR00308,LST00268,LST00413,0,high
TR00309,LST00022,LST00024,1,low
TR00310,LST00797,LST00790,0,high
TR00311,LST00253,LST00257,1,high
TR00312,LST00300,LST00270,0,medium
TR00313,LST00765,LST00716,0,high
TR00314,LST00768,LST00789,0,medium
TR00315,LST00059,LST00047,0,high
TR00316,LST00241,LST00257,0,high
TR00317,LST00499,LST00492,0,high
TR00318,LST00039,LST00023,0,high
TR00319,LST00012,LST00321,0,high
TR00320,LST00432,LST00419,0,medium
TR00321,LST00791,LST00008,0,high
TR00322,LST00257,LST00244,0,medium
TR00323,LST00153,LST00159,0,medium
TR00324,LST00169,LST00147,0,low
TR00325,LST00470,LST00443,0,high
TR00326,LST00270,LST00238,0,high
TR00327,LST00520,LST00511,0,high
TR00328,LST00818,LST00798,0,medium
TR00329,LST00098,LST00074,0,medium
TR00330,LST00091,LST00078,1,low
TR00331,LST00298,LST00276,0,high
TR00332,LST00042,LST00090,0,high
TR00333,LST00041,LST00001,0,medium
TR00334,LST00625,LST00144,0,medium
TR00335,LST00021,LST00035,0,high
TR00336,LST00448,LST00474,0,high
TR00337,LST00113,LST00106,0,high
TR00338,LST00044,LST00797,0,high
TR00339,LST00030,LST00065,0,high
TR00340,LST00259,LST00828,0,high
TR00341,LST00117,LST00078,0,high
TR00342,LST00045,LST00123,0,high
TR00343,LST00448,LST00472,0,high
TR00344,LST00040,LST00029,0,high
TR00345,LST00691,LST00692,0,low
TR00346,LST00212,LST00210,1,high
TR00347,LST00002,LST00004,1,high
TR00348,LST00764,LST00622,0,high
TR00349,LST00509,LST00520,0,high
TR00350,LST00471,LST00805,0,low
TR00351,LST00032,LST00053,0,medium
TR00352,LST00029,LST00013,0,medium
TR00353,LST00039,LST00409,0,medium
TR00354,LST00263,LST00276,0,high
TR00355,LST00058,LST00050,0,medium
TR00356,LST00046,LST00024,0,high
TR00357,LST00103,LST00748,0,high
TR00358,LST00578,LST00587,0,high
TR00359,LST00007,LST00019,0,high
TR00360,LST00057,LST00322,0,high
TR00361,LST00817,LST00076,0,medium
TR00362,LST00066,LST00029,0,high
TR00363,LST00786,LST00789,0,high
TR00364,LST00253,LST00260,0,high
TR00365,LST00289,LST00276,0,medium
TR00366,LST00715,LST00763,0,high
TR00367,LST00783,LST00795,0,high
TR00368,LST00586,LST00580,0,low
TR00369,LST00559,LST00581,0,high
TR00370,LST00051,LST00045,0,medium
TR00371,LST00028,LST00049,0,medium
TR00372,LST00250,LST00260,0,medium
TR00373,LST00240,LST00295,0,high
TR00374,LST00816,LST00817,1,high
TR00375,LST00812,LST00823,0,high
TR00376,LST00062,LST00051,0,high
TR00377,LST00807,LST00803,1,high
TR00378,LST00146,LST00162,1,low
TR00379,LST00057,LST00093,0,high
TR00380,LST00796,LST00799,0,high
TR00381,LST00035,LST00020,0,medium
TR00382,LST00569,LST00325,0,high
TR00383,LST00439,LST00418,0,high
TR00384,LST00409,LST00435,0,high
TR00385,LST00811,LST00088,0,high
TR00386,LST00143,LST00142,1,high
TR00387,LST00395,LST00527,0,medium
TR00388,LST00814,LST00759,0,high
TR00389,LST00109,LST00127,0,high
TR00390,LST00744,LST00747,0,high
TR00391,LST00123,LST00122,0,high
TR00392,LST00499,LST00505,0,high
TR00393,LST00787,LST00793,0,high
TR00394,LST00022,LST00745,0,high
TR00395,LST00114,LST00072,0,high
TR00396,LST00433,LST00431,1,high
TR00397,LST00813,LST00756,0,high
TR00398,LST00147,LST00163,0,medium
TR00399,LST00227,LST00231,1,high
TR00400,LST00150,LST00152,1,high
TR00401,LST00303,LST00278,0,high
TR00402,LST00057,LST00796,0,medium
TR00403,LST00014,LST00107,0,high
TR00404,LST00046,LST00049,0,medium
TR00405,LST00007,LST00036,0,low
TR00406,LST00078,LST00088,0,low
TR00407,LST00097,LST00079,0,low
TR00408,LST00134,LST00166,0,high
TR00409,LST00029,LST00006,0,high
TR00410,LST00001,LST00100,0,medium
TR00411,LST00015,LST00092,0,high
TR00412,LST00303,LST00288,0,high
TR00413,LST00484,LST00494,0,high
TR00414,LST00095,LST00812,0,low
TR00415,LST00795,LST00745,0,high
TR00416,LST00235,LST00695,0,high
TR00417,LST00753,LST00757,0,high
TR00418,LST00434,LST00416,0,high
TR00419,LST00625,LST00716,0,high
TR00420,LST00082,LST00029,0,high
TR00421,LST00481,LST00501,0,high
TR00422,LST00532,LST00405,0,high
TR00423,LST00482,LST00497,0,high
TR00424,LST00030,LST00002,0,medium
TR00425,LST00282,LST00294,0,high
TR00426,LST00567,LST00434,0,high
TR00427,LST00473,LST00474,1,medium
TR00428,LST00493,LST00496,1,high
TR00429,LST00007,LST00010,1,medium
TR00430,LST00027,LST00412,0,high
TR00431,LST00745,LST00756,0,high
TR00432,LST00477,LST00496,0,medium
TR00433,LST00015,LST00007,0,high
TR00434,LST00285,LST00256,0,high
TR00435,LST00018,LST00016,0,high
TR00436,LST00794,LST00769,0,medium
TR00437,LST00452,LST00639,0,high
TR00438,LST00290,LST00266,0,high
TR00439,LST00130,LST00158,0,low
TR00440,LST00041,LST00012,0,high
TR00441,LST00747,LST00754,0,high
TR00442,LST00026,LST00024,0,low
TR00443,LST00568,LST00560,0,high
TR00444,LST00502,LST00481,0,high
TR00445,LST00568,LST00584,0,high
TR00446,LST00168,LST00167,0,high
TR00447,LST00264,LST00262,0,high
TR00448,LST00027,LST00472,0,high
TR00449,LST00042,LST00427,0,high
TR00450,LST00500,LST00490,0,high
TR00451,LST00040,LST00060,0,high
TR00452,LST00093,LST00817,0,medium
TR00453,LST00123,LST00087,0,high
TR00454,LST00139,LST00148,0,medium
TR00455,LST00429,LST00425,0,high
TR00456,LST00229,LST00228,1,high
TR00457,LST00559,LST00566,0,medium
TR00458,LST00432,LST00218,0,high
TR00459,LST00011,LST00066,0,low
TR00460,LST00726,LST00725,0,medium
TR00461,LST00245,LST00270,0,high
TR00462,LST00128,LST00010,0,high
TR00463,LST00284,LST00286,1,high
TR00464,LST00031,LST00069,0,medium
TR00465,LST00435,LST00434,0,medium
TR00466,LST00756,LST00012,0,medium
TR00467,LST00498,LST00492,0,high
TR00468,LST00705,LST00589,0,high
TR00469,LST00819,LST00827,0,high
TR00470,LST00441,LST00450,0,high
TR00471,LST00109,LST00105,1,high
TR00472,LST00268,LST00257,0,high
TR00473,LST00148,LST00146,1,medium
TR00474,LST00757,LST00037,0,high
TR00475,LST00752,LST00689,0,high
TR00476,LST00078,LST00074,0,medium
TR00477,LST00053,LST00001,0,high
TR00478,LST00032,LST00025,0,medium
TR00479,LST00446,LST00455,0,high
TR00480,LST00115,LST00015,0,low
TR00481,LST00789,LST00019,0,high
TR00482,LST00816,LST00753,0,high
TR00483,LST00729,LST00728,1,high
TR00484,LST00259,LST00256,0,low
TR00485,LST00507,LST00499,0,high
TR00486,LST00295,LST00285,0,high
TR00487,LST00020,LST00037,0,high
TR00488,LST00529,LST00532,1,high
TR00489,LST00041,LST00751,0,medium
TR00490,LST00444,LST00471,0,high
TR00491,LST00302,LST00300,1,medium
TR00492,LST00490,LST00478,0,high
TR00493,LST00748,LST00759,0,high
TR00494,LST00245,LST00822,0,high
TR00495,LST00755,LST00818,0,high
TR00496,LST00117,LST00129,0,high
TR00497,LST00574,LST00567,0,high
TR00498,LST00793,LST00765,0,high
TR00499,LST00246,LST00285,0,high
TR00500,LST00030,LST00027,0,high
TR00501,LST00439,LST00433,0,high
TR00502,LST00079,LST00096,0,high
TR00503,LST00572,LST00571,1,high
TR00504,LST00629,LST00764,0,high
TR00505,LST00015,LST00038,0,low
TR00506,LST00744,LST00021,0,medium
TR00507,LST00236,LST00242,0,medium
TR00508,LST00039,LST00005,0,medium
TR00509,LST00232,LST00052,0,high
TR00510,LST00106,LST00122,0,high
TR00511,LST00161,LST00160,1,medium
TR00512,LST00491,LST00494,1,high
TR00513,LST00103,LST00121,0,high
TR00514,LST00754,LST00746,0,high
TR00515,LST00142,LST00152,0,high
TR00516,LST00243,LST00259,0,high
TR00517,LST00020,LST00017,0,medium
TR00518,LST00146,LST00157,0,medium
TR00519,LST00247,LST00246,1,medium
TR00520,LST00075,LST00123,0,high
TR00521,LST00798,LST00824,0,high
TR00522,LST00402,LST00396,0,high
TR00523,LST00106,LST00108,1,medium
TR00524,LST00011,LST00052,0,high
TR00525,LST00502,LST00498,0,medium
TR00526,LST00511,LST00513,1,low
TR00527,LST00754,LST00791,0,high
TR00528,LST00451,LST00504,0,high
TR00529,LST00302,LST00303,1,medium
TR00530,LST00409,LST00427,0,high
TR00531,LST00249,LST00248,1,high
TR00532,LST00097,LST00071,0,medium
TR00533,LST00161,LST00158,1,high
TR00534,LST00255,LST00251,0,high
TR00535,LST00826,LST00809,0,high
TR00536,LST00422,LST00413,0,high
TR00537,LST00794,LST00044,0,high
TR00538,LST00062,LST00069,0,high
TR00539,LST00759,LST00755,0,high
TR00540,LST00589,LST00570,0,high
TR00541,LST00011,LST00114,0,high
TR00542,LST00572,LST00593,0,high
TR00543,LST00039,LST00116,0,high
TR00544,LST00264,LST00251,0,high
TR00545,LST00056,LST00028,0,medium
TR00546,LST00278,LST00766,0,high
TR00547,LST00486,LST00492,0,high
TR00548,LST00273,LST00262,0,high
TR00549,LST00127,LST00123,1,medium
TR00550,LST00041,LST00412,0,high
TR00551,LST00575,LST00563,0,high
TR00552,LST00092,LST00094,1,high
TR00553,LST00010,LST00012,0,high
TR00554,LST00268,LST00255,0,medium
TR00555,LST00083,LST00010,0,high
TR00556,LST00531,LST00405,0,high
TR00557,LST00490,LST00492,0,medium
TR00558,LST00496,LST00501,0,high
TR00559,LST00395,LST00523,0,high
TR00560,LST00447,LST00471,0,high
TR00561,LST00263,LST00291,0,high
TR00562,LST00811,LST00097,0,high
TR00563,LST00816,LST00749,0,high
TR00564,LST00213,LST00828,0,high
TR00565,LST00053,LST00052,1,high
TR00566,LST00036,LST00018,0,medium
TR00567,LST00813,LST00078,0,medium
TR00568,LST00052,LST00625,0,high
TR00569,LST00287,LST00284,1,high
TR00570,LST00153,LST00151,1,medium
TR00571,LST00047,LST00039,0,high
TR00572,LST00579,LST00589,0,low
TR00573,LST00009,LST00095,0,high
TR00574,LST00744,LST00746,1,high
TR00575,LST00097,LST00082,0,low
TR00576,LST00760,LST00800,0,high
TR00577,LST00008,LST00052,0,high
TR00578,LST00137,LST00140,0,high
TR00579,LST00119,LST00059,0,high
TR00580,LST00067,LST00043,0,medium
TR00581,LST00046,LST00797,0,high
TR00582,LST00047,LST00073,0,high
TR00583,LST00282,LST00278,1,high
TR00584,LST00276,LST00251,0,high
TR00585,LST00095,LST00013,0,high
TR00586,LST00222,LST00214,0,low
TR00587,LST00712,LST00711,1,medium
TR00588,LST00139,LST00167,0,medium
TR00589,LST00270,LST00240,0,high
TR00590,LST00324,LST00165,0,high
TR00591,LST00171,LST00168,1,high
TR00592,LST00815,LST00768,0,high
TR00593,LST00094,LST00321,0,high
TR00594,LST00531,LST00528,1,high
TR00595,LST00813,LST00816,1,high
TR00596,LST00288,LST00305,1,low
TR00597,LST00126,LST00568,0,high
TR00598,LST00760,LST00035,0,high
TR00599,LST00281,LST00282,1,high
TR00600,LST00260,LST00826,0,high
TR00601,LST00040,LST00064,0,medium
TR00602,LST00817,LST00823,0,medium
TR00603,LST00754,LST00756,1,high
TR00604,LST00815,LST00817,1,high
TR00605,LST00030,LST00759,0,medium
TR00606,LST00066,LST00005,0,low
TR00607,LST00472,LST00803,0,low
TR00608,LST00289,LST00294,1,high
TR00609,LST00239,LST00277,0,high
TR00610,LST00272,LST00292,0,high
TR00611,LST00222,LST00568,0,high
TR00612,LST00796,LST00759,0,high
TR00613,LST00580,LST00577,0,high
TR00614,LST00818,LST00744,0,high
TR00615,LST00526,LST00523,1,high
TR00616,LST00482,LST00491,0,high
TR00617,LST00018,LST00025,0,low
TR00618,LST00273,LST00287,0,medium
TR00619,LST00132,LST00695,0,high
TR00620,LST00642,LST00635,0,medium
TR00621,LST00489,LST00497,0,medium
TR00622,LST00695,LST00692,0,medium
TR00623,LST00625,LST00069,0,high
TR00624,LST00242,LST00297,0,high
TR00625,LST00811,LST00758,0,high
TR00626,LST00233,LST00225,0,medium
TR00627,LST00006,LST00010,1,medium
TR00628,LST00290,LST00273,0,high
TR00629,LST00118,LST00792,0,high
TR00630,LST00500,LST00482,0,high
TR00631,LST00092,LST00811,0,high
TR00632,LST00296,LST00249,0,high
TR00633,LST00060,LST00788,0,medium
TR00634,LST00016,LST00043,0,medium
TR00635,LST00749,LST00817,0,high
TR00636,LST00026,LST00014,0,high
TR00637,LST00789,LST00787,0,low
TR00638,LST00236,LST00244,0,high
TR00639,LST00501,LST00498,0,low
TR00640,LST00747,LST00814,0,low
TR00641,LST00009,LST00090,0,high
TR00642,LST00121,LST00099,0,medium
TR00643,LST00010,LST00021,0,medium
TR00644,LST00412,LST00409,1,high
TR00645,LST00143,LST00159,0,medium
TR00646,LST00491,LST00479,0,medium
TR00647,LST00132,LST00573,0,high
TR00648,LST00754,LST00814,0,high
TR00649,LST00745,LST00762,0,medium
TR00650,LST00088,LST00098,0,medium
TR00651,LST00161,LST00137,0,high
TR00652,LST00786,LST00759,0,medium
TR00653,LST00495,LST00481,0,high
TR00654,LST00031,LST00053,0,medium
TR00655,LST00156,LST00131,0,medium
TR00656,LST00292,LST00255,0,high
TR00657,LST00823,LST00824,1,medium
TR00658,LST00093,LST00090,1,high
TR00659,LST00093,LST00075,0,medium
TR00660,LST00822,LST00256,0,medium
TR00661,LST00301,LST00283,0,medium
TR00662,LST00011,LST00229,0,high
TR00663,LST00266,LST00271,0,high
TR00664,LST00299,LST00303,0,high
TR00665,LST00076,LST00090,0,high
TR00666,LST00493,LST00485,0,low
TR00667,LST00819,LST00745,0,high
TR00668,LST00397,LST00522,0,high
TR00669,LST00163,LST00159,0,low
TR00670,LST00589,LST00560,0,high
TR00671,LST00801,LST00804,1,high
TR00672,LST00436,LST00427,0,low
TR00673,LST00799,LST00744,0,high
TR00674,LST00803,LST00798,0,high
TR00675,LST00053,LST00063,0,high
TR00676,LST00049,LST00064,0,medium
TR00677,LST00084,LST00810,0,high
TR00678,LST00279,LST00298,0,medium
TR00679,LST00160,LST00130,0,high
TR00680,LST00826,LST00798,0,high
TR00681,LST00795,LST00789,0,high
TR00682,LST00283,LST00268,0,high
TR00683,LST00797,LST00057,0,high
TR00684,LST00268,LST00295,0,high
TR00685,LST00013,LST00009,0,high
TR00686,LST00253,LST00255,1,high
TR00687,LST00126,LST00028,0,high
TR00688,LST00066,LST00057,0,medium
TR00689,LST00021,LST00093,0,high
TR00690,LST00434,LST00429,0,high
TR00691,LST00213,LST00221,0,high
TR00692,LST00082,LST00095,0,medium
TR00693,LST00143,LST00170,0,medium
TR00694,LST00266,LST00296,0,medium
TR00695,LST00477,LST00505,0,high
TR00696,LST00407,LST00521,0,medium
TR00697,LST00101,LST00119,0,medium
TR00698,LST00105,LST00088,0,high
TR00699,LST00571,LST00577,0,high
TR00700,LST00284,LST00304,0,high
TR00701,LST00627,LST00624,0,medium
TR00702,LST00522,LST00404,0,high
TR00703,LST00112,LST00107,0,high
TR00704,LST00036,LST00033,0,high
TR00705,LST00041,LST00038,0,low
TR00706,LST00263,LST00304,0,high
TR00707,LST00116,LST00004,0,high
TR00708,LST00073,LST00009,0,high
TR00709,LST00043,LST00038,0,medium
TR00710,LST00405,LST00404,1,high
TR00711,LST00029,LST00025,1,high
TR00712,LST00499,LST00487,0,high
TR00713,LST00024,LST00111,0,medium
TR00714,LST00111,LST00107,0,medium
TR00715,LST00138,LST00235,0,medium
TR00716,LST00235,LST00144,0,high
TR00717,LST00148,LST00145,1,low
TR00718,LST00700,LST00710,0,high
TR00719,LST00063,LST00039,0,high
TR00720,LST00246,LST00270,0,high
TR00721,LST00028,LST00030,0,high
TR00722,LST00169,LST00145,0,medium
TR00723,LST00759,LST00806,0,low
TR00724,LST00130,LST00170,0,high
TR00725,LST00077,LST00075,1,high
TR00726,LST00562,LST00564,0,high
TR00727,LST00431,LST00432,1,high
TR00728,LST00052,LST00067,0,high
TR00729,LST00305,LST00302,1,high
TR00730,LST00623,LST00629,0,high
TR00731,LST00255,LST00254,1,medium
TR00732,LST00167,LST00141,0,medium
TR00733,LST00096,LST00086,0,medium
TR00734,LST00246,LST00256,0,high
TR00735,LST00629,LST00622,0,medium
TR00736,LST00013,LST00020,0,high
TR00737,LST00407,LST00398,0,medium
TR00738,LST00565,LST00575,0,high
TR00739,LST00745,LST00744,1,high
TR00740,LST00109,LST00059,0,high
TR00741,LST00529,LST00522,0,high
TR00742,LST00816,LST00795,0,high
TR00743,LST00406,LST00399,0,high
TR00744,LST00257,LST00261,0,high
TR00745,LST00471,LST00442,0,high
TR00746,LST00062,LST00127,0,high
TR00747,LST00103,LST00117,0,high
TR00748,LST00103,LST00107,1,high
TR00749,LST00793,LST00102,0,high
TR00750,LST00042,LST00012,0,high
TR00751,LST00575,LST00570,0,medium
TR00752,LST00119,LST00074,0,high
TR00753,LST00561,LST00572,0,medium
TR00754,LST00076,LST00013,0,high
TR00755,LST00166,LST00136,0,medium
TR00756,LST00055,LST00063,0,high
TR00757,LST00041,LST00756,0,high
TR00758,LST00565,LST00580,0,high
TR00759,LST00792,LST00802,0,high
TR00760,LST00065,LST00068,0,medium
TR00761,LST00800,LST00783,0,medium
TR00762,LST00751,LST00025,0,high
TR00763,LST00626,LST00622,0,high
TR00764,LST00299,LST00291,0,medium
TR00765,LST00810,LST00752,0,high
TR00766,LST00009,LST00066,0,medium
TR00767,LST00026,LST00011,0,medium
TR00768,LST00820,LST00756,0,high
TR00769,LST00001,LST00030,0,high
TR00770,LST00064,LST00061,0,low
TR00771,LST00061,LST00016,0,medium
TR00772,LST00267,LST00285,0,high
TR00773,LST00246,LST00236,0,high
TR00774,LST00478,LST00442,0,high
TR00775,LST00587,LST00590,0,high
TR00776,LST00231,LST00228,1,high
TR00777,LST00016,LST00023,0,high
TR00778,LST00491,LST00484,0,high
TR00779,LST00430,LST00412,0,low
TR00780,LST00477,LST00483,0,high
TR00781,LST00448,LST00452,0,low
TR00782,LST00789,LST00803,0,high
TR00783,LST00234,LST00011,0,high
TR00784,LST00009,LST00129,0,high
TR00785,LST00053,LST00117,0,high
TR00786,LST00115,LST00118,1,high
TR00787,LST00153,LST00167,0,medium
TR00788,LST00068,LST00013,0,high
TR00789,LST00020,LST00022,1,high
TR00790,LST00794,LST00752,0,high
TR00791,LST00567,LST00569,1,high
TR00792,LST00029,LST00063,0,low
TR00793,LST00052,LST00032,0,low
TR00794,LST00420,LST00439,0,high
TR00795,LST00059,LST00017,0,high
TR00796,LST00063,LST00045,0,high
TR00797,LST00121,LST00117,0,medium
TR00798,LST00395,LST00402,0,low
TR00799,LST00042,LST00295,0,high
TR00800,LST00258,LST00268,0,high
TR00801,LST00497,LST00506,0,high
TR00802,LST00264,LST00269,0,high
TR00803,LST00046,LST00268,0,high
TR00804,LST00434,LST00433,1,medium
TR00805,LST00824,LST00243,0,medium
TR00806,LST00582,LST00768,0,high
TR00807,LST00489,LST00478,0,high
TR00808,LST00076,LST00413,0,high
TR00809,LST00577,LST00560,0,high
TR00810,LST00060,LST00058,1,high
TR00811,LST00532,LST00397,0,high
TR00812,LST00276,LST00295,0,high
TR00813,LST00641,LST00635,0,high
TR00814,LST00038,LST00099,0,medium
TR00815,LST00760,LST00807,0,high
TR00816,LST00015,LST00027,0,high
TR00817,LST00035,LST00008,0,medium
TR00818,LST00760,LST00798,0,high
TR00819,LST00393,LST00532,0,high
TR00820,LST00243,LST00245,1,high
TR00821,LST00076,LST00086,0,low
TR00822,LST00564,LST00565,1,low
TR00823,LST00524,LST00401,0,high
TR00824,LST00577,LST00587,0,high
TR00825,LST00092,LST00413,0,high
TR00826,LST00576,LST00564,0,high
TR00827,LST00720,LST00717,1,medium
TR00828,LST00114,LST00123,0,high
TR00829,LST00055,LST00046,0,high
TR00830,LST00230,LST00439,0,high
TR00831,LST00808,LST00816,0,medium
TR00832,LST00506,LST00496,0,high
TR00833,LST00064,LST00060,0,high
TR00834,LST00815,LST00756,0,high
TR00835,LST00423,LST00415,0,high
TR00836,LST00080,LST00808,0,high
TR00837,LST00258,LST00294,0,medium
TR00838,LST00753,LST00787,0,high
TR00839,LST00441,LST00503,0,high
TR00840,LST00106,LST00112,0,high
TR00841,LST00817,LST00088,0,low
TR00842,LST00297,LST00303,0,medium
TR00843,LST00061,LST00093,0,medium
TR00844,LST00247,LST00256,0,low
TR00845,LST00082,LST00064,0,high
TR00846,LST00164,LST00132,0,high
TR00847,LST00303,LST00280,0,high
TR00848,LST00095,LST00813,0,medium
TR00849,LST00415,LST00416,1,medium
TR00850,LST00445,LST00495,0,high
TR00851,LST00694,LST00695,1,medium
TR00852,LST00260,LST00261,1,high
TR00853,LST00237,LST00300,0,high
TR00854,LST00483,LST00479,1,high
TR00855,LST00454,LST00496,0,high
TR00856,LST00794,LST00123,0,high
TR00857,LST00767,LST00799,0,high
TR00858,LST00416,LST00766,0,high
TR00859,LST00760,LST00824,0,high
TR00860,LST00057,LST00114,0,high
TR00861,LST00269,LST00278,0,medium
TR00862,LST00073,LST00811,0,medium
TR00863,LST00818,LST00759,0,medium
TR00864,LST00628,LST00715,0,high
TR00865,LST00589,LST00577,0,high
TR00866,LST00294,LST00254,0,medium
TR00867,LST00075,LST00094,0,medium
TR00868,LST00020,LST00009,0,high
TR00869,LST00581,LST00566,0,medium
TR00870,LST00472,LST00799,0,high
TR00871,LST00522,LST00523,1,high
TR00872,LST00259,LST00281,0,medium
TR00873,LST00397,LST00531,0,high
TR00874,LST00075,LST00074,0,high
TR00875,LST00513,LST00518,0,high
TR00876,LST00794,LST00059,0,medium
TR00877,LST00265,LST00300,0,medium
TR00878,LST00058,LST00070,0,medium
TR00879,LST00077,LST00808,0,high
TR00880,LST00522,LST00394,0,high
TR00881,LST00036,LST00038,1,high
TR00882,LST00268,LST00272,0,high
TR00883,LST00112,LST00122,0,high
TR00884,LST00496,LST00481,0,high
TR00885,LST00492,LST00478,0,high
TR00886,LST00325,LST00294,0,high
TR00887,LST00164,LST00135,0,medium
TR00888,LST00082,LST00126,0,high
TR00889,LST00057,LST00075,0,high
TR00890,LST00433,LST00409,0,high
TR00891,LST00249,LST00240,0,high
TR00892,LST00101,LST00048,0,high
TR00893,LST00500,LST00479,0,high
TR00894,LST00053,LST00068,0,medium
TR00895,LST00478,LST00452,0,high
TR00896,LST00122,LST00048,0,low
TR00897,LST00561,LST00575,0,medium
TR00898,LST00085,LST00076,0,high
TR00899,LST00794,LST00796,0,medium
TR00900,LST00111,LST00118,0,high
TR00901,LST00089,LST00091,1,low
TR00902,LST00756,LST00029,0,medium
TR00903,LST00485,LST00502,0,high
TR00904,LST00158,LST00159,1,medium
TR00905,LST00754,LST00110,0,high
TR00906,LST00279,LST00265,0,high
TR00907,LST00492,LST00479,0,medium
TR00908,LST00578,LST00584,0,high
TR00909,LST00814,LST00074,0,high
TR00910,LST00757,LST00002,0,medium
TR00911,LST00166,LST00135,0,high
TR00912,LST00592,LST00567,0,high
TR00913,LST00033,LST00018,0,low
TR00914,LST00745,LST00749,0,high
TR00915,LST00559,LST00579,0,high
TR00916,LST00729,LST00730,1,high
TR00917,LST00271,LST00299,0,medium
TR00918,LST00007,LST00797,0,high
TR00919,LST00429,LST00435,0,high
TR00920,LST00021,LST00018,0,high
TR00921,LST00038,LST00028,0,medium
TR00922,LST00149,LST00167,0,low
TR00923,LST00292,LST00286,0,high
TR00924,LST00825,LST00814,0,high
TR00925,LST00099,LST00109,0,medium
TR00926,LST00136,LST00135,1,high
TR00927,LST00061,LST00045,0,medium
TR00928,LST00002,LST00062,0,high
TR00929,LST00031,LST00090,0,high
TR00930,LST00321,LST00016,0,high
TR00931,LST00165,LST00155,1,low
TR00932,LST00581,LST00577,0,medium
TR00933,LST00063,LST00086,0,high
TR00934,LST00692,LST00693,1,high
TR00935,LST00044,LST00100,0,high
TR00936,LST00123,LST00009,0,medium
TR00937,LST00756,LST00017,0,high
TR00938,LST00135,LST00159,0,high
TR00939,LST00505,LST00490,0,high
TR00940,LST00251,LST00212,0,high
TR00941,LST00760,LST00758,0,high
TR00942,LST00030,LST00024,0,high
TR00943,LST00295,LST00280,0,medium
TR00944,LST00565,LST00577,0,medium
TR00945,LST00005,LST00751,0,high
TR00946,LST00289,LST00272,0,high
TR00947,LST00063,LST00064,1,high
TR00948,LST00512,LST00513,1,medium
TR00949,LST00039,LST00092,0,high
TR00950,LST00119,LST00118,1,medium
TR00951,LST00505,LST00503,0,low
TR00952,LST00824,LST00236,0,medium
TR00953,LST00243,LST00252,0,high
TR00954,LST00064,LST00023,0,high
TR00955,LST00070,LST00014,0,low
TR00956,LST00014,LST00027,0,medium
TR00957,LST00069,LST00792,0,high
TR00958,LST00487,LST00109,0,high
TR00959,LST00233,LST00231,0,high
TR00960,LST00045,LST00214,0,high
TR00961,LST00487,LST00511,0,high
TR00962,LST00122,LST00129,0,low
TR00963,LST00583,LST00589,0,medium
TR00964,LST00264,LST00250,0,high
TR00965,LST00275,LST00252,0,high
TR00966,LST00496,LST00480,0,high
TR00967,LST00472,LST00443,0,high
TR00968,LST00103,LST00109,1,medium
TR00969,LST00787,LST00783,1,high
TR00970,LST00715,LST00624,0,high
TR00971,LST00430,LST00420,0,high
TR00972,LST00086,LST00095,0,medium
TR00973,LST00123,LST00078,0,medium
TR00974,LST00284,LST00247,0,high
TR00975,LST00281,LST00272,0,medium
TR00976,LST00260,LST00236,0,medium
TR00977,LST00581,LST00582,1,high
TR00978,LST00271,LST00057,0,high
TR00979,LST00442,LST00473,0,high
TR00980,LST00015,LST00002,0,medium
TR00981,LST00589,LST00561,0,medium
TR00982,LST00758,LST00023,0,high
TR00983,LST00510,LST00513,1,high
TR00984,LST00625,LST00622,1,high
TR00985,LST00031,LST00024,0,medium
TR00986,LST00764,LST00826,0,high
TR00987,LST00766,LST00487,0,high
TR00988,LST00116,LST00014,0,high
TR00989,LST00063,LST00003,0,medium
TR00990,LST00696,LST00689,0,medium
TR00991,LST00517,LST00512,0,high
TR00992,LST00267,LST00252,0,high
TR00993,LST00816,LST00811,0,medium
TR00994,LST00021,LST00017,0,low
TR00995,LST00271,LST00472,0,high
TR00996,LST00232,LST00229,0,low
TR00997,LST00130,LST00150,0,high
TR00998,LST00757,LST00812,0,high
TR00999,LST00112,LST00128,0,medium
TR01000,LST00581,LST00565,0,high
TR01001,LST00270,LST00274,1,medium
TR01002,LST00144,LST00134,0,high
TR01003,LST00263,LST00277,0,high
TR01004,LST00055,LST00048,0,medium
TR01005,LST00051,LST00072,0,high
TR01006,LST00012,LST00111,0,high
TR01007,LST00289,LST00268,0,high
TR01008,LST00010,LST00023,0,low
TR01009,LST00584,LST00574,0,high
TR01010,LST00290,LST00263,0,high
TR01011,LST00521,LST00399,0,high
TR01012,LST00037,LST00007,0,low
TR01013,LST00148,LST00147,1,high
TR01014,LST00818,LST00754,0,high
TR01015,LST00427,LST00212,0,high
TR01016,LST00563,LST00571,0,low
TR01017,LST00506,LST00505,1,high
TR01018,LST00304,LST00256,0,high
TR01019,LST00764,LST00767,0,high
TR01020,LST00009,LST00007,1,high
TR01021,LST00745,LST00784,0,high
TR01022,LST00084,LST00079,1,medium
TR01023,LST00237,LST00258,0,medium
TR01024,LST00252,LST00247,0,medium
TR01025,LST00399,LST00393,0,low
TR01026,LST00573,LST00560,0,high
TR01027,LST00094,LST00118,0,high
TR01028,LST00641,LST00640,1,low
TR01029,LST00714,LST00713,1,high
TR01030,LST00124,LST00110,0,high
TR01031,LST00759,LST00028,0,medium
TR01032,LST00008,LST00007,1,low
TR01033,LST00714,LST00761,0,high
TR01034,LST00255,LST00248,0,medium
TR01035,LST00123,LST00113,0,high
TR01036,LST00487,LST00217,0,high
TR01037,LST00126,LST00063,0,high
TR01038,LST00400,LST00532,0,high
TR01039,LST00068,LST00031,0,high
TR01040,LST00107,LST00125,0,low
TR01041,LST00158,LST00165,0,medium
TR01042,LST00030,LST00106,0,high
TR01043,LST00041,LST00015,0,medium
TR01044,LST00008,LST00094,0,medium
TR01045,LST00030,LST00011,0,high
TR01046,LST00132,LST00160,0,high
TR01047,LST00272,LST00266,0,high
TR01048,LST00564,LST00575,0,medium
TR01049,LST00629,LST00627,1,high
TR01050,LST00484,LST00486,1,high
TR01051,LST00794,LST00764,0,high
TR01052,LST00588,LST00567,0,high
TR01053,LST00065,LST00067,0,high
TR01054,LST00054,LST00040,0,medium
TR01055,LST00022,LST00103,0,high
TR01056,LST00292,LST00301,0,high
TR01057,LST00004,LST00017,0,medium
TR01058,LST00298,LST00297,0,low
TR01059,LST00247,LST00249,0,medium
TR01060,LST00284,LST00271,0,medium
TR01061,LST00031,LST00039,0,high
TR01062,LST00086,LST00032,0,high
TR01063,LST00759,LST00029,0,medium
TR01064,LST00789,LST00697,0,high
TR01065,LST00127,LST00789,0,high
TR01066,LST00562,LST00559,1,high
TR01067,LST00269,LST00270,0,high
TR01068,LST00503,LST00453,0,high
TR01069,LST00045,LST00068,0,high
TR01070,LST00242,LST00239,1,high
TR01071,LST00627,LST00625,0,high
TR01072,LST00044,LST00008,0,medium
TR01073,LST00043,LST00125,0,high
TR01074,LST00008,LST00037,0,high
TR01075,LST00419,LST00422,0,medium
TR01076,LST00282,LST00289,0,medium
TR01077,LST00623,LST00770,0,medium
TR01078,LST00404,LST00532,0,high
TR01079,LST00452,LST00079,0,high
TR01080,LST00450,LST00451,1,medium
TR01081,LST00304,LST00290,0,medium
TR01082,LST00021,LST00036,0,medium
TR01083,LST00571,LST00592,0,high
TR01084,LST00704,LST00702,1,medium
TR01085,LST00001,LST00065,0,high
TR01086,LST00477,LST00502,0,high
TR01087,LST00153,LST00155,0,high
TR01088,LST00045,LST00788,0,high
TR01089,LST00582,LST00565,0,medium
TR01090,LST00084,LST00630,0,high
TR01091,LST00584,LST00586,1,medium
TR01092,LST00824,LST00247,0,high
TR01093,LST00087,LST00117,0,high
TR01094,LST00092,LST00113,0,medium
TR01095,LST00784,LST00819,0,high
TR01096,LST00146,LST00155,0,high
TR01097,LST00432,LST00438,0,high
TR01098,LST00577,LST00576,1,high
TR01099,LST00249,LST00287,0,high
TR01100,LST00721,LST00717,1,high
TR01101,LST00148,LST00153,0,high
TR01102,LST00035,LST00783,0,high
TR01103,LST00498,LST00508,0,medium
TR01104,LST00012,LST00024,0,high
TR01105,LST00484,LST00490,1,high
TR01106,LST00015,LST00744,0,high
TR01107,LST00020,LST00046,0,high
TR01108,LST00093,LST00413,0,high
TR01109,LST00472,LST00442,0,high
TR01110,LST00625,LST00138,0,high
TR01111,LST00806,LST00473,0,high
TR01112,LST00001,LST00003,1,high
TR01113,LST00134,LST00136,0,medium
TR01114,LST00788,LST00800,0,high
TR01115,LST00072,LST00095,0,high
TR01116,LST00726,LST00727,1,high
TR01117,LST00051,LST00084,0,high
TR01118,LST00760,LST00001,0,medium
TR01119,LST00498,LST00485,0,medium
TR01120,LST00031,LST00751,0,high
TR01121,LST00056,LST00066,0,high
TR01122,LST00130,LST00163,0,low
TR01123,LST00213,LST00292,0,high
TR01124,LST00698,LST00694,1,high
TR01125,LST00279,LST00277,1,high
TR01126,LST00109,LST00019,0,high
TR01127,LST00026,LST00007,0,high
TR01128,LST00565,LST00294,0,medium
TR01129,LST00525,LST00527,0,medium
TR01130,LST00507,LST00477,0,high
TR01131,LST00021,LST00040,0,medium
TR01132,LST00520,LST00512,0,high
TR01133,LST00786,LST00790,0,medium
TR01134,LST00798,LST00785,0,high
TR01135,LST00027,LST00005,0,low
TR01136,LST00571,LST00576,0,low
TR01137,LST00291,LST00429,0,high
TR01138,LST00056,LST00069,0,high
TR01139,LST00696,LST00694,1,high
TR01140,LST00494,LST00497,1,high
TR01141,LST00288,LST00270,0,medium
TR01142,LST00034,LST00024,0,medium
TR01143,LST00035,LST00062,0,high
TR01144,LST00517,LST00509,0,medium
TR01145,LST00809,LST00749,0,high
TR01146,LST00410,LST00430,0,high
TR01147,LST00063,LST00061,0,medium
TR01148,LST00483,LST00488,0,medium
TR01149,LST00828,LST00826,1,high
TR01150,LST00793,LST00821,0,medium
TR01151,LST00055,LST00022,0,medium
TR01152,LST00753,LST00795,0,high
TR01153,LST00402,LST00530,0,high
TR01154,LST00038,LST00116,0,high
TR01155,LST00429,LST00413,0,high
TR01156,LST00133,LST00156,0,high
TR01157,LST00124,LST00112,0,high
TR01158,LST00424,LST00412,0,high
TR01159,LST00122,LST00103,0,high
TR01160,LST00497,LST00490,0,low
TR01161,LST00578,LST00560,0,medium
TR01162,LST00267,LST00237,0,high
TR01163,LST00827,LST00784,0,high
TR01164,LST00061,LST00787,0,high
TR01165,LST00281,LST00291,0,medium
TR01166,LST00068,LST00035,0,medium
TR01167,LST00090,LST00078,0,high
TR01168,LST00041,LST00111,0,high
TR01169,LST00301,LST00298,0,medium
TR01170,LST00574,LST00587,0,high
TR01171,LST00565,LST00569,1,high
TR01172,LST00274,LST00271,1,high
TR01173,LST00054,LST00068,0,high
TR01174,LST00486,LST00479,0,medium
TR01175,LST00066,LST00022,0,high
TR01176,LST00034,LST00018,0,medium
TR01177,LST00134,LST00160,0,high
TR01178,LST00506,LST00501,0,high
TR01179,LST00582,LST00592,0,medium
TR01180,LST00634,LST00632,1,low
TR01181,LST00823,LST00792,0,high
TR01182,LST00123,LST00108,0,low
TR01183,LST00012,LST00007,0,medium
TR01184,LST00170,LST00140,0,high
TR01185,LST00410,LST00428,0,high
TR01186,LST00290,LST00250,0,high
TR01187,LST00238,LST00237,1,high
TR01188,LST00446,LST00445,1,high
TR01189,LST00054,LST00063,0,low
TR01190,LST00408,LST00436,0,high
TR01191,LST00422,LST00417,0,medium
TR01192,LST00443,LST00492,0,high
TR01193,LST00020,LST00030,0,medium
TR01194,LST00569,LST00578,0,medium
TR01195,LST00039,LST00080,0,high
TR01196,LST00161,LST00140,0,high
TR01197,LST00715,LST00629,0,high
TR01198,LST00824,LST00825,0,high
TR01199,LST00061,LST00017,0,high
TR01200,LST00443,LST00478,0,high
TR01201,LST00817,LST00784,0,high
TR01202,LST00125,LST00022,0,high
TR01203,LST00027,LST00023,0,high
TR01204,LST00394,LST00402,0,high
TR01205,LST00246,LST00245,1,high
TR01206,LST00165,LST00418,0,high
TR01207,LST00269,LST00258,0,high
TR01208,LST00059,LST00015,0,medium
TR01209,LST00424,LST00439,0,high
TR01210,LST00006,LST00744,0,medium
TR01211,LST00423,LST00431,0,high
TR01212,LST00076,LST00091,0,high
TR01213,LST00579,LST00561,0,high
TR01214,LST00796,LST00784,0,high
TR01215,LST00484,LST00500,0,high
TR01216,LST00030,LST00033,1,high
TR01217,LST00234,LST00132,0,high
TR01218,LST00747,LST00019,0,high
TR01219,LST00484,LST00482,0,high
TR01220,LST00147,LST00167,0,high
TR01221,LST00113,LST00062,0,high
TR01222,LST00511,LST00766,0,high
TR01223,LST00530,LST00138,0,high
TR01224,LST00400,LST00325,0,high
TR01225,LST00107,LST00118,0,medium
TR01226,LST00529,LST00523,0,medium
TR01227,LST00054,LST00067,0,medium
TR01228,LST00252,LST00245,0,low
TR01229,LST00813,LST00808,0,low
TR01230,LST00046,LST00104,0,high
TR01231,LST00627,LST00711,0,high
TR01232,LST00033,LST00003,0,high
TR01233,LST00591,LST00587,0,low
TR01234,LST00159,LST00165,0,high
TR01235,LST00436,LST00418,0,high
TR01236,LST00322,LST00323,0,medium
TR01237,LST00212,LST00639,0,high
TR01238,LST00271,LST00290,0,low
TR01239,LST00568,LST00432,0,high
TR01240,LST00759,LST00799,0,high
TR01241,LST00099,LST00015,0,high
TR01242,LST00430,LST00472,0,high
TR01243,LST00094,LST00059,0,high
TR01244,LST00828,LST00015,0,high
TR01245,LST00808,LST00744,0,medium
TR01246,LST00279,LST00242,0,medium
TR01247,LST00783,LST00564,0,medium
TR01248,LST00161,LST00141,0,medium
TR01249,LST00104,LST00103,1,high
TR01250,LST00252,LST00825,0,high
TR01251,LST00440,LST00411,0,high
TR01252,LST00017,LST00002,0,high
TR01253,LST00479,LST00493,0,low
TR01254,LST00076,LST00809,0,low
TR01255,LST00443,LST00490,0,medium
TR01256,LST00570,LST00569,0,high
TR01257,LST00828,LST00427,0,high
TR01258,LST00528,LST00532,1,medium
TR01259,LST00166,LST00147,0,medium
TR01260,LST00705,LST00706,1,high
TR01261,LST00123,LST00107,0,medium
TR01262,LST00152,LST00162,0,medium
TR01263,LST00569,LST00214,0,high
TR01264,LST00046,LST00035,0,medium
TR01265,LST00037,LST00048,0,medium
TR01266,LST00301,LST00267,0,high
TR01267,LST00012,LST00023,0,medium
TR01268,LST00267,LST00242,0,high
TR01269,LST00505,LST00491,0,high
TR01270,LST00807,LST00470,0,high
TR01271,LST00240,LST00825,0,high
TR01272,LST00759,LST00747,0,high
TR01273,LST00089,LST00035,0,high
TR01274,LST00700,LST00706,0,high
TR01275,LST00051,LST00021,0,high
TR01276,LST00241,LST00262,0,high
TR01277,LST00764,LST00765,1,high
TR01278,LST00413,LST00290,0,high
TR01279,LST00216,LST00639,0,high
TR01280,LST00769,LST00783,0,high
TR01281,LST00220,LST00282,0,medium
TR01282,LST00092,LST00071,0,medium
TR01283,LST00638,LST00643,1,high
TR01284,LST00791,LST00122,0,medium
TR01285,LST00170,LST00156,0,medium
TR01286,LST00301,LST00303,1,high
TR01287,LST00036,LST00105,0,high
TR01288,LST00041,LST00758,0,low
TR01289,LST00268,LST00290,0,high
TR01290,LST00262,LST00251,0,low
TR01291,LST00006,LST00027,0,low
TR01292,LST00285,LST00237,0,high
TR01293,LST00017,LST00024,0,high
TR01294,LST00702,LST00576,0,high
TR01295,LST00471,LST00441,0,high
TR01296,LST00566,LST00564,1,high
TR01297,LST00519,LST00515,0,high
TR01298,LST00283,LST00256,0,high
TR01299,LST00020,LST00031,0,high
TR01300,LST00236,LST00263,0,high
TR01301,LST00097,LST00067,0,high
TR01302,LST00063,LST00009,0,high
TR01303,LST00058,LST00038,0,high
TR01304,LST00238,LST00255,0,high
TR01305,LST00110,LST00126,0,high
TR01306,LST00299,LST00217,0,high
TR01307,LST00392,LST00404,0,high
TR01308,LST00788,LST00791,0,low
TR01309,LST00755,LST00760,0,medium
TR01310,LST00031,LST00023,0,low
TR01311,LST00244,LST00241,0,high
TR01312,LST00706,LST00701,0,high
TR01313,LST00749,LST00024,0,high
TR01314,LST00577,LST00567,0,high
TR01315,LST00264,LST00265,0,high
TR01316,LST00274,LST00289,0,high
TR01317,LST00118,LST00034,0,high
TR01318,LST00274,LST00305,0,high
TR01319,LST00324,LST00045,0,high
TR01320,LST00259,LST00294,0,high
TR01321,LST00017,LST00019,1,high
TR01322,LST00057,LST00068,0,high
TR01323,LST00394,LST00403,0,medium
TR01324,LST00171,LST00139,0,high
TR01325,LST00761,LST00630,0,medium
TR01326,LST00113,LST00093,0,high
TR01327,LST00446,LST00470,0,high
TR01328,LST00295,LST00262,0,high
TR01329,LST00718,LST00717,1,high
TR01330,LST00138,LST00162,0,medium
TR01331,LST00798,LST00470,0,medium
TR01332,LST00427,LST00263,0,high
TR01333,LST00223,LST00234,0,medium
TR01334,LST00067,LST00051,0,medium
TR01335,LST00795,LST00791,0,low
TR01336,LST00412,LST00093,0,high
TR01337,LST00058,LST00045,0,low
TR01338,LST00073,LST00049,0,high
TR01339,LST00111,LST00065,0,high
TR01340,LST00820,LST00811,0,high
TR01341,LST00132,LST00149,0,medium
TR01342,LST00585,LST00570,0,high
TR01343,LST00522,LST00392,0,high
TR01344,LST00791,LST00783,0,low
TR01345,LST00247,LST00825,0,high
TR01346,LST00793,LST00762,0,high
TR01347,LST00004,LST00012,0,high
TR01348,LST00713,LST00761,0,low
TR01349,LST00760,LST00750,0,high
TR01350,LST00811,LST00755,0,high
TR01351,LST00086,LST00122,0,high
TR01352,LST00018,LST00003,0,high
TR01353,LST00235,LST00414,0,high
TR01354,LST00048,LST00007,0,low
TR01355,LST00750,LST00811,0,high
TR01356,LST00790,LST00785,0,high
TR01357,LST00220,LST00211,0,medium
TR01358,LST00047,LST00046,0,medium
TR01359,LST00785,LST00783,1,high
TR01360,LST00134,LST00157,0,medium
TR01361,LST00157,LST00148,0,medium
TR01362,LST00785,LST00794,0,high
TR01363,LST00036,LST00077,0,high
TR01364,LST00284,LST00297,0,high
TR01365,LST00402,LST00406,1,high
TR01366,LST00722,LST00723,1,high
TR01367,LST00024,LST00107,0,high
TR01368,LST00559,LST00576,0,medium
TR01369,LST00530,LST00405,0,high
TR01370,LST00827,LST00823,0,high
TR01371,LST00583,LST00579,0,high
TR01372,LST00226,LST00224,0,high
TR01373,LST00689,LST00695,0,high
TR01374,LST00493,LST00480,0,high
TR01375,LST00109,LST00100,0,high
TR01376,LST00048,LST00046,0,medium
TR01377,LST00751,LST00745,0,medium
TR01378,LST00530,LST00226,0,high
TR01379,LST00004,LST00041,0,medium
TR01380,LST00442,LST00451,0,high
TR01381,LST00419,LST00433,0,high
TR01382,LST00431,LST00418,0,low
TR01383,LST00627,LST00766,0,high
TR01384,LST00108,LST00074,0,high
TR01385,LST00479,LST00511,0,high
TR01386,LST00116,LST00001,0,high
TR01387,LST00483,LST00508,0,high
TR01388,LST00030,LST00006,0,high
TR01389,LST00039,LST00065,0,medium
TR01390,LST00770,LST00819,0,high
TR01391,LST00066,LST00061,0,high
TR01392,LST00503,LST00486,0,high
TR01393,LST00760,LST00038,0,high
TR01394,LST00051,LST00003,0,low
TR01395,LST00260,LST00258,0,medium
TR01396,LST00794,LST00043,0,high
TR01397,LST00825,LST00253,0,high
TR01398,LST00695,LST00224,0,high
TR01399,LST00789,LST00064,0,high
TR01400,LST00221,LST00211,0,high
TR01401,LST00795,LST00043,0,high
TR01402,LST00097,LST00073,0,low
TR01403,LST00398,LST00399,1,high
TR01404,LST00452,LST00450,0,medium
TR01405,LST00066,LST00007,0,medium
TR01406,LST00115,LST00122,0,high
TR01407,LST00273,LST00300,0,low
TR01408,LST00043,LST00002,0,medium
TR01409,LST00010,LST00035,0,high
TR01410,LST00056,LST00001,0,low
TR01411,LST00042,LST00413,0,high
TR01412,LST00272,LST00262,0,high
TR01413,LST00014,LST00409,0,high
TR01414,LST00411,LST00433,0,high
TR01415,LST00297,LST00299,1,high
TR01416,LST00018,LST00031,0,high
TR01417,LST00520,LST00515,0,high
TR01418,LST00030,LST00745,0,high
TR01419,LST00401,LST00394,0,high
TR01420,LST00763,LST00716,0,high
TR01421,LST00295,LST00289,1,high
TR01422,LST00043,LST00042,0,medium
TR01423,LST00213,LST00217,0,high
TR01424,LST00218,LST00214,1,high
TR01425,LST00003,LST00043,0,medium
TR01426,LST00147,LST00168,0,high
TR01427,LST00110,LST00120,0,medium
TR01428,LST00046,LST00028,0,high
TR01429,LST00591,LST00573,0,high
TR01430,LST00006,LST00117,0,medium
TR01431,LST00521,LST00397,0,high
TR01432,LST00161,LST00145,0,low
TR01433,LST00799,LST00473,0,medium
TR01434,LST00749,LST00799,0,high
TR01435,LST00527,LST00531,1,high
TR01436,LST00029,LST00055,0,medium
TR01437,LST00031,LST00009,0,high
TR01438,LST00744,LST00033,0,high
TR01439,LST00061,LST00041,0,high
TR01440,LST00248,LST00826,0,high
TR01441,LST00158,LST00139,0,high
TR01442,LST00569,LST00432,0,high
TR01443,LST00475,LST00503,0,high
TR01444,LST00059,LST00038,0,medium
TR01445,LST00013,LST00007,0,high
TR01446,LST00770,LST00750,0,high
TR01447,LST00731,LST00724,0,medium
TR01448,LST00042,LST00011,0,low
TR01449,LST00570,LST00559,0,high
TR01450,LST00243,LST00244,1,high
TR01451,LST00825,LST00243,0,high
TR01452,LST00395,LST00396,1,high
TR01453,LST00453,LST00472,0,high
TR01454,LST00423,LST00438,0,medium
TR01455,LST00484,LST00475,0,medium
TR01456,LST00277,LST00299,0,high
TR01457,LST00042,LST00013,0,high
TR01458,LST00104,LST00115,0,medium
TR01459,LST00506,LST00482,0,high
TR01460,LST00231,LST00223,0,medium
TR01461,LST00291,LST00258,0,high
TR01462,LST00508,LST00487,0,high
TR01463,LST00498,LST00483,0,high
TR01464,LST00036,LST00108,0,medium
TR01465,LST00284,LST00280,0,high
TR01466,LST00021,LST00745,0,high
TR01467,LST00263,LST00243,0,high
TR01468,LST00294,LST00252,0,high
TR01469,LST00816,LST00815,1,high
TR01470,LST00751,LST00018,0,high
TR01471,LST00238,LST00263,0,high
TR01472,LST00056,LST00044,0,low
TR01473,LST00278,LST00140,0,high
TR01474,LST00712,LST00628,0,medium
TR01475,LST00003,LST00008,0,high
TR01476,LST00279,LST00294,0,high
TR01477,LST00006,LST00016,0,high
TR01478,LST00426,LST00433,0,high
TR01479,LST00443,LST00441,1,high
TR01480,LST00238,LST00239,0,medium
TR01481,LST00424,LST00418,0,high
TR01482,LST00715,LST00762,0,high
TR01483,LST00584,LST00567,0,medium
TR01484,LST00039,LST00792,0,high
TR01485,LST00250,LST00239,0,high
TR01486,LST00446,LST00568,0,high
TR01487,LST00515,LST00518,0,high
TR01488,LST00111,LST00105,0,high
TR01489,LST00412,LST00423,0,high
TR01490,LST00035,LST00038,1,medium
TR01491,LST00791,LST00043,0,low
TR01492,LST00623,LST00761,0,high
TR01493,LST00119,LST00052,0,high
TR01494,LST00116,LST00115,1,high
TR01495,LST00305,LST00289,0,high
TR01496,LST00254,LST00243,0,high
TR01497,LST00415,LST00418,1,high
TR01498,LST00506,LST00499,0,high
TR01499,LST00139,LST00156,0,medium
TR01500,LST00032,LST00013,0,high
TR01501,LST00082,LST00096,0,medium
TR01502,LST00826,LST00243,0,high
TR01503,LST00066,LST00055,0,high
TR01504,LST00531,LST00532,1,high
TR01505,LST00278,LST00258,0,high
TR01506,LST00789,LST00812,0,high
TR01507,LST00126,LST00639,0,high
TR01508,LST00045,LST00029,0,high
TR01509,LST00250,LST00246,0,medium
TR01510,LST00122,LST00057,0,high
TR01511,LST00214,LST00211,0,medium
TR01512,LST00012,LST00031,0,medium
TR01513,LST00403,LST00399,0,low
TR01514,LST00017,LST00023,0,high
TR01515,LST00010,LST00016,0,high
TR01516,LST00019,LST00044,0,high
TR01517,LST00488,LST00477,0,low
TR01518,LST00243,LST00249,0,medium
TR01519,LST00408,LST00429,0,high
TR01520,LST00695,LST00228,0,medium
TR01521,LST00639,LST00569,0,high
TR01522,LST00809,LST00808,1,high
TR01523,LST00630,LST00763,0,high
TR01524,LST00626,LST00767,0,high
TR01525,LST00017,LST00037,0,medium
TR01526,LST00485,LST00486,1,high
TR01527,LST00323,LST00321,0,high
TR01528,LST00590,LST00573,0,high
TR01529,LST00150,LST00165,0,high
TR01530,LST00039,LST00032,0,medium
TR01531,LST00629,LST00762,0,low
TR01532,LST00159,LST00132,0,high
TR01533,LST00505,LST00451,0,high
TR01534,LST00058,LST00795,0,medium
TR01535,LST00809,LST00072,0,medium
TR01536,LST00794,LST00790,1,high
TR01537,LST00074,LST00124,0,high
TR01538,LST00757,LST00028,0,medium
TR01539,LST00440,LST00416,0,medium
TR01540,LST00014,LST00037,0,medium
TR01541,LST00045,LST00032,0,high
TR01542,LST00797,LST00785,0,high
TR01543,LST00143,LST00138,0,high
TR01544,LST00490,LST00504,0,high
TR01545,LST00264,LST00253,0,high
TR01546,LST00567,LST00217,0,high
TR01547,LST00153,LST00132,0,high
TR01548,LST00804,LST00744,0,high
TR01549,LST00042,LST00009,0,medium
TR01550,LST00013,LST00034,0,medium
TR01551,LST00006,LST00037,0,high
TR01552,LST00094,LST00077,0,high
TR01553,LST00797,LST00788,0,medium
TR01554,LST00111,LST00123,0,medium
TR01555,LST00503,LST00506,0,high
TR01556,LST00236,LST00265,0,high
TR01557,LST00023,LST00029,0,medium
TR01558,LST00135,LST00134,0,high
TR01559,LST00096,LST00032,0,high
TR01560,LST00592,LST00133,0,high
TR01561,LST00423,LST00434,0,high
TR01562,LST00237,LST00246,0,low
TR01563,LST00295,LST00294,1,medium
TR01564,LST00394,LST00529,0,medium
TR01565,LST00322,LST00076,0,high
TR01566,LST00098,LST00082,0,low
TR01567,LST00078,LST00076,1,medium
TR01568,LST00248,LST00822,0,medium
TR01569,LST00591,LST00585,0,high
TR01570,LST00103,LST00592,0,high
TR01571,LST00430,LST00423,0,high
TR01572,LST00049,LST00058,0,high
TR01573,LST00824,LST00786,0,high
TR01574,LST00281,LST00247,0,high
TR01575,LST00502,LST00500,0,medium
TR01576,LST00093,LST00295,0,medium
TR01577,LST00711,LST00770,0,medium
TR01578,LST00040,LST00127,0,high
TR01579,LST00392,LST00402,0,medium
TR01580,LST00265,LST00244,0,high
TR01581,LST00014,LST00078,0,high
TR01582,LST00581,LST00593,0,high
TR01583,LST00479,LST00494,0,medium
TR01584,LST00101,LST00107,0,medium
TR01585,LST00123,LST00118,0,medium
TR01586,LST00752,LST00708,0,high
TR01587,LST00115,LST00120,1,high
TR01588,LST00034,LST00030,1,high
TR01589,LST00712,LST00761,0,high
TR01590,LST00530,LST00229,0,high
TR01591,LST00038,LST00042,0,medium
TR01592,LST00806,LST00827,0,high
TR01593,LST00785,LST00792,0,high
TR01594,LST00117,LST00102,0,high
TR01595,LST00529,LST00525,0,medium
TR01596,LST00293,LST00266,0,high
TR01597,LST00404,LST00524,0,high
TR01598,LST00786,LST00763,0,low
TR01599,LST00451,LST00444,0,medium
TR01600,LST00532,LST00395,0,high
TR01601,LST00818,LST00817,1,high
TR01602,LST00001,LST00034,0,high
TR01603,LST00434,LST00483,0,high
TR01604,LST00477,LST00573,0,high
TR01605,LST00810,LST00074,0,high
TR01606,LST00749,LST00762,0,high
TR01607,LST00098,LST00092,0,high
TR01608,LST00126,LST00115,0,high
TR01609,LST00266,LST00256,0,high
TR01610,LST00404,LST00401,1,high
TR01611,LST00768,LST00630,0,high
TR01612,LST00429,LST00440,0,medium
TR01613,LST00744,LST00809,0,high
TR01614,LST00023,LST00006,0,low
TR01615,LST00752,LST00007,0,medium
TR01616,LST00747,LST00021,0,high
TR01617,LST00167,LST00133,0,medium
TR01618,LST00091,LST00035,0,high
TR01619,LST00119,LST00067,0,high
TR01620,LST00761,LST00799,0,high
TR01621,LST00008,LST00005,0,medium
TR01622,LST00008,LST00011,1,high
TR01623,LST00759,LST00033,0,medium
TR01624,LST00165,LST00142,0,low
TR01625,LST00481,LST00491,0,low
TR01626,LST00126,LST00104,0,high
TR01627,LST00298,LST00282,0,medium
TR01628,LST00249,LST00295,0,high
TR01629,LST00155,LST00163,0,high
TR01630,LST00792,LST00766,0,high
TR01631,LST00486,LST00491,0,high
TR01632,LST00095,LST00083,0,high
TR01633,LST00096,LST00083,0,medium
TR01634,LST00748,LST00022,0,high
TR01635,LST00038,LST00037,1,high
TR01636,LST00220,LST00452,0,high
TR01637,LST00395,LST00397,0,medium
TR01638,LST00038,LST00017,0,high
TR01639,LST00251,LST00261,0,medium
TR01640,LST00016,LST00042,0,medium
TR01641,LST00767,LST00765,0,medium
TR01642,LST00299,LST00109,0,high
TR01643,LST00504,LST00506,0,high
TR01644,LST00144,LST00228,0,high
TR01645,LST00567,LST00560,0,medium
TR01646,LST00724,LST00723,1,medium
TR01647,LST00036,LST00039,0,high
TR01648,LST00056,LST00795,0,low
TR01649,LST00022,LST00059,0,high
TR01650,LST00088,LST00116,0,high
TR01651,LST00530,LST00396,0,high
TR01652,LST00274,LST00273,1,high
TR01653,LST00757,LST00019,0,high
TR01654,LST00122,LST00029,0,medium
TR01655,LST00455,LST00453,1,high
TR01656,LST00238,LST00257,0,medium
TR01657,LST00039,LST00051,0,medium
TR01658,LST00128,LST00002,0,high
TR01659,LST00107,LST00072,0,high
TR01660,LST00263,LST00302,0,high
TR01661,LST00571,LST00568,0,medium
TR01662,LST00039,LST00793,0,high
TR01663,LST00435,LST00416,0,high
TR01664,LST00079,LST00565,0,high
TR01665,LST00420,LST00415,1,high
TR01666,LST00786,LST00755,0,high
TR01667,LST00243,LST00257,0,high
TR01668,LST00109,LST00111,0,high
TR01669,LST00824,LST00238,0,high
TR01670,LST00217,LST00212,0,high
TR01671,LST00429,LST00424,0,high
TR01672,LST00171,LST00137,0,low
TR01673,LST00821,LST00823,1,high
TR01674,LST00794,LST00825,0,high
TR01675,LST00702,LST00578,0,high
TR01676,LST00795,LST00812,0,high
TR01677,LST00588,LST00563,0,high
TR01678,LST00789,LST00758,0,high
TR01679,LST00146,LST00171,0,high
TR01680,LST00497,LST00491,1,high
TR01681,LST00755,LST00004,0,high
TR01682,LST00051,LST00066,0,low
TR01683,LST00244,LST00245,1,low
TR01684,LST00242,LST00255,0,high
TR01685,LST00449,LST00473,0,high
TR01686,LST00436,LST00412,0,high
TR01687,LST00484,LST00503,0,high
TR01688,LST00559,LST00589,0,high
TR01689,LST00799,LST00814,0,high
TR01690,LST00041,LST00039,1,high
TR01691,LST00287,LST00278,0,high
TR01692,LST00138,LST00414,0,high
TR01693,LST00791,LST00806,0,high
TR01694,LST00416,LST00427,0,high
TR01695,LST00813,LST00759,0,high
TR01696,LST00104,LST00122,0,high
TR01697,LST00125,LST00118,0,medium
TR01698,LST00451,LST00487,0,high
TR01699,LST00031,LST00015,0,low
TR01700,LST00527,LST00526,0,low
TR01701,LST00065,LST00013,0,medium
TR01702,LST00091,LST00060,0,high
TR01703,LST00075,LST00430,0,high
TR01704,LST00235,LST00084,0,high
TR01705,LST00593,LST00564,0,high
TR01706,LST00441,LST00449,0,medium
TR01707,LST00795,LST00813,0,low
TR01708,LST00794,LST00788,0,medium
TR01709,LST00014,LST00011,0,high
TR01710,LST00127,LST00119,0,medium
TR01711,LST00282,LST00297,0,high
TR01712,LST00151,LST00165,0,medium
TR01713,LST00392,LST00393,1,high
TR01714,LST00789,LST00056,0,high
TR01715,LST00070,LST00052,0,medium
TR01716,LST00750,LST00817,0,low
TR01717,LST00096,LST00097,1,medium
TR01718,LST00814,LST00815,1,high
TR01719,LST00098,LST00096,1,medium
TR01720,LST00443,LST00454,0,medium
TR01721,LST00278,LST00487,0,high
TR01722,LST00067,LST00068,1,high
TR01723,LST00212,LST00324,0,high
TR01724,LST00108,LST00060,0,high
TR01725,LST00769,LST00623,0,high
TR01726,LST00765,LST00625,0,low
TR01727,LST00043,LST00035,0,high
TR01728,LST00480,LST00491,0,low
TR01729,LST00260,LST00259,1,medium
TR01730,LST00075,LST00409,0,medium
TR01731,LST00692,LST00694,0,low
TR01732,LST00117,LST00010,0,high
TR01733,LST00440,LST00413,0,medium
TR01734,LST00822,LST00801,0,high
TR01735,LST00051,LST00002,0,high
TR01736,LST00700,LST00699,1,high
TR01737,LST00015,LST00013,1,high
TR01738,LST00129,LST00128,1,medium
TR01739,LST00472,LST00802,0,medium
TR01740,LST00147,LST00145,1,medium
TR01741,LST00795,LST00068,0,high
TR01742,LST00792,LST00057,0,high
TR01743,LST00171,LST00132,0,medium
TR01744,LST00439,LST00431,0,medium
TR01745,LST00237,LST00268,0,high
TR01746,LST00292,LST00293,1,high
TR01747,LST00756,LST00812,0,medium
TR01748,LST00276,LST00240,0,high
TR01749,LST00161,LST00135,0,medium
TR01750,LST00821,LST00759,0,medium
TR01751,LST00125,LST00113,0,medium
TR01752,LST00787,LST00794,0,medium
TR01753,LST00474,LST00446,0,high
TR01754,LST00530,LST00230,0,high
TR01755,LST00048,LST00050,1,high
TR01756,LST00219,LST00217,0,medium
TR01757,LST00132,LST00152,0,high
TR01758,LST00059,LST00117,0,high
TR01759,LST00494,LST00490,0,high
TR01760,LST00072,LST00063,0,high
TR01761,LST00263,LST00298,0,high
TR01762,LST00103,LST00100,0,medium
TR01763,LST00264,LST00271,0,high
TR01764,LST00108,LST00039,0,high
TR01765,LST00434,LST00412,0,high
TR01766,LST00017,LST00011,0,medium
TR01767,LST00808,LST00095,0,low
TR01768,LST00624,LST00769,0,medium
TR01769,LST00793,LST00056,0,high
TR01770,LST00407,LST00393,0,low
TR01771,LST00260,LST00262,1,high
TR01772,LST00412,LST00042,0,high
TR01773,LST00015,LST00047,0,low
TR01774,LST00454,LST00447,0,medium
TR01775,LST00766,LST00768,0,medium
TR01776,LST00784,LST00786,1,high
TR01777,LST00249,LST00262,0,high
TR01778,LST00036,LST00048,0,high
TR01779,LST00246,LST00254,0,high
TR01780,LST00759,LST00034,0,high
TR01781,LST00819,LST00256,0,high
TR01782,LST00710,LST00699,0,low
TR01783,LST00760,LST00757,0,low
TR01784,LST00797,LST00760,0,high
TR01785,LST00062,LST00043,0,medium
TR01786,LST00795,LST00067,0,low
TR01787,LST00573,LST00138,0,high
TR01788,LST00473,LST00802,0,high
TR01789,LST00412,LST00028,0,high
TR01790,LST00222,LST00213,0,medium
TR01791,LST00095,LST00090,0,medium
TR01792,LST00285,LST00302,0,high
TR01793,LST00581,LST00791,0,high
TR01794,LST00157,LST00139,0,low
TR01795,LST00117,LST00100,0,high
TR01796,LST00487,LST00480,0,high
TR01797,LST00009,LST00028,0,high
TR01798,LST00144,LST00159,0,low
TR01799,LST00120,LST00748,0,high
TR01800,LST00026,LST00755,0,high
TR01801,LST00009,LST00758,0,low
TR01802,LST00086,LST00077,0,high
TR01803,LST00054,LST00071,0,high
TR01804,LST00401,LST00526,0,high
TR01805,LST00045,LST00046,1,high
TR01806,LST00285,LST00255,0,high
TR01807,LST00019,LST00018,1,high
TR01808,LST00799,LST00800,1,high
TR01809,LST00729,LST00723,0,high
TR01810,LST00266,LST00263,0,high
TR01811,LST00758,LST00750,0,high
TR01812,LST00745,LST00827,0,high
TR01813,LST00624,LST00764,0,high
TR01814,LST00712,LST00713,1,high
TR01815,LST00503,LST00492,0,high
TR01816,LST00434,LST00103,0,high
TR01817,LST00156,LST00163,0,high
TR01818,LST00295,LST00293,1,high
TR01819,LST00826,LST00238,0,high
TR01820,LST00759,LST00009,0,medium
TR01821,LST00818,LST00809,0,high
TR01822,LST00711,LST00715,1,high
TR01823,LST00123,LST00128,1,high
TR01824,LST00575,LST00578,1,high
TR01825,LST00013,LST00041,0,medium
TR01826,LST00155,LST00164,0,high
TR01827,LST00039,LST00026,0,high
TR01828,LST00472,LST00474,1,medium
TR01829,LST00227,LST00573,0,high
TR01830,LST00015,LST00012,1,high
TR01831,LST00576,LST00563,0,high
TR01832,LST00529,LST00401,0,high
TR01833,LST00493,LST00506,0,high
TR01834,LST00712,LST00627,0,high
TR01835,LST00798,LST00472,0,low
TR01836,LST00452,LST00505,0,high
TR01837,LST00255,LST00265,0,high
TR01838,LST00425,LST00439,0,high
TR01839,LST00528,LST00527,1,high
TR01840,LST00403,LST00522,0,high
TR01841,LST00291,LST00267,0,high
TR01842,LST00287,LST00275,0,medium
TR01843,LST00029,LST00020,0,medium
TR01844,LST00024,LST00003,0,medium
TR01845,LST00438,LST00411,0,high
TR01846,LST00259,LST00240,0,medium
TR01847,LST00525,LST00399,0,high
TR01848,LST00628,LST00761,0,low
TR01849,LST00275,LST00298,0,medium
TR01850,LST00088,LST00069,0,high
TR01851,LST00514,LST00516,0,medium
TR01852,LST00639,LST00432,0,high
TR01853,LST00159,LST00145,0,high
TR01854,LST00218,LST00400,0,high
TR01855,LST00708,LST00706,0,medium
TR01856,LST00487,LST00494,0,low
TR01857,LST00582,LST00818,0,high
TR01858,LST00051,LST00034,0,low
TR01859,LST00496,LST00504,0,high
TR01860,LST00100,LST00325,0,high
TR01861,LST00294,LST00291,1,high
TR01862,LST00068,LST00027,0,high
TR01863,LST00454,LST00490,0,medium
TR01864,LST00488,LST00481,0,medium
TR01865,LST00149,LST00160,0,high
TR01866,LST00029,LST00002,0,high
TR01867,LST00168,LST00141,0,high
TR01868,LST00754,LST00026,0,high
TR01869,LST00290,LST00301,0,high
TR01870,LST00392,LST00397,0,high
TR01871,LST00626,LST00714,0,high
TR01872,LST00483,LST00501,0,high
TR01873,LST00143,LST00165,0,high
TR01874,LST00041,LST00753,0,high
TR01875,LST00241,LST00271,0,high
TR01876,LST00231,LST00230,1,high
TR01877,LST00070,LST00790,0,medium
TR01878,LST00453,LST00478,0,high
TR01879,LST00278,LST00247,0,high
TR01880,LST00069,LST00070,1,high
TR01881,LST00127,LST00052,0,high
TR01882,LST00027,LST00748,0,medium
TR01883,LST00141,LST00158,0,high
TR01884,LST00014,LST00059,0,high
TR01885,LST00566,LST00587,0,high
TR01886,LST00139,LST00134,0,high
TR01887,LST00057,LST00046,0,medium
TR01888,LST00300,LST00288,0,high
TR01889,LST00285,LST00249,0,high
TR01890,LST00041,LST00430,0,high
TR01891,LST00826,LST00810,0,high
TR01892,LST00488,LST00493,0,high
TR01893,LST00814,LST00765,0,high
TR01894,LST00582,LST00569,0,high
TR01895,LST00007,LST00023,0,high
TR01896,LST00269,LST00292,0,high
TR01897,LST00121,LST00127,0,medium
TR01898,LST00130,LST00147,0,high
TR01899,LST00152,LST00139,0,high
TR01900,LST00073,LST00091,0,high
TR01901,LST00071,LST00086,0,medium
TR01902,LST00256,LST00828,0,low
TR01903,LST00796,LST00070,0,high
TR01904,LST00068,LST00006,0,medium
TR01905,LST00807,LST00767,0,high
TR01906,LST00005,LST00744,0,medium
TR01907,LST00789,LST00794,1,low
TR01908,LST00249,LST00283,0,high
TR01909,LST00288,LST00238,0,high
TR01910,LST00171,LST00150,0,medium
TR01911,LST00271,LST00287,0,low
TR01912,LST00018,LST00087,0,high
TR01913,LST00811,LST00813,0,low
TR01914,LST00756,LST00821,0,high
TR01915,LST00045,LST00128,0,high
TR01916,LST00501,LST00504,1,high
TR01917,LST00073,LST00092,0,medium
TR01918,LST00142,LST00141,1,high
TR01919,LST00694,LST00689,0,high
TR01920,LST00003,LST00002,1,high
TR01921,LST00170,LST00166,0,low
TR01922,LST00102,LST00103,0,high
TR01923,LST00570,LST00565,0,medium
TR01924,LST00227,LST00233,0,medium
TR01925,LST00232,LST00226,0,high
TR01926,LST00292,LST00828,0,medium
TR01927,LST00705,LST00566,0,high
TR01928,LST00493,LST00475,0,medium
TR01929,LST00002,LST00758,0,high
TR01930,LST00438,LST00414,0,medium
TR01931,LST00038,LST00011,0,high
TR01932,LST00561,LST00566,0,low
TR01933,LST00419,LST00436,0,high
TR01934,LST00064,LST00031,0,high
TR01935,LST00111,LST00064,0,high
TR01936,LST00238,LST00241,0,medium
TR01937,LST00801,LST00474,0,medium
TR01938,LST00470,LST00450,0,high
TR01939,LST00819,LST00240,0,high
TR01940,LST00590,LST00591,1,high
TR01941,LST00793,LST00795,0,low
TR01942,LST00128,LST00106,0,medium
TR01943,LST00571,LST00567,0,high
TR01944,LST00061,LST00012,0,high
TR01945,LST00828,LST00290,0,medium
TR01946,LST00001,LST00010,0,high
TR01947,LST00300,LST00287,0,low
TR01948,LST00141,LST00138,0,low
TR01949,LST00042,LST00015,0,medium
TR01950,LST00758,LST00017,0,high
TR01951,LST00217,LST00766,0,high
TR01952,LST00714,LST00766,0,high
TR01953,LST00574,LST00575,0,high
TR01954,LST00495,LST00483,0,low
TR01955,LST00806,LST00799,0,high
TR01956,LST00484,LST00498,0,high
TR01957,LST00590,LST00572,0,high
TR01958,LST00759,LST00760,1,medium
TR01959,LST00013,LST00039,0,low
TR01960,LST00040,LST00062,0,high
TR01961,LST00292,LST00305,0,medium
TR01962,LST00265,LST00291,0,high
TR01963,LST00029,LST00075,0,high
TR01964,LST00471,LST00448,0,high
TR01965,LST00248,LST00266,0,medium
TR01966,LST00032,LST00751,0,medium
TR01967,LST00027,LST00096,0,high
TR01968,LST00530,LST00393,0,high
TR01969,LST00283,LST00284,1,high
TR01970,LST00754,LST00759,0,high
TR01971,LST00300,LST00285,0,medium
TR01972,LST00215,LST00219,0,medium
TR01973,LST00037,LST00051,0,medium
TR01974,LST00770,LST00761,0,low
TR01975,LST00276,LST00282,1,high
TR01976,LST00035,LST00037,1,high
TR01977,LST00702,LST00796,0,high
TR01978,LST00753,LST00767,0,high
TR01979,LST00118,LST00019,0,high
TR01980,LST00125,LST00119,0,medium
TR01981,LST00034,LST00102,0,high
TR01982,LST00401,LST00406,1,high
TR01983,LST00286,LST00256,0,high
TR01984,LST00761,LST00821,0,high
TR01985,LST00702,LST00818,0,high
TR01986,LST00804,LST00799,0,high
TR01987,LST00288,LST00254,0,high
TR01988,LST00104,LST00111,0,low
TR01989,LST00133,LST00170,0,high
TR01990,LST00626,LST00623,0,high
TR01991,LST00075,LST00078,1,high
TR01992,LST00040,LST00032,0,medium
TR01993,LST00267,LST00277,0,high
TR01994,LST00490,LST00481,0,medium
TR01995,LST00147,LST00154,0,medium
TR01996,LST00167,LST00165,1,medium
TR01997,LST00287,LST00285,1,high
TR01998,LST00063,LST00038,0,high
TR01999,LST00760,LST00746,0,high
TR02000,LST00029,LST00094,0,high
TR02001,LST00475,LST00495,0,high
TR02002,LST00013,LST00212,0,high
TR02003,LST00485,LST00446,0,high
TR02004,LST00152,LST00167,0,medium
TR02005,LST00044,LST00045,1,high
TR02006,LST00029,LST00748,0,medium
TR02007,LST00427,LST00426,1,high
TR02008,LST00569,LST00573,0,high
TR02009,LST00503,LST00444,0,high
TR02010,LST00697,LST00695,1,high
TR02011,LST00016,LST00033,0,high
TR02012,LST00745,LST00755,0,high
TR02013,LST00752,LST00016,0,medium
TR02014,LST00475,LST00492,0,high
TR02015,LST00744,LST00037,0,high
TR02016,LST00473,LST00471,1,high
TR02017,LST00043,LST00263,0,high
TR02018,LST00276,LST00266,0,high
TR02019,LST00040,LST00028,0,medium
TR02020,LST00130,LST00142,0,high
TR02021,LST00217,LST00140,0,high
TR02022,LST00564,LST00574,0,high
TR02023,LST00211,LST00218,0,medium
TR02024,LST00007,LST00756,0,high
TR02025,LST00751,LST00744,0,medium
TR02026,LST00828,LST00808,0,high
TR02027,LST00284,LST00288,1,high
TR02028,LST00227,LST00229,1,high
TR02029,LST00033,LST00055,0,low
TR02030,LST00092,LST00429,0,high
TR02031,LST00268,LST00275,0,low
TR02032,LST00562,LST00791,0,high
TR02033,LST00744,LST00757,0,high
TR02034,LST00217,LST00210,0,medium
TR02035,LST00506,LST00495,0,high
TR02036,LST00414,LST00428,0,high
TR02037,LST00494,LST00503,0,high
TR02038,LST00168,LST00157,0,high
TR02039,LST00473,LST00446,0,medium
TR02040,LST00243,LST00258,0,medium
TR02041,LST00060,LST00045,0,high
TR02042,LST00275,LST00271,1,low
TR02043,LST00153,LST00156,0,high
TR02044,LST00592,LST00579,0,medium
TR02045,LST00418,LST00432,0,high
TR02046,LST00428,LST00421,0,high
TR02047,LST00068,LST00793,0,low
TR02048,LST00150,LST00131,0,high
TR02049,LST00427,LST00093,0,high
TR02050,LST00801,LST00760,0,high
TR02051,LST00045,LST00055,0,medium
TR02052,LST00814,LST00079,0,medium
TR02053,LST00484,LST00504,0,high
TR02054,LST00784,LST00785,1,high
TR02055,LST00101,LST00124,0,high
TR02056,LST00426,LST00440,0,high
TR02057,LST00576,LST00815,0,high
TR02058,LST00136,LST00131,0,high
TR02059,LST00105,LST00031,0,high
TR02060,LST00238,LST00271,0,high
TR02061,LST00496,LST00479,0,low
TR02062,LST00691,LST00689,1,high
TR02063,LST00796,LST00825,0,high
TR02064,LST00770,LST00715,0,high
TR02065,LST00147,LST00157,0,high
TR02066,LST00269,LST00300,0,low
TR02067,LST00418,LST00430,0,high
TR02068,LST00113,LST00040,0,high
TR02069,LST00809,LST00083,0,medium
TR02070,LST00015,LST00009,0,medium
TR02071,LST00040,LST00075,0,high
TR02072,LST00017,LST00008,0,medium
TR02073,LST00138,LST00152,0,medium
TR02074,LST00702,LST00710,0,high
TR02075,LST00149,LST00161,0,medium
TR02076,LST00693,LST00698,0,high
TR02077,LST00241,LST00268,0,medium
TR02078,LST00024,LST00010,0,medium
TR02079,LST00147,LST00162,0,medium
TR02080,LST00431,LST00429,0,high
TR02081,LST00051,LST00053,1,high
TR02082,LST00828,LST00243,0,medium
TR02083,LST00744,LST00041,0,medium
TR02084,LST00068,LST00056,0,medium
TR02085,LST00131,LST00143,0,high
TR02086,LST00018,LST00040,0,high
TR02087,LST00816,LST00786,0,high
TR02088,LST00301,LST00251,0,high
TR02089,LST00242,LST00243,0,medium
TR02090,LST00445,LST00447,1,high
TR02091,LST00483,LST00444,0,high
TR02092,LST00516,LST00518,1,high
TR02093,LST00059,LST00797,0,low
TR02094,LST00045,LST00048,0,high
TR02095,LST00751,LST00760,0,medium
TR02096,LST00137,LST00143,0,high
TR02097,LST00069,LST00030,0,medium
TR02098,LST00766,LST00133,0,high
TR02099,LST00160,LST00166,0,low
TR02100,LST00140,LST00139,0,medium
TR02101,LST00105,LST00055,0,high
TR02102,LST00770,LST00627,0,medium
TR02103,LST00532,LST00525,0,medium
TR02104,LST00478,LST00479,1,high
TR02105,LST00023,LST00005,0,low
TR02106,LST00266,LST00294,0,high
TR02107,LST00814,LST00818,1,high
TR02108,LST00032,LST00079,0,high
TR02109,LST00295,LST00263,0,high
TR02110,LST00264,LST00237,0,high
TR02111,LST00580,LST00570,0,high
TR02112,LST00418,LST00416,1,high
TR02113,LST00573,LST00584,0,high
TR02114,LST00253,LST00259,0,medium
TR02115,LST00716,LST00711,1,medium
TR02116,LST00712,LST00768,0,high
TR02117,LST00055,LST00050,0,high
TR02118,LST00093,LST00165,0,high
TR02119,LST00487,LST00498,0,high
TR02120,LST00291,LST00302,0,medium
TR02121,LST00132,LST00151,0,high
TR02122,LST00505,LST00493,0,high
TR02123,LST00094,LST00109,0,high
TR02124,LST00753,LST00810,0,high
TR02125,LST00035,LST00759,0,high
TR02126,LST00106,LST00093,0,high
TR02127,LST00499,LST00481,0,high
TR02128,LST00401,LST00402,1,medium
TR02129,LST00129,LST00123,1,high
TR02130,LST00501,LST00489,0,high
TR02131,LST00420,LST00427,0,high
TR02132,LST00421,LST00434,0,high
TR02133,LST00166,LST00152,0,high
TR02134,LST00492,LST00497,1,high
TR02135,LST00141,LST00170,0,medium
TR02136,LST00285,LST00298,0,medium
TR02137,LST00584,LST00591,0,high
TR02138,LST00240,LST00241,1,medium
TR02139,LST00039,LST00038,0,medium
TR02140,LST00765,LST00744,0,high
TR02141,LST00565,LST00585,0,high
TR02142,LST00245,LST00240,0,high
TR02143,LST00238,LST00299,0,high
TR02144,LST00761,LST00765,1,medium
TR02145,LST00266,LST00267,1,high
TR02146,LST00078,LST00808,0,high
TR02147,LST00302,LST00253,0,high
TR02148,LST00094,LST00074,0,medium
TR02149,LST00248,LST00260,0,low
TR02150,LST00403,LST00395,0,medium
TR02151,LST00754,LST00035,0,medium
TR02152,LST00103,LST00099,0,medium
TR02153,LST00219,LST00213,0,medium
TR02154,LST00628,LST00630,1,high
TR02155,LST00028,LST00055,0,low
TR02156,LST00251,LST00260,0,low
TR02157,LST00418,LST00446,0,high
TR02158,LST00005,LST00065,0,high
TR02159,LST00576,LST00579,0,high
TR02160,LST00294,LST00261,0,high
TR02161,LST00081,LST00002,0,high
TR02162,LST00161,LST00151,0,high
TR02163,LST00003,LST00746,0,medium
TR02164,LST00084,LST00071,0,high
TR02165,LST00827,LST00245,0,high
TR02166,LST00022,LST00023,1,medium
TR02167,LST00021,LST00033,0,high
TR02168,LST00046,LST00044,1,high
TR02169,LST00475,LST00491,0,medium
TR02170,LST00032,LST00080,0,high
TR02171,LST00072,LST00080,0,high
TR02172,LST00170,LST00144,0,high
TR02173,LST00402,LST00393,0,high
TR02174,LST00582,LST00708,0,high
TR02175,LST00022,LST00010,0,medium
TR02176,LST00053,LST00091,0,high
TR02177,LST00635,LST00638,0,low
TR02178,LST00106,LST00107,1,high
TR02179,LST00624,LST00767,0,medium
TR02180,LST00406,LST00400,0,high
TR02181,LST00299,LST00302,0,high
TR02182,LST00423,LST00427,0,high
TR02183,LST00054,LST00796,0,high
TR02184,LST00762,LST00770,0,medium
TR02185,LST00113,LST00121,0,high
TR02186,LST00716,LST00764,0,high
TR02187,LST00037,LST00033,0,low
TR02188,LST00007,LST00028,0,high
TR02189,LST00253,LST00245,0,medium
TR02190,LST00250,LST00279,0,medium
TR02191,LST00016,LST00076,0,high
TR02192,LST00809,LST00750,0,high
TR02193,LST00303,LST00300,1,medium
TR02194,LST00011,LST00223,0,high
TR02195,LST00531,LST00402,0,high
TR02196,LST00424,LST00423,1,high
TR02197,LST00262,LST00253,0,medium
TR02198,LST00077,LST00117,0,high
TR02199,LST00265,LST00269,1,medium
TR02200,LST00401,LST00395,0,high
TR02201,LST00148,LST00135,0,low
TR02202,LST00052,LST00066,0,high
TR02203,LST00251,LST00822,0,medium
TR02204,LST00036,LST00754,0,medium
TR02205,LST00292,LST00298,0,medium
TR02206,LST00016,LST00008,0,medium
TR02207,LST00010,LST00057,0,high
TR02208,LST00580,LST00576,0,high
TR02209,LST00092,LST00018,0,high
TR02210,LST00814,LST00800,0,high
TR02211,LST00640,LST00637,0,high
TR02212,LST00246,LST00252,1,low
TR02213,LST00411,LST00419,0,high
TR02214,LST00715,LST00712,1,high
TR02215,LST00118,LST00121,0,high
TR02216,LST00009,LST00087,0,high
TR02217,LST00213,LST00093,0,medium
TR02218,LST00574,LST00569,0,high
TR02219,LST00026,LST00062,0,medium
TR02220,LST00566,LST00710,0,high
TR02221,LST00234,LST00477,0,high
TR02222,LST00816,LST00760,0,high
TR02223,LST00099,LST00048,0,medium
TR02224,LST00234,LST00228,0,low
TR02225,LST00008,LST00061,0,high
TR02226,LST00796,LST00751,0,high
TR02227,LST00748,LST00756,0,high
TR02228,LST00752,LST00758,0,high
TR02229,LST00097,LST00064,0,high
TR02230,LST00569,LST00577,0,high
TR02231,LST00056,LST00011,0,low
TR02232,LST00109,LST00416,0,high
TR02233,LST00239,LST00241,1,high
TR02234,LST00399,LST00529,0,high
TR02235,LST00088,LST00089,0,high
TR02236,LST00492,LST00502,0,medium
TR02237,LST00210,LST00299,0,high
TR02238,LST00511,LST00509,1,high
TR02239,LST00050,LST00063,0,medium
TR02240,LST00063,LST00058,0,medium
TR02241,LST00265,LST00278,0,high
TR02242,LST00821,LST00819,1,medium
TR02243,LST00253,LST00294,0,high
TR02244,LST00041,LST00051,0,high
TR02245,LST00793,LST00805,0,medium
TR02246,LST00689,LST00570,0,high
TR02247,LST00061,LST00027,0,high
TR02248,LST00585,LST00582,0,medium
TR02249,LST00063,LST00015,0,high
TR02250,LST00592,LST00585,0,high
TR02251,LST00166,LST00163,1,high
TR02252,LST00627,LST00716,0,high
TR02253,LST00165,LST00138,0,high
TR02254,LST00721,LST00718,1,high
TR02255,LST00049,LST00047,1,medium
TR02256,LST00288,LST00283,1,high
TR02257,LST00820,LST00828,0,high
TR02258,LST00827,LST00770,0,high
TR02259,LST00285,LST00274,0,medium
TR02260,LST00408,LST00435,0,high
TR02261,LST00570,LST00568,0,medium
TR02262,LST00085,LST00080,1,low
TR02263,LST00273,LST00294,0,high
TR02264,LST00071,LST00039,0,high
TR02265,LST00752,LST00760,0,high
TR02266,LST00474,LST00444,0,high
TR02267,LST00119,LST00013,0,high
TR02268,LST00453,LST00443,0,high
TR02269,LST00266,LST00264,0,low
TR02270,LST00393,LST00395,1,high
TR02271,LST00589,LST00566,0,high
TR02272,LST00799,LST00795,0,high
TR02273,LST00029,LST00041,0,high
TR02274,LST00086,LST00073,0,medium
TR02275,LST00569,LST00583,0,high
TR02276,LST00766,LST00765,1,high
TR02277,LST00522,LST00400,0,high
TR02278,LST00004,LST00011,0,medium
TR02279,LST00412,LST00426,0,high
TR02280,LST00751,LST00757,0,high
TR02281,LST00237,LST00280,0,high
TR02282,LST00039,LST00094,0,high
TR02283,LST00136,LST00143,0,high
TR02284,LST00009,LST00043,0,high
TR02285,LST00247,LST00823,0,medium
TR02286,LST00304,LST00265,0,high
TR02287,LST00476,LST00506,0,medium
TR02288,LST00155,LST00167,0,high
TR02289,LST00162,LST00151,0,high
TR02290,LST00712,LST00623,0,high
TR02291,LST00119,LST00073,0,high
TR02292,LST00573,LST00577,0,low
TR02293,LST00412,LST00415,0,medium
TR02294,LST00290,LST00281,0,medium
TR02295,LST00274,LST00299,0,medium
TR02296,LST00061,LST00795,0,high
TR02297,LST00413,LST00417,0,high
TR02298,LST00429,LST00027,0,high
TR02299,LST00260,LST00238,0,high
TR02300,LST00001,LST00062,0,high
TR02301,LST00578,LST00563,0,high
TR02302,LST00013,LST00077,0,high
TR02303,LST00568,LST00592,0,high
TR02304,LST00027,LST00754,0,medium
TR02305,LST00084,LST00138,0,high
TR02306,LST00110,LST00073,0,high
TR02307,LST00125,LST00101,0,medium
TR02308,LST00827,LST00824,0,high
TR02309,LST00624,LST00712,0,high
TR02310,LST00802,LST00795,0,high
TR02311,LST00817,LST00096,0,low
TR02312,LST00453,LST00506,0,high
TR02313,LST00299,LST00294,1,low
TR02314,LST00163,LST00165,1,high
TR02315,LST00592,LST00593,1,medium
TR02316,LST00101,LST00041,0,high
TR02317,LST00044,LST00783,0,high
TR02318,LST00117,LST00084,0,high
TR02319,LST00057,LST00117,0,high
TR02320,LST00291,LST00292,1,low
TR02321,LST00444,LST00442,1,high
TR02322,LST00128,LST00321,0,high
TR02323,LST00123,LST00116,0,high
TR02324,LST00127,LST00118,0,high
TR02325,LST00045,LST00054,0,high
TR02326,LST00012,LST00753,0,medium
TR02327,LST00236,LST00259,0,high
TR02328,LST00476,LST00491,0,medium
TR02329,LST00150,LST00133,0,high
TR02330,LST00752,LST00018,0,high
TR02331,LST00758,LST00037,0,low
TR02332,LST00247,LST00285,0,high
TR02333,LST00295,LST00292,1,low
TR02334,LST00476,LST00504,0,high
TR02335,LST00066,LST00059,0,low
TR02336,LST00076,LST00046,0,high
TR02337,LST00503,LST00489,0,high
TR02338,LST00810,LST00080,0,high
TR02339,LST00766,LST00483,0,high
TR02340,LST00086,LST00128,0,high
TR02341,LST00121,LST00119,0,high
TR02342,LST00486,LST00502,0,high
TR02343,LST00111,LST00124,0,high
TR02344,LST00814,LST00081,0,low
TR02345,LST00825,LST00811,0,high
TR02346,LST00066,LST00041,0,low
TR02347,LST00038,LST00008,0,medium
TR02348,LST00131,LST00148,0,medium
TR02349,LST00821,LST00247,0,medium
TR02350,LST00754,LST00120,0,high
TR02351,LST00785,LST00795,1,low
TR02352,LST00628,LST00762,0,high
TR02353,LST00564,LST00570,0,medium
TR02354,LST00752,LST00113,0,high
TR02355,LST00128,LST00215,0,high
TR02356,LST00086,LST00809,0,high
TR02357,LST00705,LST00783,0,high
TR02358,LST00482,LST00481,1,medium
TR02359,LST00639,LST00637,0,high
TR02360,LST00101,LST00029,0,high
TR02361,LST00061,LST00062,0,medium
TR02362,LST00448,LST00444,1,low
TR02363,LST00500,LST00453,0,high
TR02364,LST00074,LST00129,0,high
TR02365,LST00818,LST00753,0,high
TR02366,LST00710,LST00706,0,low
TR02367,LST00476,LST00452,0,high
TR02368,LST00397,LST00529,0,high
TR02369,LST00047,LST00010,0,low
TR02370,LST00578,LST00815,0,high
TR02371,LST00022,LST00012,0,medium
TR02372,LST00589,LST00590,1,medium
TR02373,LST00638,LST00636,0,high
TR02374,LST00066,LST00789,0,medium
TR02375,LST00278,LST00283,0,high
TR02376,LST00061,LST00076,0,high
TR02377,LST00430,LST00428,1,high
TR02378,LST00026,LST00065,0,high
TR02379,LST00278,LST00567,0,high
TR02380,LST00567,LST00133,0,high
TR02381,LST00059,LST00044,0,high
TR02382,LST00770,LST00713,0,high
TR02383,LST00021,LST00074,0,medium
TR02384,LST00724,LST00729,0,low
TR02385,LST00129,LST00125,1,high
TR02386,LST00405,LST00397,0,high
TR02387,LST00236,LST00296,0,high
TR02388,LST00591,LST00574,0,high
TR02389,LST00523,LST00396,0,high
TR02390,LST00425,LST00412,0,low
TR02391,LST00704,LST00705,1,high
TR02392,LST00583,LST00584,1,high
TR02393,LST00475,LST00479,0,high
TR02394,LST00304,LST00268,0,high
TR02395,LST00166,LST00145,0,high
TR02396,LST00277,LST00243,0,high
TR02397,LST00754,LST00790,0,high
TR02398,LST00059,LST00069,0,high
TR02399,LST00527,LST00524,0,medium
TR02400,LST00814,LST00744,0,low
TR02401,LST00155,LST00135,0,high
TR02402,LST00787,LST00797,0,high
TR02403,LST00710,LST00581,0,high
TR02404,LST00805,LST00783,0,high
TR02405,LST00101,LST00104,0,high
TR02406,LST00290,LST00294,1,high
TR02407,LST00293,LST00251,0,high
TR02408,LST00299,LST00296,1,high
TR02409,LST00292,LST00274,0,medium
TR02410,LST00483,LST00505,0,high
TR02411,LST00418,LST00214,0,high
TR02412,LST00074,LST00026,0,high
TR02413,LST00087,LST00106,0,high
TR02414,LST00816,LST00751,0,high
TR02415,LST00805,LST00473,0,low
TR02416,LST00762,LST00768,0,high
TR02417,LST00583,LST00587,1,high
TR02418,LST00416,LST00432,0,high
TR02419,LST00284,LST00305,0,medium
TR02420,LST00643,LST00635,0,low
TR02421,LST00036,LST00125,0,high
TR02422,LST00247,LST00244,1,high
TR02423,LST00098,LST00090,0,medium
TR02424,LST00813,LST00809,0,high
TR02425,LST00055,LST00020,0,medium
TR02426,LST00482,LST00444,0,high
TR02427,LST00744,LST00019,0,medium
TR02428,LST00796,LST00069,0,low
TR02429,LST00114,LST00100,0,low
TR02430,LST00115,LST00101,0,medium
TR02431,LST00402,LST00528,0,high
TR02432,LST00453,LST00474,0,high
TR02433,LST00293,LST00274,0,medium
TR02434,LST00066,LST00025,0,medium
TR02435,LST00569,LST00572,0,high
TR02436,LST00324,LST00452,0,high
TR02437,LST00245,LST00251,0,medium
TR02438,LST00413,LST00431,0,high
TR02439,LST00272,LST00275,1,high
TR02440,LST00397,LST00394,0,high
TR02441,LST00057,LST00015,0,high
TR02442,LST00494,LST00483,0,high
TR02443,LST00036,LST00068,0,low
TR02444,LST00400,LST00220,0,high
TR02445,LST00433,LST00429,0,high
TR02446,LST00219,LST00220,1,medium
TR02447,LST00578,LST00572,0,medium
TR02448,LST00576,LST00561,0,low
TR02449,LST00256,LST00252,0,low
TR02450,LST00584,LST00576,0,medium
TR02451,LST00053,LST00050,0,high
TR02452,LST00482,LST00479,1,high
TR02453,LST00753,LST00815,0,high
TR02454,LST00592,LST00278,0,high
TR02455,LST00798,LST00427,0,medium
TR02456,LST00269,LST00277,0,high
TR02457,LST00788,LST00057,0,low
TR02458,LST00102,LST00091,0,high
TR02459,LST00522,LST00531,0,high
TR02460,LST00401,LST00527,0,high
TR02461,LST00029,LST00019,0,high
TR02462,LST00421,LST00426,0,low
TR02463,LST00085,LST00083,1,high
TR02464,LST00002,LST00023,0,high
TR02465,LST00065,LST00036,0,high
TR02466,LST00767,LST00630,0,low
TR02467,LST00092,LST00129,0,high
TR02468,LST00214,LST00215,1,high
TR02469,LST00221,LST00215,0,high
TR02470,LST00077,LST00089,0,medium
TR02471,LST00756,LST00768,0,high
TR02472,LST00770,LST00793,0,high
TR02473,LST00394,LST00406,0,medium
TR02474,LST00563,LST00574,0,high
TR02475,LST00277,LST00265,0,high
TR02476,LST00639,LST00643,1,high
TR02477,LST00760,LST00805,0,high
TR02478,LST00768,LST00769,1,high
TR02479,LST00793,LST00797,0,high
TR02480,LST00066,LST00053,0,low
TR02481,LST00022,LST00754,0,high
TR02482,LST00486,LST00499,0,high
TR02483,LST00050,LST00795,0,medium
TR02484,LST00398,LST00522,0,high
TR02485,LST00500,LST00480,0,high
TR02486,LST00753,LST00755,0,high
TR02487,LST00759,LST00040,0,medium
TR02488,LST00264,LST00297,0,high
TR02489,LST00444,LST00449,0,high
TR02490,LST00077,LST00047,0,high
TR02491,LST00154,LST00131,0,high
TR02492,LST00433,LST00413,0,high
TR02493,LST00298,LST00302,0,high
TR02494,LST00476,LST00508,0,low
TR02495,LST00103,LST00278,0,high
TR02496,LST00293,LST00276,0,medium
TR02497,LST00304,LST00288,0,low
TR02498,LST00525,LST00402,0,high
TR02499,LST00500,LST00508,0,low
TR02500,LST00113,LST00052,0,high
TR02501,LST00139,LST00151,0,medium
TR02502,LST00694,LST00690,0,medium
TR02503,LST00154,LST00145,0,low
TR02504,LST00305,LST00293,0,low
TR02505,LST00001,LST00013,0,medium
TR02506,LST00137,LST00142,0,high
TR02507,LST00414,LST00433,0,high
TR02508,LST00755,LST00011,0,medium
TR02509,LST00093,LST00024,0,high
TR02510,LST00054,LST00797,0,high
TR02511,LST00228,LST00223,0,high
TR02512,LST00082,LST00093,0,medium
TR02513,LST00823,LST00256,0,medium
TR02514,LST00430,LST00827,0,high
TR02515,LST00764,LST00768,0,high
TR02516,LST00245,LST00236,0,low
TR02517,LST00791,LST00796,0,high
TR02518,LST00251,LST00243,0,medium
TR02519,LST00276,LST00262,0,high
TR02520,LST00499,LST00477,0,high
TR02521,LST00501,LST00500,0,medium
TR02522,LST00018,LST00119,0,medium
TR02523,LST00047,LST00022,0,high
TR02524,LST00034,LST00066,0,medium
TR02525,LST00714,LST00767,0,high
TR02526,LST00424,LST00436,0,high
TR02527,LST00022,LST00063,0,medium
TR02528,LST00015,LST00048,0,medium
TR02529,LST00041,LST00020,0,high
TR02530,LST00284,LST00282,0,low
TR02531,LST00292,LST00827,0,low
TR02532,LST00102,LST00112,0,high
TR02533,LST00403,LST00531,0,high
TR02534,LST00491,LST00501,0,high
TR02535,LST00279,LST00297,0,medium
TR02536,LST00725,LST00727,0,low
TR02537,LST00761,LST00716,0,high
TR02538,LST00325,LST00126,0,high
TR02539,LST00039,LST00040,1,high
TR02540,LST00147,LST00152,0,high
TR02541,LST00017,LST00060,0,high
TR02542,LST00027,LST00029,1,high
TR02543,LST00121,LST00128,0,medium
TR02544,LST00485,LST00452,0,medium
TR02545,LST00636,LST00640,0,high
TR02546,LST00031,LST00054,0,high
TR02547,LST00157,LST00171,0,high
TR02548,LST00591,LST00582,1,low
TR02549,LST00165,LST00133,0,medium
TR02550,LST00144,LST00162,0,high
TR02551,LST00570,LST00560,0,high
TR02552,LST00220,LST00639,0,high
TR02553,LST00524,LST00530,0,medium
TR02554,LST00070,LST00059,0,medium
TR02555,LST00024,LST00016,0,medium
TR02556,LST00169,LST00140,0,medium
TR02557,LST00057,LST00020,0,low
TR02558,LST00222,LST00217,0,medium
TR02559,LST00474,LST00449,0,high
TR02560,LST00220,LST00418,0,high
TR02561,LST00758,LST00799,0,high
TR02562,LST00268,LST00270,0,medium
TR02563,LST00240,LST00289,0,high
TR02564,LST00022,LST00048,0,high
TR02565,LST00623,LST00628,0,medium
TR02566,LST00014,LST00752,0,high
TR02567,LST00068,LST00008,0,high
TR02568,LST00822,LST00254,0,medium
TR02569,LST00009,LST00795,0,high
TR02570,LST00027,LST00057,0,medium
TR02571,LST00793,LST00786,0,high
TR02572,LST00273,LST00301,0,high
TR02573,LST00098,LST00097,1,low
TR02574,LST00303,LST00265,0,high
TR02575,LST00502,LST00504,1,high
TR02576,LST00473,LST00801,0,medium
TR02577,LST00500,LST00498,1,high
TR02578,LST00021,LST00031,0,high
TR02579,LST00403,LST00396,0,medium
TR02580,LST00442,LST00503,0,high
TR02581,LST00802,LST00764,0,high
TR02582,LST00101,LST00112,0,medium
TR02583,LST00395,LST00404,0,medium
TR02584,LST00043,LST00044,1,high
TR02585,LST00401,LST00521,0,high
TR02586,LST00799,LST00801,0,low
TR02587,LST00809,LST00745,0,high
TR02588,LST00011,LST00049,0,medium
TR02589,LST00285,LST00296,0,high
TR02590,LST00047,LST00003,0,high
TR02591,LST00285,LST00299,0,medium
TR02592,LST00470,LST00473,1,medium
TR02593,LST00702,LST00789,0,high
TR02594,LST00400,LST00527,0,high
TR02595,LST00444,LST00493,0,high
TR02596,LST00085,LST00052,0,high
TR02597,LST00243,LST00238,0,high
TR02598,LST00590,LST00583,0,high
TR02599,LST00135,LST00169,0,high
TR02600,LST00050,LST00054,0,medium
TR02601,LST00411,LST00408,1,medium
TR02602,LST00559,LST00564,0,medium
TR02603,LST00259,LST00270,0,high
TR02604,LST00080,LST00096,0,high
TR02605,LST00526,LST00521,1,medium
TR02606,LST00044,LST00047,0,high
TR02607,LST00037,LST00010,0,high
TR02608,LST00708,LST00697,0,high
TR02609,LST00108,LST00128,0,medium
TR02610,LST00220,LST00213,0,high
TR02611,LST00090,LST00080,0,low
TR02612,LST00487,LST00501,0,high
TR02613,LST00030,LST00009,0,high
TR02614,LST00701,LST00704,0,medium
TR02615,LST00135,LST00168,0,low
TR02616,LST00752,LST00818,0,high
TR02617,LST00471,LST00454,0,medium
TR02618,LST00473,LST00798,0,high
TR02619,LST00157,LST00160,0,medium
TR02620,LST00118,LST00101,0,medium
TR02621,LST00564,LST00567,1,high
TR02622,LST00714,LST00715,1,high
TR02623,LST00067,LST00021,0,high
TR02624,LST00746,LST00753,0,high
TR02625,LST00530,LST00394,0,high
TR02626,LST00087,LST00096,0,medium
TR02627,LST00321,LST00409,0,high
TR02628,LST00571,LST00559,0,high
TR02629,LST00414,LST00695,0,high
TR02630,LST00269,LST00251,0,high
TR02631,LST00814,LST00808,0,high
TR02632,LST00031,LST00066,0,high
TR02633,LST00223,LST00414,0,high
TR02634,LST00420,LST00422,0,medium
TR02635,LST00081,LST00095,0,high
TR02636,LST00426,LST00438,0,medium
TR02637,LST00121,LST00124,0,medium
TR02638,LST00072,LST00076,0,medium
TR02639,LST00272,LST00264,0,high
TR02640,LST00455,LST00471,0,medium
TR02641,LST00749,LST00815,0,high
TR02642,LST00091,LST00094,1,medium
TR02643,LST00744,LST00760,0,high
TR02644,LST00030,LST00040,0,low
TR02645,LST00143,LST00158,0,high
TR02646,LST00487,LST00446,0,high
TR02647,LST00747,LST00760,0,high
TR02648,LST00420,LST00437,0,high
TR02649,LST00043,LST00076,0,high
TR02650,LST00212,LST00290,0,high
TR02651,LST00493,LST00497,1,high
TR02652,LST00105,LST00099,0,medium
TR02653,LST00127,LST00095,0,high
TR02654,LST00222,LST00325,0,high
TR02655,LST00578,LST00689,0,high
TR02656,LST00026,LST00005,0,low
TR02657,LST00217,LST00216,1,high
TR02658,LST00744,LST00759,0,high
TR02659,LST00635,LST00637,1,high
TR02660,LST00042,LST00753,0,high
TR02661,LST00140,LST00162,0,high
TR02662,LST00125,LST00103,0,medium
TR02663,LST00248,LST00246,0,high
TR02664,LST00499,LST00497,0,high
TR02665,LST00524,LST00403,0,high
TR02666,LST00581,LST00561,0,high
TR02667,LST00019,LST00750,0,high
TR02668,LST00031,LST00758,0,high
TR02669,LST00278,LST00285,0,low
TR02670,LST00069,LST00233,0,high
TR02671,LST00111,LST00125,0,medium
TR02672,LST00251,LST00298,0,high
TR02673,LST00248,LST00259,0,high
TR02674,LST00129,LST00126,1,medium
TR02675,LST00216,LST00213,0,high
TR02676,LST00125,LST00091,0,high
TR02677,LST00006,LST00028,1,low
TR02678,LST00284,LST00279,0,medium
TR02679,LST00411,LST00425,0,high
TR02680,LST00321,LST00760,0,high
TR02681,LST00278,LST00297,0,medium
TR02682,LST00011,LST00084,0,high
TR02683,LST00813,LST00801,0,high
TR02684,LST00560,LST00565,0,low
TR02685,LST00024,LST00066,0,low
TR02686,LST00280,LST00301,0,medium
TR02687,LST00590,LST00563,0,high
TR02688,LST00815,LST00809,0,medium
TR02689,LST00492,LST00508,0,high
TR02690,LST00114,LST00112,1,high
TR02691,LST00578,LST00567,0,high
TR02692,LST00101,LST00747,0,high
TR02693,LST00585,LST00589,0,low
TR02694,LST00820,LST00746,0,high
TR02695,LST00076,LST00074,0,high
TR02696,LST00016,LST00750,0,medium
TR02697,LST00449,LST00452,0,high
TR02698,LST00724,LST00730,0,high
TR02699,LST00809,LST00784,0,high
TR02700,LST00703,LST00707,0,high
TR02701,LST00025,LST00026,1,high
TR02702,LST00794,LST00570,0,high
TR02703,LST00575,LST00572,0,medium
TR02704,LST00753,LST00812,0,high
TR02705,LST00697,LST00576,0,high
TR02706,LST00522,LST00524,1,high
TR02707,LST00272,LST00271,1,high
TR02708,LST00530,LST00403,0,low
TR02709,LST00811,LST00767,0,high
TR02710,LST00280,LST00288,0,high
TR02711,LST00166,LST00164,1,high
TR02712,LST00439,LST00138,0,high
TR02713,LST00015,LST00049,0,low
TR02714,LST00790,LST00789,1,high
TR02715,LST00068,LST00070,1,medium
TR02716,LST00280,LST00277,1,high
TR02717,LST00057,LST00064,0,high
TR02718,LST00802,LST00807,1,high
TR02719,LST00120,LST00099,0,low
TR02720,LST00272,LST00284,0,medium
TR02721,LST00015,LST00412,0,high
TR02722,LST00044,LST00037,0,medium
TR02723,LST00092,LST00291,0,high
TR02724,LST00291,LST00057,0,high
TR02725,LST00005,LST00040,0,high
TR02726,LST00697,LST00570,0,high
TR02727,LST00762,LST00630,0,low
TR02728,LST00770,LST00803,0,high
TR02729,LST00079,LST00066,0,medium
TR02730,LST00505,LST00478,0,high
TR02731,LST00581,LST00572,0,high
TR02732,LST00071,LST00093,0,medium
TR02733,LST00059,LST00049,0,high
TR02734,LST00698,LST00692,0,medium
TR02735,LST00500,LST00507,0,medium
TR02736,LST00285,LST00303,0,high
TR02737,LST00032,LST00112,0,high
TR02738,LST00069,LST00060,0,low
TR02739,LST00255,LST00278,0,high
TR02740,LST00017,LST00028,0,high
TR02741,LST00808,LST00756,0,high
TR02742,LST00060,LST00007,0,high
TR02743,LST00485,LST00496,0,high
TR02744,LST00759,LST00093,0,high
TR02745,LST00321,LST00569,0,high
TR02746,LST00437,LST00414,0,high
TR02747,LST00245,LST00819,0,medium
TR02748,LST00396,LST00528,0,high
TR02749,LST00126,LST00418,0,high
TR02750,LST00813,LST00761,0,high
TR02751,LST00503,LST00490,0,high
TR02752,LST00217,LST00278,0,high
TR02753,LST00272,LST00282,0,low
TR02754,LST00031,LST00757,0,high
TR02755,LST00239,LST00259,0,low
TR02756,LST00086,LST00810,0,medium
TR02757,LST00486,LST00494,0,high
TR02758,LST00724,LST00722,1,medium
TR02759,LST00012,LST00056,0,medium
TR02760,LST00132,LST00146,0,medium
TR02761,LST00637,LST00641,0,high
TR02762,LST00163,LST00145,0,high
TR02763,LST00136,LST00157,0,high
TR02764,LST00503,LST00477,0,high
TR02765,LST00301,LST00288,0,medium
TR02766,LST00050,LST00791,0,medium
TR02767,LST00482,LST00499,0,high
TR02768,LST00752,LST00702,0,high
TR02769,LST00299,LST00103,0,high
TR02770,LST00019,LST00062,0,medium
TR02771,LST00019,LST00046,0,high
TR02772,LST00154,LST00166,0,low
TR02773,LST00592,LST00590,1,medium
TR02774,LST00058,LST00001,0,medium
TR02775,LST00448,LST00447,0,high
TR02776,LST00565,LST00563,1,high
TR02777,LST00400,LST00282,0,high
TR02778,LST00147,LST00134,0,high
TR02779,LST00067,LST00789,0,low
TR02780,LST00089,LST00095,0,medium
TR02781,LST00033,LST00035,0,high
TR02782,LST00478,LST00503,0,high
TR02783,LST00249,LST00242,0,medium
TR02784,LST00023,LST00754,0,high
TR02785,LST00239,LST00258,0,medium
TR02786,LST00642,LST00638,1,low
TR02787,LST00579,LST00578,0,high
TR02788,LST00767,LST00768,1,high
TR02789,LST00036,LST00062,0,high
TR02790,LST00748,LST00753,1,low
TR02791,LST00054,LST00101,0,medium
TR02792,LST00629,LST00769,0,medium
TR02793,LST00816,LST00074,0,medium
TR02794,LST00028,LST00791,0,high
TR02795,LST00561,LST00569,0,low
TR02796,LST00225,LST00011,0,high
TR02797,LST00015,LST00037,0,high
TR02798,LST00070,LST00066,1,medium
TR02799,LST00825,LST00828,1,high
TR02800,LST00568,LST00564,1,high
TR02801,LST00002,LST00033,0,medium
TR02802,LST00697,LST00693,0,high
TR02803,LST00749,LST00793,0,high
TR02804,LST00061,LST00059,1,high
TR02805,LST00713,LST00629,0,high
TR02806,LST00825,LST00242,0,medium
TR02807,LST00790,LST00795,0,high
TR02808,LST00040,LST00006,0,medium
TR02809,LST00074,LST00815,0,low
TR02810,LST00260,LST00252,0,high
TR02811,LST00060,LST00054,0,medium
TR02812,LST00405,LST00396,0,high
TR02813,LST00239,LST00265,0,high
TR02814,LST00498,LST00503,0,high
TR02815,LST00476,LST00499,0,high
TR02816,LST00100,LST00096,0,high
TR02817,LST00030,LST00032,1,high
TR02818,LST00441,LST00474,0,high
TR02819,LST00428,LST00423,0,high
TR02820,LST00757,LST00035,0,medium
TR02821,LST00014,LST00028,0,medium
TR02822,LST00045,LST00049,0,medium
TR02823,LST00144,LST00439,0,high
TR02824,LST00126,LST00218,0,high
TR02825,LST00585,LST00580,0,medium
TR02826,LST00234,LST00573,0,high
TR02827,LST00710,LST00701,0,high
TR02828,LST00792,LST00047,0,low
TR02829,LST00108,LST00071,0,high
TR02830,LST00060,LST00070,0,medium
TR02831,LST00223,LST00229,0,high
TR02832,LST00069,LST00035,0,high
TR02833,LST00005,LST00001,1,high
TR02834,LST00050,LST00049,1,medium
TR02835,LST00039,LST00083,0,high
TR02836,LST00021,LST00062,0,high
TR02837,LST00418,LST00421,0,low
TR02838,LST00415,LST00421,0,high
TR02839,LST00257,LST00822,0,high
TR02840,LST00121,LST00120,0,high
TR02841,LST00034,LST00029,0,high
TR02842,LST00746,LST00811,0,high
TR02843,LST00108,LST00755,0,medium
TR02844,LST00451,LST00474,0,high
TR02845,LST00750,LST00795,0,low
TR02846,LST00530,LST00525,0,low
TR02847,LST00009,LST00752,0,low
TR02848,LST00828,LST00258,0,medium
TR02849,LST00449,LST00448,1,high
TR02850,LST00136,LST00170,0,high
TR02851,LST00125,LST00074,0,high
TR02852,LST00073,LST00080,0,high
TR02853,LST00130,LST00135,0,high
TR02854,LST00150,LST00148,0,high
TR02855,LST00496,LST00503,0,medium
TR02856,LST00526,LST00404,0,high
TR02857,LST00213,LST00211,1,low
TR02858,LST00402,LST00522,0,high
TR02859,LST00406,LST00524,0,high
TR02860,LST00766,LST00140,0,high
TR02861,LST00030,LST00012,1,low
TR02862,LST00492,LST00506,0,high
TR02863,LST00069,LST00044,0,high
TR02864,LST00241,LST00825,0,high
TR02865,LST00113,LST00111,1,high
TR02866,LST00116,LST00214,0,medium
TR02867,LST00815,LST00791,0,high
TR02868,LST00249,LST00236,0,medium
TR02869,LST00478,LST00482,1,high
TR02870,LST00101,LST00099,1,high
TR02871,LST00592,LST00586,0,high
TR02872,LST00296,LST00303,0,medium
TR02873,LST00007,LST00324,0,high
TR02874,LST00026,LST00081,0,high
TR02875,LST00295,LST00271,0,medium
TR02876,LST00137,LST00152,0,medium
TR02877,LST00492,LST00496,1,high
TR02878,LST00403,LST00404,1,high
TR02879,LST00268,LST00266,1,high
TR02880,LST00424,LST00421,1,medium
TR02881,LST00076,LST00087,0,low
TR02882,LST00730,LST00722,0,medium
TR02883,LST00132,LST00139,0,high
TR02884,LST00098,LST00079,0,medium
TR02885,LST00104,LST00027,0,high
TR02886,LST00050,LST00061,0,high
TR02887,LST00567,LST00587,0,high
TR02888,LST00278,LST00266,0,high
TR02889,LST00033,LST00038,0,high
TR02890,LST00449,LST00487,0,high
TR02891,LST00160,LST00156,0,high
TR02892,LST00578,LST00586,0,high
TR02893,LST00305,LST00241,0,high
TR02894,LST00072,LST00098,0,high
TR02895,LST00299,LST00251,0,high
TR02896,LST00136,LST00153,0,medium
TR02897,LST00706,LST00709,1,low
TR02898,LST00392,LST00399,0,high
TR02899,LST00151,LST00166,0,high
TR02900,LST00507,LST00503,0,high
TR02901,LST00238,LST00267,0,high
TR02902,LST00135,LST00154,0,medium
TR02903,LST00079,LST00418,0,high
TR02904,LST00251,LST00088,0,high
TR02905,LST00571,LST00566,0,high
TR02906,LST00137,LST00151,0,high
TR02907,LST00788,LST00787,1,high
TR02908,LST00038,LST00019,0,high
TR02909,LST00443,LST00450,0,medium
TR02910,LST00011,LST00032,0,high
TR02911,LST00425,LST00427,0,high
TR02912,LST00158,LST00147,0,low
TR02913,LST00071,LST00077,0,medium
TR02914,LST00769,LST00763,0,high
TR02915,LST00700,LST00705,0,high
TR02916,LST00514,LST00520,0,high
TR02917,LST00569,LST00562,0,medium
TR02918,LST00747,LST00758,0,high
TR02919,LST00252,LST00264,0,high
TR02920,LST00746,LST00756,0,high
TR02921,LST00251,LST00247,0,high
TR02922,LST00120,LST00042,0,high
TR02923,LST00521,LST00528,0,high
TR02924,LST00134,LST00167,0,medium
TR02925,LST00450,LST00448,1,medium
TR02926,LST00258,LST00293,0,high
TR02927,LST00400,LST00405,0,medium
TR02928,LST00768,LST00626,0,low
TR02929,LST00573,LST00572,1,high
TR02930,LST00593,LST00583,0,low
TR02931,LST00235,LST00225,0,medium
TR02932,LST00044,LST00051,0,high
TR02933,LST00431,LST00428,0,high
TR02934,LST00038,LST00746,0,medium
TR02935,LST00129,LST00115,0,low
TR02936,LST00398,LST00393,0,low
TR02937,LST00587,LST00791,0,high
TR02938,LST00440,LST00437,1,medium
TR02939,LST00751,LST00035,0,medium
TR02940,LST00801,LST00803,1,high
TR02941,LST00049,LST00793,0,high
TR02942,LST00746,LST00008,0,high
TR02943,LST00476,LST00495,0,high
TR02944,LST00107,LST00104,1,high
TR02945,LST00132,LST00235,0,high
TR02946,LST00001,LST00023,0,medium
TR02947,LST00289,LST00291,1,high
TR02948,LST00053,LST00795,0,low
TR02949,LST00016,LST00021,0,medium
TR02950,LST00040,LST00790,0,high
TR02951,LST00042,LST00061,0,low
TR02952,LST00783,LST00710,0,high
TR02953,LST00419,LST00416,1,high
TR02954,LST00446,LST00045,0,high
TR02955,LST00153,LST00164,0,high
TR02956,LST00324,LST00446,0,high
TR02957,LST00405,LST00528,0,high
TR02958,LST00714,LST00711,1,high
TR02959,LST00165,LST00212,0,high
TR02960,LST00813,LST00792,0,high
TR02961,LST00266,LST00292,0,high
TR02962,LST00748,LST00009,0,high
TR02963,LST00271,LST00283,0,medium
TR02964,LST00301,LST00299,0,medium
TR02965,LST00795,LST00001,0,high
TR02966,LST00048,LST00019,0,high
TR02967,LST00800,LST00471,0,high
TR02968,LST00006,LST00746,0,medium
TR02969,LST00102,LST00042,0,medium
TR02970,LST00060,LST00014,0,medium
TR02971,LST00797,LST00768,0,high
TR02972,LST00423,LST00418,0,medium
TR02973,LST00134,LST00164,0,medium
TR02974,LST00292,LST00252,0,high
TR02975,LST00210,LST00483,0,high
TR02976,LST00122,LST00099,0,high
TR02977,LST00032,LST00031,1,high
TR02978,LST00001,LST00004,1,high
TR02979,LST00806,LST00800,0,high
TR02980,LST00030,LST00003,1,low
TR02981,LST00749,LST00032,0,high
TR02982,LST00096,LST00089,0,medium
TR02983,LST00245,LST00250,0,medium
TR02984,LST00109,LST00085,0,high
TR02985,LST00800,LST00758,0,medium
TR02986,LST00064,LST00034,0,high
TR02987,LST00749,LST00744,0,low
TR02988,LST00225,LST00439,0,high
TR02989,LST00146,LST00166,0,medium
TR02990,LST00080,LST00814,0,medium
TR02991,LST00757,LST00818,0,high
TR02992,LST00427,LST00408,0,high
TR02993,LST00025,LST00745,0,high
TR02994,LST00110,LST00074,0,high
TR02995,LST00582,LST00697,0,low
TR02996,LST00266,LST00252,0,high
TR02997,LST00020,LST00007,0,high
TR02998,LST00788,LST00792,0,high
TR02999,LST00113,LST00103,0,medium
TR03000,LST00155,LST00171,0,medium
TR03001,LST00155,LST00145,0,high
TR03002,LST00039,LST00014,0,low
TR03003,LST00699,LST00704,0,low
TR03004,LST00425,LST00436,0,high
TR03005,LST00567,LST00573,0,high
TR03006,LST00802,LST00828,0,high
TR03007,LST00051,LST00790,0,high
TR03008,LST00768,LST00794,0,high
TR03009,LST00082,LST00072,0,high
TR03010,LST00001,LST00033,0,high
TR03011,LST00066,LST00063,0,high
TR03012,LST00067,LST00066,1,high
TR03013,LST00449,LST00486,0,high
TR03014,LST00287,LST00270,0,medium
TR03015,LST00053,LST00027,0,low
TR03016,LST00123,LST00048,0,high
TR03017,LST00766,LST00789,0,high
TR03018,LST00404,LST00397,0,high
TR03019,LST00267,LST00300,0,medium
TR03020,LST00154,LST00170,0,low
TR03021,LST00566,LST00791,0,high
TR03022,LST00149,LST00169,0,low
TR03023,LST00238,LST00254,0,high
TR03024,LST00818,LST00758,0,high
TR03025,LST00217,LST00220,0,high
TR03026,LST00283,LST00300,0,medium
TR03027,LST00585,LST00569,0,medium
TR03028,LST00301,LST00295,0,medium
TR03029,LST00060,LST00027,0,high
TR03030,LST00006,LST00008,1,high
TR03031,LST00269,LST00254,0,high
TR03032,LST00791,LST00784,0,medium
TR03033,LST00282,LST00287,0,low
TR03034,LST00138,LST00154,0,medium
TR03035,LST00131,LST00142,0,high
TR03036,LST00516,LST00510,0,high
TR03037,LST00097,LST00117,0,high
TR03038,LST00477,LST00494,0,high
TR03039,LST00794,LST00797,0,high
TR03040,LST00037,LST00001,0,high
TR03041,LST00807,LST00798,0,low
TR03042,LST00795,LST00767,0,high
TR03043,LST00140,LST00567,0,high
TR03044,LST00039,LST00427,0,high
TR03045,LST00417,LST00434,0,high
TR03046,LST00822,LST00814,0,high
TR03047,LST00517,LST00511,0,medium
TR03048,LST00124,LST00030,0,high
TR03049,LST00001,LST00752,0,high
TR03050,LST00044,LST00117,0,high
TR03051,LST00142,LST00144,1,high
TR03052,LST00237,LST00250,0,medium
TR03053,LST00005,LST00055,0,medium
TR03054,LST00064,LST00104,0,high
TR03055,LST00268,LST00042,0,high
TR03056,LST00151,LST00154,1,high
TR03057,LST00746,LST00005,0,high
TR03058,LST00081,LST00086,0,medium
TR03059,LST00267,LST00259,0,medium
TR03060,LST00475,LST00441,0,high
TR03061,LST00800,LST00803,0,high
TR03062,LST00563,LST00567,1,medium
TR03063,LST00218,LST00212,0,medium
TR03064,LST00128,LST00090,0,high
TR03065,LST00522,LST00407,0,high
TR03066,LST00490,LST00482,0,medium
TR03067,LST00250,LST00242,0,high
TR03068,LST00215,LST00210,0,medium
TR03069,LST00040,LST00754,0,medium
TR03070,LST00809,LST00814,0,medium
TR03071,LST00118,LST00110,0,high
TR03072,LST00025,LST00744,0,high
TR03073,LST00048,LST00021,0,high
TR03074,LST00751,LST00756,0,high
TR03075,LST00798,LST00808,0,high
TR03076,LST00045,LST00027,0,high
TR03077,LST00714,LST00625,0,high
TR03078,LST00472,LST00451,0,high
TR03079,LST00454,LST00492,0,high
TR03080,LST00421,LST00423,1,medium
TR03081,LST00794,LST00708,0,low
TR03082,LST00753,LST00814,0,high
TR03083,LST00236,LST00254,0,medium
TR03084,LST00007,LST00759,0,medium
TR03085,LST00625,LST00629,0,medium
TR03086,LST00447,LST00443,1,high
TR03087,LST00012,LST00055,0,medium
TR03088,LST00291,LST00276,0,low
TR03089,LST00480,LST00506,0,high
TR03090,LST00423,LST00433,0,high
TR03091,LST00254,LST00258,1,high
TR03092,LST00406,LST00527,0,high
TR03093,LST00492,LST00507,0,high
TR03094,LST00755,LST00797,0,high
TR03095,LST00010,LST00041,0,high
TR03096,LST00024,LST00101,0,high
TR03097,LST00110,LST00102,0,low
TR03098,LST00018,LST00005,0,low
TR03099,LST00750,LST00765,0,high
TR03100,LST00486,LST00477,0,high
TR03101,LST00576,LST00818,0,high
TR03102,LST00252,LST00823,0,medium
TR03103,LST00506,LST00490,0,high
TR03104,LST00451,LST00452,0,medium
TR03105,LST00210,LST00213,1,low
TR03106,LST00415,LST00411,0,high
TR03107,LST00084,LST00083,1,high
TR03108,LST00012,LST00040,0,medium
TR03109,LST00090,LST00096,1,low
TR03110,LST00454,LST00489,0,high
TR03111,LST00121,LST00107,0,high
TR03112,LST00087,LST00816,0,high
TR03113,LST00795,LST00800,0,high
TR03114,LST00030,LST00018,0,low
TR03115,LST00234,LST00414,0,high
TR03116,LST00491,LST00478,0,high
TR03117,LST00022,LST00076,0,high
TR03118,LST00237,LST00824,0,high
TR03119,LST00128,LST00220,0,high
TR03120,LST00100,LST00118,0,high
TR03121,LST00255,LST00247,0,high
TR03122,LST00810,LST00792,0,high
TR03123,LST00146,LST00152,0,high
TR03124,LST00715,LST00716,1,high
TR03125,LST00287,LST00289,0,high
TR03126,LST00104,LST00105,1,high
TR03127,LST00171,LST00148,0,high
TR03128,LST00295,LST00299,0,high
TR03129,LST00262,LST00268,0,high
TR03130,LST00104,LST00129,0,low
TR03131,LST00425,LST00413,0,low
TR03132,LST00573,LST00585,0,high
TR03133,LST00167,LST00130,0,medium
TR03134,LST00126,LST00011,0,medium
TR03135,LST00266,LST00250,0,high
TR03136,LST00091,LST00071,0,medium
TR03137,LST00483,LST00489,0,medium
TR03138,LST00521,LST00522,1,high
TR03139,LST00211,LST00093,0,high
TR03140,LST00793,LST00757,0,high
TR03141,LST00744,LST00802,0,high
TR03142,LST00024,LST00035,0,high
TR03143,LST00755,LST00022,0,medium
TR03144,LST00755,LST00817,0,high
TR03145,LST00274,LST00304,0,low
TR03146,LST00398,LST00527,0,high
TR03147,LST00160,LST00144,0,medium
TR03148,LST00223,LST00233,0,high
TR03149,LST00043,LST00796,0,low
TR03150,LST00821,LST00817,0,medium
TR03151,LST00033,LST00068,0,low
TR03152,LST00049,LST00055,0,medium
TR03153,LST00427,LST00414,0,high
TR03154,LST00758,LST00817,0,high
TR03155,LST00005,LST00084,0,high
TR03156,LST00436,LST00438,1,high
TR03157,LST00091,LST00092,1,medium
TR03158,LST00787,LST00762,0,high
TR03159,LST00125,LST00112,0,medium
TR03160,LST00633,LST00632,1,high
TR03161,LST00154,LST00149,0,high
TR03162,LST00504,LST00445,0,high
TR03163,LST00018,LST00004,0,low
TR03164,LST00746,LST00748,0,medium
TR03165,LST00283,LST00273,0,medium
TR03166,LST00147,LST00160,0,medium
TR03167,LST00807,LST00764,0,high
TR03168,LST00236,LST00261,0,high
TR03169,LST00045,LST00008,0,high
TR03170,LST00502,LST00503,1,high
TR03171,LST00592,LST00483,0,high
TR03172,LST00011,LST00745,0,high
TR03173,LST00290,LST00288,0,high
TR03174,LST00526,LST00403,0,high
TR03175,LST00282,LST00569,0,high
TR03176,LST00452,LST00454,1,low
TR03177,LST00761,LST00622,0,high
TR03178,LST00027,LST00749,0,medium
TR03179,LST00032,LST00037,0,high
TR03180,LST00452,LST00447,0,medium
TR03181,LST00263,LST00015,0,medium
TR03182,LST00304,LST00289,0,high
TR03183,LST00821,LST00824,1,high
TR03184,LST00484,LST00496,0,high
TR03185,LST00487,LST00496,0,low
TR03186,LST00755,LST00813,0,high
TR03187,LST00507,LST00495,0,high
TR03188,LST00238,LST00262,0,medium
TR03189,LST00234,LST00630,0,high
TR03190,LST00031,LST00760,0,medium
TR03191,LST00163,LST00164,1,high
TR03192,LST00479,LST00299,0,high
TR03193,LST00004,LST00102,0,high
TR03194,LST00748,LST00041,0,high
TR03195,LST00078,LST00050,0,high
TR03196,LST00438,LST00430,0,high
TR03197,LST00127,LST00084,0,high
TR03198,LST00289,LST00273,0,high
TR03199,LST00590,LST00580,0,high
TR03200,LST00752,LST00759,0,high
TR03201,LST00491,LST00496,1,high
TR03202,LST00690,LST00691,1,high
TR03203,LST00227,LST00234,0,high
TR03204,LST00395,LST00392,1,high
TR03205,LST00757,LST00021,0,high
TR03206,LST00795,LST00801,0,high
TR03207,LST00121,LST00026,0,high
TR03208,LST00489,LST00490,1,high
TR03209,LST00022,LST00011,0,medium
TR03210,LST00025,LST00095,0,high
TR03211,LST00224,LST00084,0,high
TR03212,LST00259,LST00257,0,medium
TR03213,LST00287,LST00241,0,low
TR03214,LST00077,LST00056,0,high
TR03215,LST00117,LST00011,0,high
TR03216,LST00475,LST00505,0,high
TR03217,LST00278,LST00416,0,high
TR03218,LST00816,LST00759,0,high
TR03219,LST00439,LST00235,0,high
TR03220,LST00472,LST00444,0,high
TR03221,LST00135,LST00144,0,medium
TR03222,LST00257,LST00254,1,high
TR03223,LST00017,LST00069,0,high
TR03224,LST00231,LST00224,0,high
TR03225,LST00070,LST00026,0,high
TR03226,LST00756,LST00792,0,high
TR03227,LST00521,LST00530,0,high
TR03228,LST00291,LST00300,0,high
TR03229,LST00043,LST00061,0,medium
TR03230,LST00026,LST00032,0,high
TR03231,LST00078,LST00097,0,high
TR03232,LST00217,LST00511,0,high
TR03233,LST00062,LST00060,0,medium
TR03234,LST00560,LST00590,0,high
TR03235,LST00217,LST00215,1,high
TR03236,LST00027,LST00021,0,high
TR03237,LST00269,LST00282,0,high
TR03238,LST00697,LST00818,0,high
TR03239,LST00009,LST00754,0,medium
TR03240,LST00284,LST00250,0,high
TR03241,LST00026,LST00008,0,medium
TR03242,LST00073,LST00074,1,low
TR03243,LST00092,LST00074,0,medium
TR03244,LST00168,LST00155,0,medium
TR03245,LST00126,LST00052,0,high
TR03246,LST00817,LST00092,0,high
TR03247,LST00527,LST00529,1,high
TR03248,LST00009,LST00016,0,high
TR03249,LST00097,LST00081,0,high
TR03250,LST00274,LST00290,0,medium
TR03251,LST00013,LST00016,1,high
TR03252,LST00077,LST00084,0,medium
TR03253,LST00002,LST00001,1,medium
TR03254,LST00418,LST00420,1,high
TR03255,LST00701,LST00700,1,high
TR03256,LST00057,LST00070,0,high
TR03257,LST00276,LST00280,1,high
TR03258,LST00010,LST00053,0,high
TR03259,LST00750,LST00015,0,medium
TR03260,LST00450,LST00453,0,medium
TR03261,LST00065,LST00061,0,low
TR03262,LST00630,LST00623,0,high
TR03263,LST00014,LST00827,0,high
TR03264,LST00136,LST00156,0,medium
TR03265,LST00105,LST00080,0,high
TR03266,LST00064,LST00053,0,medium
TR03267,LST00755,LST00747,0,high
TR03268,LST00749,LST00757,0,high
TR03269,LST00769,LST00714,0,high
TR03270,LST00563,LST00587,0,high
TR03271,LST00093,LST00016,0,high
TR03272,LST00439,LST00429,0,high
TR03273,LST00235,LST00630,0,high
TR03274,LST00574,LST00565,0,high
TR03275,LST00445,LST00453,0,high
TR03276,LST00145,LST00149,1,high
TR03277,LST00010,LST00760,0,high
TR03278,LST00134,LST00161,0,medium
TR03279,LST00796,LST00576,0,high
TR03280,LST00170,LST00171,1,high
TR03281,LST00768,LST00801,0,high
TR03282,LST00767,LST00625,0,high
TR03283,LST00156,LST00145,0,medium
TR03284,LST00039,LST00035,0,high
TR03285,LST00709,LST00702,0,high
TR03286,LST00076,LST00077,1,high
TR03287,LST00477,LST00052,0,high
TR03288,LST00746,LST00015,0,low
TR03289,LST00003,LST00045,0,high
TR03290,LST00041,LST00077,0,high
TR03291,LST00295,LST00061,0,high
TR03292,LST00041,LST00291,0,high
TR03293,LST00304,LST00300,1,high
TR03294,LST00813,LST00760,0,high
TR03295,LST00028,LST00031,0,high
TR03296,LST00228,LST00225,0,low
TR03297,LST00321,LST00291,0,high
TR03298,LST00483,LST00217,0,high
TR03299,LST00766,LST00628,0,medium
TR03300,LST00827,LST00795,0,high
TR03301,LST00437,LST00438,1,medium
TR03302,LST00135,LST00143,0,high
TR03303,LST00054,LST00065,0,high
TR03304,LST00142,LST00166,0,high
TR03305,LST00818,LST00791,0,high
TR03306,LST00573,LST00559,0,low
TR03307,LST00471,LST00452,0,high
TR03308,LST00588,LST00574,0,high
TR03309,LST00030,LST00126,0,medium
TR03310,LST00115,LST00119,1,high
TR03311,LST00029,LST00098,0,high
TR03312,LST00577,LST00592,0,medium
TR03313,LST00110,LST00127,0,medium
TR03314,LST00259,LST00268,0,high
TR03315,LST00026,LST00003,0,high
TR03316,LST00268,LST00256,0,high
TR03317,LST00480,LST00451,0,high
TR03318,LST00497,LST00501,0,high
TR03319,LST00038,LST00021,0,high
TR03320,LST00086,LST00808,0,medium
TR03321,LST00496,LST00497,1,high
TR03322,LST00160,LST00150,0,high
TR03323,LST00816,LST00098,0,high
TR03324,LST00019,LST00111,0,medium
TR03325,LST00757,LST00756,1,high
TR03326,LST00165,LST00134,0,medium
TR03327,LST00028,LST00019,0,low
TR03328,LST00449,LST00445,0,medium
TR03329,LST00074,LST00817,0,medium
TR03330,LST00160,LST00141,0,high
TR03331,LST00393,LST00521,0,high
TR03332,LST00438,LST00440,1,high
TR03333,LST00748,LST00755,0,high
TR03334,LST00151,LST00155,0,high
TR03335,LST00059,LST00759,0,high
TR03336,LST00763,LST00712,0,high
TR03337,LST00576,LST00572,0,high
TR03338,LST00018,LST00029,0,medium
TR03339,LST00274,LST00277,1,low
TR03340,LST00163,LST00162,0,high
TR03341,LST00747,LST00010,0,low
TR03342,LST00168,LST00153,0,medium
TR03343,LST00074,LST00087,0,medium
TR03344,LST00264,LST00273,0,high
TR03345,LST00258,LST00303,0,high
TR03346,LST00236,LST00240,0,medium
TR03347,LST00143,LST00144,1,high
TR03348,LST00445,LST00470,0,high
TR03349,LST00113,LST00097,0,high
TR03350,LST00494,LST00501,0,high
TR03351,LST00169,LST00141,0,medium
TR03352,LST00060,LST00046,0,low
TR03353,LST00729,LST00732,1,high
TR03354,LST00243,LST00268,0,high
TR03355,LST00392,LST00526,0,medium
TR03356,LST00052,LST00021,0,high
TR03357,LST00712,LST00630,0,high
TR03358,LST00256,LST00236,0,high
TR03359,LST00088,LST00073,0,medium
TR03360,LST00088,LST00080,0,high
TR03361,LST00593,LST00579,0,medium
TR03362,LST00063,LST00785,0,medium
TR03363,LST00636,LST00639,0,high
TR03364,LST00287,LST00276,0,high
TR03365,LST00795,LST00024,0,high
TR03366,LST00400,LST00432,0,high
TR03367,LST00026,LST00012,0,high
TR03368,LST00704,LST00710,0,medium
TR03369,LST00004,LST00084,0,high
TR03370,LST00476,LST00494,0,high
TR03371,LST00236,LST00820,0,medium
TR03372,LST00058,LST00069,0,high
TR03373,LST00796,LST00067,0,medium
TR03374,LST00414,LST00233,0,high
TR03375,LST00785,LST00761,0,medium
TR03376,LST00072,LST00024,0,high
TR03377,LST00442,LST00448,0,high
TR03378,LST00068,LST00062,0,medium
TR03379,LST00022,LST00021,1,high
TR03380,LST00213,LST00214,0,medium
TR03381,LST00034,LST00019,0,high
TR03382,LST00212,LST00116,0,high
TR03383,LST00816,LST00818,1,high
TR03384,LST00246,LST00255,0,high
TR03385,LST00815,LST00076,0,medium
TR03386,LST00051,LST00050,0,high
TR03387,LST00407,LST00405,1,high
TR03388,LST00089,LST00063,0,high
TR03389,LST00750,LST00763,0,high
TR03390,LST00085,LST00082,1,high
TR03391,LST00293,LST00298,0,high
TR03392,LST00250,LST00283,0,high
TR03393,LST00014,LST00005,0,medium
TR03394,LST00591,LST00588,1,high
TR03395,LST00275,LST00251,0,high
TR03396,LST00471,LST00803,0,medium
TR03397,LST00699,LST00702,0,medium
TR03398,LST00075,LST00092,0,medium
TR03399,LST00142,LST00169,0,low
TR03400,LST00150,LST00142,0,medium
TR03401,LST00071,LST00083,0,high
TR03402,LST00483,LST00503,0,high
TR03403,LST00067,LST00059,0,high
TR03404,LST00258,LST00109,0,high
TR03405,LST00110,LST00785,0,high
TR03406,LST00085,LST00117,0,high
TR03407,LST00150,LST00155,0,high
TR03408,LST00452,LST00506,0,high
TR03409,LST00519,LST00517,1,high
TR03410,LST00136,LST00132,0,medium
TR03411,LST00744,LST00810,0,high
TR03412,LST00566,LST00570,0,low
TR03413,LST00787,LST00798,0,medium
TR03414,LST00767,LST00797,0,high
TR03415,LST00294,LST00126,0,high
TR03416,LST00416,LST00414,1,high
TR03417,LST00577,LST00559,0,medium
TR03418,LST00017,LST00027,0,high
TR03419,LST00800,LST00473,0,low
TR03420,LST00402,LST00532,0,high
TR03421,LST00087,LST00071,0,high
TR03422,LST00037,LST00756,0,high
TR03423,LST00288,LST00275,0,high
TR03424,LST00266,LST00257,0,high
TR03425,LST00270,LST00291,0,medium
TR03426,LST00061,LST00069,0,high
TR03427,LST00095,LST00052,0,high
TR03428,LST00113,LST00100,0,high
TR03429,LST00272,LST00237,0,high
TR03430,LST00089,LST00076,0,medium
TR03431,LST00171,LST00162,0,low
TR03432,LST00106,LST00005,0,high
TR03433,LST00815,LST00812,0,high
TR03434,LST00116,LST00121,0,high
TR03435,LST00689,LST00794,0,high
TR03436,LST00061,LST00055,1,low
TR03437,LST00623,LST00716,0,high
TR03438,LST00149,LST00148,1,high
TR03439,LST00283,LST00266,0,high
TR03440,LST00439,LST00223,0,high
TR03441,LST00258,LST00256,1,high
TR03442,LST00495,LST00502,0,high
TR03443,LST00637,LST00638,0,medium
TR03444,LST00291,LST00029,0,high
TR03445,LST00096,LST00105,0,medium
TR03446,LST00154,LST00148,0,high
TR03447,LST00491,LST00483,0,high
TR03448,LST00009,LST00054,0,high
TR03449,LST00076,LST00094,0,high
TR03450,LST00567,LST00565,1,high
TR03451,LST00168,LST00159,0,medium
TR03452,LST00291,LST00284,0,medium
TR03453,LST00084,LST00132,0,high
TR03454,LST00034,LST00128,0,high
TR03455,LST00432,LST00215,0,high
TR03456,LST00136,LST00140,0,high
TR03457,LST00081,LST00077,0,low
TR03458,LST00439,LST00422,0,high
TR03459,LST00157,LST00169,0,medium
TR03460,LST00069,LST00041,0,high
TR03461,LST00699,LST00707,0,medium
TR03462,LST00086,LST00092,0,low
TR03463,LST00762,LST00627,0,high
TR03464,LST00049,LST00022,0,low
TR03465,LST00030,LST00029,0,high
TR03466,LST00493,LST00477,0,high
TR03467,LST00032,LST00004,0,high
TR03468,LST00054,LST00013,0,high
TR03469,LST00405,LST00392,0,medium
TR03470,LST00502,LST00475,0,high
TR03471,LST00271,LST00247,0,high
TR03472,LST00813,LST00094,0,high
TR03473,LST00168,LST00156,0,medium
TR03474,LST00125,LST00108,0,medium
TR03475,LST00823,LST00815,0,high
TR03476,LST00428,LST00417,0,high
TR03477,LST00012,LST00027,0,high
TR03478,LST00096,LST00095,1,low
TR03479,LST00253,LST00298,0,high
TR03480,LST00812,LST00082,0,high
TR03481,LST00109,LST00098,0,high
TR03482,LST00296,LST00290,0,medium
TR03483,LST00266,LST00269,1,high
TR03484,LST00012,LST00014,1,medium
TR03485,LST00816,LST00756,0,high
TR03486,LST00089,LST00008,0,high
TR03487,LST00132,LST00162,0,high
TR03488,LST00132,LST00414,0,medium
TR03489,LST00096,LST00010,0,high
TR03490,LST00446,LST00448,0,high
TR03491,LST00014,LST00322,0,high
TR03492,LST00068,LST00043,0,low
TR03493,LST00248,LST00823,0,medium
TR03494,LST00559,LST00569,0,high
TR03495,LST00427,LST00432,0,medium
TR03496,LST00095,LST00018,0,high
TR03497,LST00819,LST00795,0,high
TR03498,LST00103,LST00038,0,high
TR03499,LST00052,LST00014,0,medium
TR03500,LST00500,LST00505,0,medium
TR03501,LST00791,LST00828,0,high
TR03502,LST00165,LST00251,0,high
TR03503,LST00224,LST00132,0,high
TR03504,LST00035,LST00060,0,medium
TR03505,LST00445,LST00482,0,high
TR03506,LST00751,LST00812,0,medium
TR03507,LST00586,LST00588,0,high
TR03508,LST00576,LST00582,0,medium
TR03509,LST00434,LST00424,0,high
TR03510,LST00392,LST00406,0,low
TR03511,LST00745,LST00757,0,high
TR03512,LST00285,LST00301,0,medium
TR03513,LST00563,LST00564,1,medium
TR03514,LST00061,LST00789,0,high
TR03515,LST00414,LST00421,0,medium
TR03516,LST00140,LST00158,0,high
TR03517,LST00094,LST00071,0,high
TR03518,LST00271,LST00289,0,high
TR03519,LST00262,LST00240,1,low
TR03520,LST00162,LST00160,1,high
TR03521,LST00635,LST00640,0,medium
TR03522,LST00015,LST00029,0,high
TR03523,LST00451,LST00473,0,high
TR03524,LST00049,LST00062,0,medium
TR03525,LST00292,LST00472,0,high
TR03526,LST00321,LST00294,0,high
TR03527,LST00003,LST00036,0,high
TR03528,LST00050,LST00022,0,medium
TR03529,LST00269,LST00253,0,high
TR03530,LST00562,LST00563,0,medium
TR03531,LST00064,LST00065,1,medium
TR03532,LST00073,LST00104,0,high
TR03533,LST00409,LST00415,0,high
TR03534,LST00754,LST00042,0,medium
TR03535,LST00494,LST00485,0,high
TR03536,LST00301,LST00240,0,high
TR03537,LST00422,LST00411,0,high
TR03538,LST00261,LST00275,0,high
TR03539,LST00828,LST00092,0,high
TR03540,LST00098,LST00085,0,low
TR03541,LST00567,LST00583,0,high
TR03542,LST00627,LST00622,0,medium
TR03543,LST00751,LST00759,0,medium
TR03544,LST00149,LST00152,0,medium
TR03545,LST00056,LST00067,0,high
TR03546,LST00293,LST00279,0,high
TR03547,LST00752,LST00582,0,high
TR03548,LST00813,LST00747,0,high
TR03549,LST00044,LST00011,0,high
TR03550,LST00092,LST00818,0,high
TR03551,LST00016,LST00022,0,high
TR03552,LST00006,LST00014,0,low
TR03553,LST00245,LST00262,0,high
TR03554,LST00003,LST00757,0,high
TR03555,LST00423,LST00440,0,high
TR03556,LST00564,LST00710,0,high
TR03557,LST00492,LST00447,0,high
TR03558,LST00765,LST00712,0,high
TR03559,LST00748,LST00749,1,high
TR03560,LST00010,LST00753,0,high
TR03561,LST00305,LST00256,0,medium
TR03562,LST00025,LST00758,0,high
TR03563,LST00002,LST00027,0,medium
TR03564,LST00234,LST00084,0,high
TR03565,LST00067,LST00012,0,low
TR03566,LST00754,LST00784,0,high
TR03567,LST00069,LST00234,0,high
TR03568,LST00749,LST00756,0,high
TR03569,LST00573,LST00587,0,high
TR03570,LST00060,LST00030,0,medium
TR03571,LST00267,LST00271,0,high
TR03572,LST00695,LST00573,0,high
TR03573,LST00229,LST00224,0,high
TR03574,LST00243,LST00822,0,high
TR03575,LST00103,LST00020,0,high
TR03576,LST00072,LST00084,0,high
TR03577,LST00622,LST00768,0,low
TR03578,LST00747,LST00751,1,medium
TR03579,LST00745,LST00031,0,low
TR03580,LST00020,LST00059,0,high
TR03581,LST00210,LST00278,0,high
TR03582,LST00282,LST00280,1,high
TR03583,LST00699,LST00701,1,high
TR03584,LST00238,LST00256,0,high
TR03585,LST00498,LST00475,0,high
TR03586,LST00013,LST00037,0,medium
TR03587,LST00791,LST00710,0,high
TR03588,LST00047,LST00054,0,medium
TR03589,LST00064,LST00017,0,low
TR03590,LST00814,LST00750,0,medium
TR03591,LST00102,LST00038,0,high
TR03592,LST00082,LST00109,0,high
TR03593,LST00589,LST00710,0,high
TR03594,LST00296,LST00241,0,high
TR03595,LST00259,LST00238,0,high
TR03596,LST00040,LST00755,0,high
TR03597,LST00149,LST00130,0,medium
TR03598,LST00041,LST00760,0,high
TR03599,LST00321,LST00028,0,high
TR03600,LST00746,LST00767,0,high
TR03601,LST00427,LST00418,0,high
TR03602,LST00481,LST00504,0,high
TR03603,LST00145,LST00132,0,medium
TR03604,LST00435,LST00423,0,high
TR03605,LST00724,LST00725,1,high
TR03606,LST00757,LST00814,0,high
TR03607,LST00443,LST00442,1,high
TR03608,LST00471,LST00451,0,high
TR03609,LST00753,LST00760,0,medium
TR03610,LST00588,LST00584,0,high
TR03611,LST00822,LST00819,1,high
TR03612,LST00731,LST00725,0,high
TR03613,LST00255,LST00283,0,high
TR03614,LST00002,LST00046,0,medium
TR03615,LST00814,LST00806,0,high
TR03616,LST00787,LST00746,0,high
TR03617,LST00159,LST00139,0,low
TR03618,LST00263,LST00759,0,high
TR03619,LST00293,LST00273,0,high
TR03620,LST00825,LST00237,0,medium
TR03621,LST00244,LST00267,0,high
TR03622,LST00813,LST00749,0,high
TR03623,LST00090,LST00075,0,high
TR03624,LST00759,LST00023,0,high
TR03625,LST00501,LST00490,0,high
TR03626,LST00265,LST00251,0,high
TR03627,LST00432,LST00165,0,high
TR03628,LST00289,LST00242,0,high
TR03629,LST00746,LST00026,0,high
TR03630,LST00297,LST00287,0,medium
TR03631,LST00822,LST00827,0,medium
TR03632,LST00248,LST00264,0,medium
TR03633,LST00165,LST00160,0,low
TR03634,LST00641,LST00643,1,high
TR03635,LST00488,LST00495,0,high
TR03636,LST00138,LST00011,0,high
TR03637,LST00122,LST00031,0,medium
TR03638,LST00042,LST00797,0,high
TR03639,LST00072,LST00110,0,high
TR03640,LST00263,LST00267,0,high
TR03641,LST00259,LST00292,0,high
TR03642,LST00069,LST00063,0,high
TR03643,LST00279,LST00296,0,high
TR03644,LST00021,LST00755,0,medium
TR03645,LST00060,LST00033,0,medium
TR03646,LST00121,LST00126,0,high
TR03647,LST00013,LST00755,0,high
TR03648,LST00489,LST00487,1,high
TR03649,LST00796,LST00826,0,high
TR03650,LST00051,LST00046,0,high
TR03651,LST00561,LST00582,0,high
TR03652,LST00444,LST00446,1,medium
TR03653,LST00236,LST00258,0,medium
TR03654,LST00064,LST00062,1,high
TR03655,LST00065,LST00786,0,medium
TR03656,LST00470,LST00474,1,medium
TR03657,LST00491,LST00488,0,medium
TR03658,LST00811,LST00749,0,high
TR03659,LST00586,LST00570,0,high
TR03660,LST00124,LST00128,1,medium
TR03661,LST00744,LST00825,0,low
TR03662,LST00409,LST00411,1,high
TR03663,LST00124,LST00114,0,low
TR03664,LST00570,LST00789,0,high
TR03665,LST00413,LST00027,0,high
TR03666,LST00142,LST00161,0,medium
TR03667,LST00240,LST00239,1,high
TR03668,LST00301,LST00296,0,high
TR03669,LST00107,LST00109,1,high
TR03670,LST00012,LST00037,0,high
TR03671,LST00277,LST00298,0,high
TR03672,LST00244,LST00253,0,high
TR03673,LST00167,LST00150,0,high
TR03674,LST00051,LST00056,1,high
TR03675,LST00485,LST00475,0,high
TR03676,LST00153,LST00146,0,high
TR03677,LST00227,LST00223,0,high
TR03678,LST00812,LST00768,0,high
TR03679,LST00125,LST00123,1,medium
TR03680,LST00507,LST00498,0,high
TR03681,LST00401,LST00403,1,high
TR03682,LST00809,LST00755,0,high
TR03683,LST00137,LST00153,0,high
TR03684,LST00488,LST00451,0,high
TR03685,LST00303,LST00240,0,high
TR03686,LST00126,LST00102,0,medium
TR03687,LST00253,LST00242,0,high
TR03688,LST00247,LST00245,1,high
TR03689,LST00028,LST00023,0,high
TR03690,LST00040,LST00049,0,high
TR03691,LST00108,LST00015,0,high
TR03692,LST00488,LST00502,0,high
TR03693,LST00564,LST00561,0,high
TR03694,LST00513,LST00517,0,low
TR03695,LST00419,LST00438,0,high
TR03696,LST00238,LST00264,0,high
TR03697,LST00168,LST00132,0,low
TR03698,LST00698,LST00697,1,high
TR03699,LST00250,LST00236,0,high
TR03700,LST00815,LST00762,0,medium
TR03701,LST00398,LST00396,0,medium
TR03702,LST00408,LST00420,0,medium
TR03703,LST00166,LST00137,0,low
TR03704,LST00296,LST00268,0,high
TR03705,LST00400,LST00401,0,high
TR03706,LST00168,LST00161,0,medium
TR03707,LST00076,LST00028,0,high
TR03708,LST00412,LST00418,0,high
TR03709,LST00021,LST00034,0,high
TR03710,LST00572,LST00566,0,medium
TR03711,LST00625,LST00223,0,high
TR03712,LST00045,LST00070,0,high
TR03713,LST00276,LST00285,0,medium
TR03714,LST00020,LST00038,0,high
TR03715,LST00789,LST00784,0,high
TR03716,LST00757,LST00015,0,high
TR03717,LST00470,LST00442,0,high
TR03718,LST00447,LST00449,0,medium
TR03719,LST00151,LST00157,0,medium
TR03720,LST00760,LST00021,0,medium
TR03721,LST00704,LST00706,1,medium
TR03722,LST00578,LST00789,0,high
TR03723,LST00064,LST00012,0,medium
TR03724,LST00063,LST00091,0,high
TR03725,LST00027,LST00046,0,medium
TR03726,LST00005,LST00024,0,low
TR03727,LST00262,LST00255,0,low
TR03728,LST00159,LST00167,0,low
TR03729,LST00524,LST00392,0,high
TR03730,LST00440,LST00428,0,high
TR03731,LST00090,LST00088,0,high
TR03732,LST00413,LST00409,1,medium
TR03733,LST00256,LST00255,1,high
TR03734,LST00002,LST00068,0,medium
TR03735,LST00403,LST00402,1,high
TR03736,LST00413,LST00414,0,medium
TR03737,LST00470,LST00803,0,medium
TR03738,LST00294,LST00116,0,high
TR03739,LST00751,LST00754,0,high
TR03740,LST00285,LST00275,0,medium
TR03741,LST00153,LST00161,0,high
TR03742,LST00137,LST00133,0,high
TR03743,LST00435,LST00417,0,high
TR03744,LST00135,LST00133,0,high
TR03745,LST00526,LST00525,1,high
TR03746,LST00133,LST00139,0,high
TR03747,LST00158,LST00152,0,low
TR03748,LST00479,LST00258,0,medium
TR03749,LST00101,LST00103,0,high
TR03750,LST00822,LST00828,0,high
TR03751,LST00247,LST00822,0,high
TR03752,LST00128,LST00565,0,medium
TR03753,LST00800,LST00768,0,high
TR03754,LST00697,LST00691,0,high
TR03755,LST00055,LST00047,0,high
TR03756,LST00409,LST00061,0,high
TR03757,LST00085,LST00084,1,high
TR03758,LST00105,LST00076,0,high
TR03759,LST00451,LST00455,0,low
TR03760,LST00045,LST00050,0,medium
TR03761,LST00256,LST00827,0,medium
TR03762,LST00051,LST00797,0,high
TR03763,LST00071,LST00095,0,high
TR03764,LST00324,LST00102,0,high
TR03765,LST00046,LST00430,0,high
TR03766,LST00562,LST00588,0,high
TR03767,LST00095,LST00099,0,high
TR03768,LST00513,LST00515,1,high
TR03769,LST00271,LST00039,0,high
TR03770,LST00214,LST00217,1,high
TR03771,LST00823,LST00825,0,medium
TR03772,LST00226,LST00052,0,high
TR03773,LST00627,LST00769,0,high
TR03774,LST00798,LST00805,0,medium
TR03775,LST00080,LST00084,1,high
TR03776,LST00095,LST00054,0,high
TR03777,LST00579,LST00584,0,high
TR03778,LST00476,LST00489,0,high
TR03779,LST00792,LST00061,0,high
TR03780,LST00801,LST00472,0,medium
TR03781,LST00129,LST00075,0,high
TR03782,LST00287,LST00238,0,high
TR03783,LST00086,LST00046,0,medium
TR03784,LST00807,LST00472,0,high
TR03785,LST00400,LST00397,1,high
TR03786,LST00262,LST00259,1,low
TR03787,LST00096,LST00024,0,high
TR03788,LST00126,LST00215,0,high
TR03789,LST00427,LST00415,0,high
TR03790,LST00297,LST00296,1,high
TR03791,LST00583,LST00573,0,high
TR03792,LST00031,LST00081,0,high
TR03793,LST00170,LST00169,1,high
TR03794,LST00032,LST00068,0,medium
TR03795,LST00707,LST00706,0,medium
TR03796,LST00427,LST00412,0,high
TR03797,LST00069,LST00439,0,high
TR03798,LST00759,LST00808,0,medium
TR03799,LST00275,LST00269,0,high
TR03800,LST00582,LST00593,0,low
TR03801,LST00562,LST00568,0,high
TR03802,LST00751,LST00770,0,high
TR03803,LST00493,LST00495,1,high
TR03804,LST00067,LST00062,0,low
TR03805,LST00762,LST00800,0,high
TR03806,LST00437,LST00415,0,low
TR03807,LST00810,LST00089,0,high
TR03808,LST00045,LST00015,0,medium
TR03809,LST00039,LST00009,0,high
TR03810,LST00806,LST00801,1,high
TR03811,LST00027,LST00025,1,high
TR03812,LST00036,LST00746,0,medium
TR03813,LST00088,LST00079,0,medium
TR03814,LST00796,LST00025,0,high
TR03815,LST00039,LST00020,0,medium
TR03816,LST00261,LST00264,0,medium
TR03817,LST00767,LST00786,0,high
TR03818,LST00436,LST00430,0,medium
TR03819,LST00449,LST00446,0,high
TR03820,LST00440,LST00434,0,high
TR03821,LST00010,LST00061,0,low
TR03822,LST00035,LST00026,0,low
TR03823,LST00061,LST00057,1,low
TR03824,LST00225,LST00231,0,medium
TR03825,LST00488,LST00498,0,low
TR03826,LST00482,LST00504,0,high
TR03827,LST00084,LST00232,0,high
TR03828,LST00093,LST00294,0,high
TR03829,LST00027,LST00129,0,high
TR03830,LST00278,LST00286,0,high
TR03831,LST00236,LST00252,0,high
TR03832,LST00044,LST00052,0,medium
TR03833,LST00585,LST00586,1,medium
TR03834,LST00023,LST00035,0,high
TR03835,LST00505,LST00486,0,high
TR03836,LST00289,LST00258,0,high
TR03837,LST00580,LST00251,0,high
TR03838,LST00067,LST00009,0,high
TR03839,LST00401,LST00398,0,medium
TR03840,LST00624,LST00625,1,high
TR03841,LST00103,LST00129,0,high
TR03842,LST00256,LST00276,0,high
TR03843,LST00029,LST00022,0,high
TR03844,LST00210,LST00140,0,high
TR03845,LST00017,LST00041,0,high
TR03846,LST00041,LST00018,0,low
TR03847,LST00268,LST00303,0,medium
TR03848,LST00794,LST00802,0,medium
TR03849,LST00043,LST00213,0,high
TR03850,LST00574,LST00585,0,high
TR03851,LST00487,LST00483,0,high
TR03852,LST00481,LST00505,0,high
TR03853,LST00122,LST00100,0,high
TR03854,LST00063,LST00049,0,high
TR03855,LST00142,LST00139,0,low
TR03856,LST00142,LST00157,0,low
TR03857,LST00429,LST00423,0,high
TR03858,LST00477,LST00492,0,low
TR03859,LST00474,LST00452,0,medium
TR03860,LST00483,LST00499,0,high
TR03861,LST00505,LST00504,0,medium
TR03862,LST00171,LST00159,0,medium
TR03863,LST00167,LST00169,0,high
TR03864,LST00450,LST00442,0,high
TR03865,LST00156,LST00155,1,high
TR03866,LST00042,LST00755,0,high
TR03867,LST00756,LST00814,0,high
TR03868,LST00798,LST00292,0,high
TR03869,LST00137,LST00147,0,high
TR03870,LST00114,LST00009,0,high
TR03871,LST00116,LST00119,1,high
TR03872,LST00247,LST00259,0,medium
TR03873,LST00085,LST00055,0,high
TR03874,LST00518,LST00514,0,medium
TR03875,LST00531,LST00524,0,high
TR03876,LST00158,LST00155,0,low
TR03877,LST00108,LST00105,1,high
TR03878,LST00429,LST00430,1,high
TR03879,LST00227,LST00226,1,high
TR03880,LST00815,LST00770,0,high
TR03881,LST00222,LST00219,1,high
TR03882,LST00044,LST00788,0,high
TR03883,LST00252,LST00249,1,low
TR03884,LST00064,LST00058,0,low
TR03885,LST00791,LST00128,0,high
TR03886,LST00628,LST00622,0,high
TR03887,LST00033,LST00127,0,high
TR03888,LST00431,LST00426,0,medium
TR03889,LST00165,LST00137,0,medium
TR03890,LST00236,LST00247,0,medium
TR03891,LST00247,LST00241,0,low
TR03892,LST00026,LST00013,0,medium
TR03893,LST00711,LST00763,0,high
TR03894,LST00126,LST00124,1,high
TR03895,LST00237,LST00253,0,high
TR03896,LST00226,LST00231,1,high
TR03897,LST00236,LST00826,0,high
TR03898,LST00478,LST00507,0,high
TR03899,LST00051,LST00785,0,high
TR03900,LST00257,LST00250,0,high
TR03901,LST00267,LST00243,0,high
TR03902,LST00129,LST00033,0,high
TR03903,LST00630,LST00770,0,high
TR03904,LST00126,LST00089,0,high
TR03905,LST00091,LST00016,0,high
TR03906,LST00591,LST00569,0,high
TR03907,LST00416,LST00299,0,high
TR03908,LST00296,LST00275,0,high
TR03909,LST00489,LST00495,0,medium
TR03910,LST00144,LST00132,0,high
TR03911,LST00296,LST00294,0,high
TR03912,LST00256,LST00251,0,medium
TR03913,LST00804,LST00470,0,high
TR03914,LST00052,LST00223,0,high
TR03915,LST00008,LST00030,0,medium
TR03916,LST00039,LST00755,0,medium
TR03917,LST00001,LST00028,0,medium
TR03918,LST00292,LST00275,0,high
TR03919,LST00042,LST00068,0,high
TR03920,LST00136,LST00139,1,high
TR03921,LST00021,LST00042,0,high
TR03922,LST00508,LST00504,0,low
TR03923,LST00783,LST00784,1,high
TR03924,LST00283,LST00267,0,low
TR03925,LST00453,LST00473,0,high
TR03926,LST00290,LST00285,0,low
TR03927,LST00570,LST00573,1,high
TR03928,LST00109,LST00043,0,high
TR03929,LST00419,LST00414,1,high
TR03930,LST00427,LST00435,0,medium
TR03931,LST00138,LST00225,0,high
TR03932,LST00113,LST00105,0,high
TR03933,LST00292,LST00759,0,medium
TR03934,LST00040,LST00084,0,high
TR03935,LST00155,LST00141,0,high
TR03936,LST00623,LST00762,0,high
TR03937,LST00799,LST00768,0,high
TR03938,LST00120,LST00125,0,high
TR03939,LST00035,LST00003,0,low
TR03940,LST00253,LST00827,0,medium
TR03941,LST00253,LST00277,0,high
TR03942,LST00532,LST00523,0,medium
TR03943,LST00565,LST00452,0,medium
TR03944,LST00524,LST00523,1,high
TR03945,LST00722,LST00728,0,high
TR03946,LST00570,LST00818,0,high
TR03947,LST00012,LST00292,0,high
TR03948,LST00577,LST00564,0,medium
TR03949,LST00024,LST00760,0,medium
TR03950,LST00572,LST00560,0,medium
TR03951,LST00502,LST00480,0,medium
TR03952,LST00155,LST00157,1,high
TR03953,LST00261,LST00254,0,high
TR03954,LST00817,LST00827,0,high
TR03955,LST00789,LST00068,0,high
TR03956,LST00007,LST00024,0,high
TR03957,LST00077,LST00090,0,high
TR03958,LST00277,LST00281,1,medium
TR03959,LST00521,LST00525,1,high
TR03960,LST00069,LST00065,0,high
TR03961,LST00252,LST00282,0,high
TR03962,LST00015,LST00018,0,medium
TR03963,LST00154,LST00168,0,high
TR03964,LST00068,LST00017,0,high
TR03965,LST00418,LST00045,0,high
TR03966,LST00402,LST00523,0,high
TR03967,LST00748,LST00791,0,high
TR03968,LST00238,LST00252,0,medium
TR03969,LST00060,LST00082,0,high
TR03970,LST00043,LST00102,0,high
TR03971,LST00695,LST00227,0,high
TR03972,LST00010,LST00011,1,medium
TR03973,LST00039,LST00011,0,medium
TR03974,LST00787,LST00756,0,high
TR03975,LST00002,LST00012,0,medium
TR03976,LST00012,LST00016,1,high
TR03977,LST00067,LST00112,0,high
TR03978,LST00444,LST00447,1,high
TR03979,LST00710,LST00709,1,high
TR03980,LST00241,LST00242,1,high
TR03981,LST00066,LST00026,0,high
TR03982,LST00070,LST00053,0,low
TR03983,LST00013,LST00828,0,high
TR03984,LST00592,LST00210,0,high
TR03985,LST00123,LST00102,0,medium
TR03986,LST00625,LST00235,0,high
TR03987,LST00749,LST00020,0,high
TR03988,LST00004,LST00026,0,high
TR03989,LST00140,LST00168,0,medium
TR03990,LST00001,LST00118,0,high
TR03991,LST00024,LST00006,0,medium
TR03992,LST00029,LST00012,0,medium
TR03993,LST00065,LST00008,0,low
TR03994,LST00431,LST00427,0,medium
TR03995,LST00441,LST00489,0,high
TR03996,LST00033,LST00042,0,medium
TR03997,LST00827,LST00820,0,medium
TR03998,LST00029,LST00036,0,high
TR03999,LST00454,LST00449,0,medium
TR04000,LST00258,LST00238,0,high
TR04001,LST00787,LST00057,0,medium
TR04002,LST00138,LST00169,0,low
TR04003,LST00269,LST00262,0,high
TR04004,LST00584,LST00581,0,high
TR04005,LST00230,LST00084,0,high
TR04006,LST00828,LST00041,0,high
TR04007,LST00165,LST00148,0,high
TR04008,LST00236,LST00262,0,medium
TR04009,LST00110,LST00012,0,high
TR04010,LST00167,LST00136,0,high
TR04011,LST00304,LST00287,0,high
TR04012,LST00264,LST00295,0,high
TR04013,LST00036,LST00002,0,high
TR04014,LST00277,LST00252,0,high
TR04015,LST00061,LST00099,0,high
TR04016,LST00014,LST00057,0,high
TR04017,LST00749,LST00823,0,high
TR04018,LST00828,LST00028,0,high
TR04019,LST00249,LST00259,0,high
TR04020,LST00401,LST00393,0,medium
TR04021,LST00478,LST00493,0,high
TR04022,LST00430,LST00439,0,high
TR04023,LST00786,LST00758,0,high
TR04024,LST00763,LST00764,1,high
TR04025,LST00250,LST00259,0,high
TR04026,LST00015,LST00095,0,high
TR04027,LST00299,LST00133,0,high
TR04028,LST00755,LST00038,0,high
TR04029,LST00230,LST00630,0,high
TR04030,LST00487,LST00492,0,medium
TR04031,LST00747,LST00818,0,high
TR04032,LST00497,LST00479,0,high
TR04033,LST00011,LST00002,0,medium
TR04034,LST00581,LST00787,0,high
TR04035,LST00500,LST00485,0,high
TR04036,LST00101,LST00001,0,high
TR04037,LST00167,LST00156,0,medium
TR04038,LST00269,LST00242,0,high
TR04039,LST00026,LST00038,0,high
TR04040,LST00147,LST00139,0,low
TR04041,LST00762,LST00766,1,high
TR04042,LST00506,LST00445,0,high
TR04043,LST00247,LST00242,0,high
TR04044,LST00106,LST00114,0,high
TR04045,LST00799,LST00802,0,medium
TR04046,LST00770,LST00825,0,high
TR04047,LST00232,LST00011,0,high
TR04048,LST00493,LST00481,0,medium
TR04049,LST00504,LST00486,0,high
TR04050,LST00070,LST00797,0,medium
TR04051,LST00131,LST00145,0,medium
TR04052,LST00037,LST00024,0,high
TR04053,LST00624,LST00622,1,high
TR04054,LST00808,LST00821,0,high
TR04055,LST00302,LST00269,0,high
TR04056,LST00413,LST00013,1,low
TR04057,LST00702,LST00582,0,high
TR04058,LST00066,LST00017,0,high
TR04059,LST00142,LST00155,0,medium
TR04060,LST00022,LST00069,0,low
TR04061,LST00089,LST00322,0,high
TR04062,LST00268,LST00016,0,high
TR04063,LST00166,LST00161,0,high
TR04064,LST00408,LST00438,0,high
TR04065,LST00477,LST00223,0,high
TR04066,LST00756,LST00758,1,high
TR04067,LST00809,LST00082,0,high
TR04068,LST00060,LST00009,0,high
TR04069,LST00789,LST00051,0,high
TR04070,LST00578,LST00561,0,high
TR04071,LST00227,LST00225,0,medium
TR04072,LST00500,LST00478,0,high
TR04073,LST00090,LST00081,0,high
TR04074,LST00488,LST00445,0,high
TR04075,LST00490,LST00486,1,medium
TR04076,LST00272,LST00290,0,medium
TR04077,LST00221,LST00222,1,high
TR04078,LST00760,LST00761,0,high
TR04079,LST00251,LST00045,0,high
TR04080,LST00228,LST00439,0,high
TR04081,LST00452,LST00502,0,high
TR04082,LST00018,LST00054,0,medium
TR04083,LST00028,LST00011,0,high
TR04084,LST00785,LST00744,0,high
TR04085,LST00410,LST00413,1,high
TR04086,LST00042,LST00014,0,medium
TR04087,LST00061,LST00429,0,high
TR04088,LST00235,LST00573,0,medium
TR04089,LST00578,LST00708,0,high
TR04090,LST00024,LST00038,0,high
TR04091,LST00820,LST00262,0,high
TR04092,LST00098,LST00084,0,high
TR04093,LST00005,LST00745,0,high
TR04094,LST00164,LST00131,0,high
TR04095,LST00161,LST00148,0,high
TR04096,LST00040,LST00007,0,high
TR04097,LST00060,LST00019,0,low
TR04098,LST00751,LST00034,0,low
TR04099,LST00289,LST00301,0,medium
TR04100,LST00479,LST00485,0,high
TR04101,LST00021,LST00023,1,medium
TR04102,LST00169,LST00139,0,low
TR04103,LST00025,LST00067,0,high
TR04104,LST00062,LST00058,0,medium
TR04105,LST00479,LST00489,0,high
TR04106,LST00250,LST00244,0,high
TR04107,LST00015,LST00024,0,medium
TR04108,LST00102,LST00019,0,high
TR04109,LST00394,LST00404,0,high
TR04110,LST00790,LST00783,0,high
TR04111,LST00822,LST00239,0,medium
TR04112,LST00256,LST00291,0,high
TR04113,LST00120,LST00089,0,high
TR04114,LST00589,LST00591,1,medium
TR04115,LST00294,LST00079,0,high
TR04116,LST00029,LST00021,0,high
TR04117,LST00483,LST00485,0,medium
TR04118,LST00419,LST00425,0,medium
TR04119,LST00805,LST00802,1,high
TR04120,LST00578,LST00583,0,high
TR04121,LST00439,LST00630,0,high
TR04122,LST00116,LST00216,0,high
TR04123,LST00793,LST00788,0,medium
TR04124,LST00125,LST00128,1,high
TR04125,LST00627,LST00626,1,high
TR04126,LST00639,LST00088,0,high
TR04127,LST00625,LST00768,0,high
TR04128,LST00581,LST00564,0,high
TR04129,LST00784,LST00750,0,high
TR04130,LST00792,LST00789,1,high
TR04131,LST00816,LST00754,0,medium
TR04132,LST00025,LST00014,0,high
TR04133,LST00494,LST00444,0,low
TR04134,LST00765,LST00808,0,high
TR04135,LST00247,LST00238,0,medium
TR04136,LST00024,LST00755,0,high
TR04137,LST00765,LST00713,0,high
TR04138,LST00629,LST00711,0,high
TR04139,LST00016,LST00271,0,high
TR04140,LST00234,LST00233,1,low
TR04141,LST00068,LST00063,0,low
TR04142,LST00138,LST00166,0,high
TR04143,LST00131,LST00159,0,medium
TR04144,LST00521,LST00405,0,high
TR04145,LST00789,LST00796,0,medium
TR04146,LST00502,LST00501,1,high
TR04147,LST00484,LST00483,0,medium
TR04148,LST00091,LST00098,0,high
TR04149,LST00124,LST00015,0,high
TR04150,LST00506,LST00487,0,high
TR04151,LST00070,LST00034,0,medium
TR04152,LST00523,LST00525,1,high
TR04153,LST00049,LST00057,0,medium
TR04154,LST00034,LST00041,0,high
TR04155,LST00755,LST00019,0,medium
TR04156,LST00164,LST00144,0,high
TR04157,LST00017,LST00014,0,high
TR04158,LST00111,LST00053,0,high
TR04159,LST00302,LST00297,0,high
TR04160,LST00264,LST00285,0,high
TR04161,LST00408,LST00410,1,high
TR04162,LST00792,LST00052,0,high
TR04163,LST00568,LST00589,0,high
TR04164,LST00161,LST00167,0,medium
TR04165,LST00081,LST00079,1,medium
TR04166,LST00399,LST00405,0,medium
TR04167,LST00036,LST00050,0,medium
TR04168,LST00751,LST00002,0,high
TR04169,LST00015,LST00025,0,high
TR04170,LST00433,LST00435,0,medium
TR04171,LST00085,LST00808,0,medium
TR04172,LST00826,LST00239,0,low
TR04173,LST00123,LST00109,0,medium
TR04174,LST00472,LST00455,0,high
TR04175,LST00498,LST00505,0,low
TR04176,LST00803,LST00805,1,high
TR04177,LST00322,LST00429,0,high
TR04178,LST00483,LST00507,0,high
TR04179,LST00076,LST00062,0,high
TR04180,LST00475,LST00496,0,medium
TR04181,LST00168,LST00150,0,low
TR04182,LST00113,LST00101,0,medium
TR04183,LST00016,LST00020,0,medium
TR04184,LST00498,LST00454,0,medium
TR04185,LST00494,LST00505,0,medium
TR04186,LST00819,LST00824,1,medium
TR04187,LST00147,LST00170,0,medium
TR04188,LST00828,LST00797,0,high
TR04189,LST00419,LST00429,0,high
TR04190,LST00807,LST00801,1,high
TR04191,LST00073,LST00071,1,medium
TR04192,LST00433,LST00437,0,high
TR04193,LST00755,LST00034,0,high
TR04194,LST00122,LST00089,0,high
TR04195,LST00571,LST00573,1,high
TR04196,LST00171,LST00147,0,high
TR04197,LST00427,LST00438,0,high
TR04198,LST00119,LST00099,0,high
TR04199,LST00813,LST00812,0,high
TR04200,LST00426,LST00424,0,high
TR04201,LST00748,LST00121,0,high
TR04202,LST00109,LST00483,0,low
TR04203,LST00087,LST00098,0,high
TR04204,LST00392,LST00530,0,high
TR04205,LST00642,LST00643,1,high
TR04206,LST00125,LST00080,0,high
TR04207,LST00504,LST00498,0,medium
TR04208,LST00410,LST00435,0,high
TR04209,LST00284,LST00275,0,high
TR04210,LST00417,LST00438,0,high
TR04211,LST00006,LST00003,0,medium
TR04212,LST00813,LST00748,0,high
TR04213,LST00047,LST00069,0,medium
TR04214,LST00002,LST00040,0,high
TR04215,LST00075,LST00085,0,medium
TR04216,LST00808,LST00094,0,low
TR04217,LST00261,LST00255,0,low
TR04218,LST00452,LST00453,1,high
TR04219,LST00521,LST00400,0,high
TR04220,LST00103,LST00487,0,high
TR04221,LST00218,LST00222,0,low
TR04222,LST00057,LST00212,0,high
TR04223,LST00064,LST00083,0,high
TR04224,LST00816,LST00750,0,high
TR04225,LST00702,LST00768,0,high
TR04226,LST00106,LST00085,0,high
TR04227,LST00805,LST00770,0,medium
TR04228,LST00046,LST00021,0,high
TR04229,LST00010,LST00758,0,high
TR04230,LST00013,LST00759,0,medium
TR04231,LST00091,LST00077,0,high
TR04232,LST00747,LST00025,0,medium
TR04233,LST00120,LST00105,0,high
TR04234,LST00828,LST00809,0,high
TR04235,LST00102,LST00108,0,medium
TR04236,LST00071,LST00088,0,high
TR04237,LST00589,LST00783,0,high
TR04238,LST00508,LST00499,0,low
TR04239,LST00813,LST00083,0,high
TR04240,LST00168,LST00137,0,high
TR04241,LST00118,LST00105,0,medium
TR04242,LST00052,LST00229,0,high
TR04243,LST00049,LST00081,0,high
TR04244,LST00484,LST00442,0,high
TR04245,LST00569,LST00294,0,high
TR04246,LST00264,LST00301,0,medium
TR04247,LST00022,LST00062,0,high
TR04248,LST00254,LST00244,0,low
TR04249,LST00015,LST00004,0,high
TR04250,LST00565,LST00572,0,medium
TR04251,LST00472,LST00441,0,high
TR04252,LST00758,LST00016,0,medium
TR04253,LST00284,LST00277,0,high
TR04254,LST00751,LST00814,0,high
TR04255,LST00796,LST00786,0,high
TR04256,LST00294,LST00218,0,high
TR04257,LST00759,LST00828,0,high
TR04258,LST00278,LST00275,0,medium
TR04259,LST00592,LST00299,0,high
TR04260,LST00137,LST00162,0,medium
TR04261,LST00119,LST00031,0,high
TR04262,LST00488,LST00482,0,high
TR04263,LST00242,LST00240,1,medium
TR04264,LST00531,LST00526,1,low
TR04265,LST00245,LST00303,0,high
TR04266,LST00261,LST00826,0,medium
TR04267,LST00562,LST00571,0,medium
TR04268,LST00080,LST00075,0,medium
TR04269,LST00111,LST00099,0,medium
TR04270,LST00031,LST00041,0,medium
TR04271,LST00109,LST00092,0,high
TR04272,LST00069,LST00045,0,high
TR04273,LST00226,LST00225,0,medium
TR04274,LST00578,LST00697,0,high
TR04275,LST00496,LST00500,0,high
TR04276,LST00113,LST00120,0,medium
TR04277,LST00265,LST00259,0,high
TR04278,LST00492,LST00488,0,medium
TR04279,LST00423,LST00413,0,medium
TR04280,LST00153,LST00135,0,high
TR04281,LST00030,LST00752,0,medium
TR04282,LST00162,LST00150,0,medium
TR04283,LST00025,LST00042,0,medium
TR04284,LST00493,LST00508,0,high
TR04285,LST00105,LST00097,0,high
TR04286,LST00266,LST00242,0,high
TR04287,LST00809,LST00754,0,high
TR04288,LST00293,LST00299,0,high
TR04289,LST00500,LST00493,0,high
TR04290,LST00732,LST00724,0,high
TR04291,LST00303,LST00267,0,high
TR04292,LST00248,LST00240,0,low
TR04293,LST00702,LST00570,0,high
TR04294,LST00821,LST00811,0,high
TR04295,LST00246,LST00240,0,medium
TR04296,LST00496,LST00499,0,medium
TR04297,LST00085,LST00014,0,high
TR04298,LST00407,LST00395,0,high
TR04299,LST00500,LST00481,0,high
TR04300,LST00431,LST00434,1,high
TR04301,LST00252,LST00301,0,high
TR04302,LST00247,LST00298,0,high
TR04303,LST00785,LST00760,0,high
TR04304,LST00077,LST00010,0,high
TR04305,LST00265,LST00296,0,high
TR04306,LST00128,LST00120,0,medium
TR04307,LST00048,LST00049,1,high
TR04308,LST00267,LST00253,0,high
TR04309,LST00119,LST00117,1,high
TR04310,LST00155,LST00144,0,high
TR04311,LST00471,LST00445,0,medium
TR04312,LST00477,LST00230,0,high
TR04313,LST00289,LST00285,0,high
TR04314,LST00526,LST00397,0,high
TR04315,LST00085,LST00088,0,medium
TR04316,LST00248,LST00299,0,high
TR04317,LST00167,LST00146,0,high
TR04318,LST00132,LST00223,0,high
TR04319,LST00760,LST00036,0,high
TR04320,LST00501,LST00476,0,high
TR04321,LST00623,LST00765,0,high
TR04322,LST00029,LST00062,0,high
TR04323,LST00587,LST00705,0,high
TR04324,LST00447,LST00472,0,high
TR04325,LST00049,LST00002,0,high
TR04326,LST00126,LST00123,1,high
TR04327,LST00062,LST00065,1,high
TR04328,LST00784,LST00757,0,high
TR04329,LST00295,LST00430,0,high
TR04330,LST00015,LST00016,1,medium
TR04331,LST00052,LST00054,1,high
TR04332,LST00054,LST00051,1,medium
TR04333,LST00408,LST00430,0,high
TR04334,LST00089,LST00029,0,high
TR04335,LST00169,LST00154,0,high
TR04336,LST00482,LST00496,0,high
TR04337,LST00818,LST00810,0,high
TR04338,LST00144,LST00130,0,medium
TR04339,LST00416,LST00411,0,high
TR04340,LST00415,LST00428,0,high
TR04341,LST00297,LST00294,0,low
TR04342,LST00092,LST00090,1,high
TR04343,LST00068,LST00055,0,high
TR04344,LST00484,LST00495,0,high
TR04345,LST00276,LST00271,0,low
TR04346,LST00575,LST00588,0,high
TR04347,LST00499,LST00443,0,high
TR04348,LST00008,LST00025,0,medium
TR04349,LST00112,LST00129,0,medium
TR04350,LST00133,LST00159,0,medium
TR04351,LST00066,LST00048,0,high
TR04352,LST00727,LST00730,1,high
TR04353,LST00257,LST00245,0,low
TR04354,LST00568,LST00583,0,high
TR04355,LST00592,LST00479,0,high
TR04356,LST00144,LST00157,0,high
TR04357,LST00749,LST00760,0,medium
TR04358,LST00290,LST00253,0,high
TR04359,LST00121,LST00050,0,high
TR04360,LST00764,LST00626,0,low
TR04361,LST00586,LST00575,0,high
TR04362,LST00071,LST00076,0,high
TR04363,LST00286,LST00300,0,medium
TR04364,LST00243,LST00292,0,high
TR04365,LST00751,LST00794,0,high
TR04366,LST00035,LST00042,0,high
TR04367,LST00237,LST00245,0,high
TR04368,LST00823,LST00241,0,medium
TR04369,LST00109,LST00104,1,medium
TR04370,LST00277,LST00237,0,high
TR04371,LST00438,LST00435,1,high
TR04372,LST00321,LST00059,0,high
TR04373,LST00060,LST00002,0,high
TR04374,LST00152,LST00156,0,high
TR04375,LST00101,LST00005,0,high
TR04376,LST00400,LST00407,0,high
TR04377,LST00445,LST00442,1,high
TR04378,LST00057,LST00016,0,medium
TR04379,LST00714,LST00628,0,high
TR04380,LST00136,LST00159,0,medium
TR04381,LST00009,LST00119,0,high
TR04382,LST00699,LST00706,0,low
TR04383,LST00110,LST00117,0,high
TR04384,LST00212,LST00446,0,high
TR04385,LST00574,LST00573,1,high
TR04386,LST00132,LST00166,0,medium
TR04387,LST00060,LST00061,1,medium
TR04388,LST00169,LST00171,1,high
TR04389,LST00631,LST00634,1,high
TR04390,LST00059,LST00290,0,high
TR04391,LST00060,LST00059,1,high
TR04392,LST00045,LST00057,0,low
TR04393,LST00586,LST00574,0,high
TR04394,LST00239,LST00237,0,high
TR04395,LST00766,LST00770,0,medium
TR04396,LST00639,LST00093,0,high
TR04397,LST00215,LST00580,0,high
TR04398,LST00626,LST00629,1,high
TR04399,LST00020,LST00056,0,medium
TR04400,LST00745,LST00754,0,high
TR04401,LST00268,LST00012,0,high
TR04402,LST00047,LST00041,0,medium
TR04403,LST00569,LST00045,0,high
TR04404,LST00763,LST00762,1,medium
TR04405,LST00796,LST00792,0,high
TR04406,LST00078,LST00027,0,high
TR04407,LST00478,LST00498,0,high
TR04408,LST00021,LST00012,0,low
TR04409,LST00583,LST00561,0,high
TR04410,LST00516,LST00515,0,high
TR04411,LST00291,LST00278,0,high
TR04412,LST00585,LST00587,1,high
TR04413,LST00103,LST00133,0,high
TR04414,LST00273,LST00291,0,low
TR04415,LST00443,LST00455,0,medium
TR04416,LST00014,LST00751,0,high
TR04417,LST00231,LST00695,0,high
TR04418,LST00304,LST00270,0,medium
TR04419,LST00716,LST00769,0,high
TR04420,LST00035,LST00034,0,low
TR04421,LST00226,LST00228,1,high
TR04422,LST00299,LST00292,0,high
TR04423,LST00109,LST00084,0,high
TR04424,LST00495,LST00486,0,high
TR04425,LST00081,LST00128,0,high
TR04426,LST00789,LST00043,0,high
TR04427,LST00130,LST00156,0,high
TR04428,LST00392,LST00529,0,high
TR04429,LST00264,LST00239,0,high
TR04430,LST00707,LST00705,0,high
TR04431,LST00791,LST00045,0,medium
TR04432,LST00271,LST00281,1,low
TR04433,LST00805,LST00817,0,high
TR04434,LST00786,LST00060,0,high
TR04435,LST00788,LST00023,0,high
TR04436,LST00125,LST00127,1,high
TR04437,LST00084,LST00095,0,high
TR04438,LST00489,LST00485,1,medium
TR04439,LST00428,LST00425,0,high
TR04440,LST00394,LST00396,1,medium
TR04441,LST00394,LST00399,0,high
TR04442,LST00087,LST00124,0,medium
TR04443,LST00021,LST00791,0,high
TR04444,LST00068,LST00101,0,high
TR04445,LST00277,LST00242,0,high
TR04446,LST00146,LST00165,0,high
TR04447,LST00277,LST00288,0,high
TR04448,LST00273,LST00277,0,high
TR04449,LST00409,LST00439,0,high
TR04450,LST00168,LST00158,0,medium
TR04451,LST00529,LST00531,1,high
TR04452,LST00284,LST00269,0,medium
TR04453,LST00576,LST00578,1,high
TR04454,LST00494,LST00448,0,high
TR04455,LST00492,LST00482,0,high
TR04456,LST00511,LST00434,0,high
TR04457,LST00021,LST00746,0,high
TR04458,LST00281,LST00302,0,low
TR04459,LST00284,LST00290,0,medium
TR04460,LST00030,LST00110,0,high
TR04461,LST00023,LST00065,0,high
TR04462,LST00501,LST00477,0,high
TR04463,LST00104,LST00080,0,high
TR04464,LST00816,LST00746,0,high
TR04465,LST00294,LST00251,0,high
TR04466,LST00435,LST00415,0,high
TR04467,LST00757,LST00816,0,high
TR04468,LST00076,LST00760,0,high
TR04469,LST00493,LST00503,0,high
TR04470,LST00043,LST00295,0,high
TR04471,LST00120,LST00035,0,high
TR04472,LST00029,LST00757,0,high
TR04473,LST00075,LST00061,0,high
TR04474,LST00271,LST00305,0,medium
TR04475,LST00082,LST00815,0,high
TR04476,LST00768,LST00576,0,high
TR04477,LST00828,LST00746,0,high
TR04478,LST00580,LST00446,0,high
TR04479,LST00287,LST00283,1,high
TR04480,LST00746,LST00749,0,medium
TR04481,LST00059,LST00100,0,high
TR04482,LST00126,LST00222,0,high
TR04483,LST00760,LST00822,0,high
TR04484,LST00024,LST00020,1,high
TR04485,LST00745,LST00109,0,high
TR04486,LST00451,LST00501,0,high
TR04487,LST00111,LST00110,1,high
TR04488,LST00059,LST00012,0,high
TR04489,LST00257,LST00260,0,medium
TR04490,LST00113,LST00090,0,high
TR04491,LST00027,LST00001,0,high
TR04492,LST00278,LST00109,0,high
TR04493,LST00159,LST00148,0,low
TR04494,LST00217,LST00592,0,high
TR04495,LST00809,LST00768,0,high
TR04496,LST00095,LST00041,0,high
TR04497,LST00075,LST00046,0,high
TR04498,LST00241,LST00259,0,high
TR04499,LST00826,LST00758,0,high
TR04500,LST00162,LST00148,0,medium
TR04501,LST00697,LST00702,0,high
TR04502,LST00140,LST00258,0,high
TR04503,LST00492,LST00451,0,high
TR04504,LST00729,LST00726,1,high
TR04505,LST00502,LST00489,0,high
TR04506,LST00271,LST00294,0,medium
TR04507,LST00162,LST00130,0,medium
TR04508,LST00030,LST00744,0,medium
TR04509,LST00014,LST00110,0,high
TR04510,LST00214,LST00212,0,high
TR04511,LST00057,LST00042,0,low
TR04512,LST00765,LST00763,1,high
TR04513,LST00149,LST00131,0,high
TR04514,LST00040,LST00009,0,low
TR04515,LST00063,LST00047,0,high
TR04516,LST00117,LST00045,0,medium
TR04517,LST00038,LST00016,0,high
TR04518,LST00235,LST00223,0,high
TR04519,LST00503,LST00454,0,high
TR04520,LST00097,LST00091,0,medium
TR04521,LST00625,LST00764,0,medium
TR04522,LST00007,LST00744,0,high
TR04523,LST00011,LST00029,0,high
TR04524,LST00429,LST00420,0,high
TR04525,LST00290,LST00293,1,high
TR04526,LST00429,LST00410,0,high
TR04527,LST00571,LST00584,0,high
TR04528,LST00001,LST00759,0,medium
TR04529,LST00760,LST00409,0,high
TR04530,LST00167,LST00162,0,high
TR04531,LST00592,LST00589,1,medium
TR04532,LST00089,LST00094,1,high
TR04533,LST00244,LST00827,0,medium
TR04534,LST00295,LST00278,0,high
TR04535,LST00271,LST00273,1,high
TR04536,LST00233,LST00228,0,high
TR04537,LST00563,LST00589,0,high
TR04538,LST00628,LST00713,0,high
TR04539,LST00024,LST00028,0,medium
TR04540,LST00584,LST00590,0,high
TR04541,LST00752,LST00040,0,high
TR04542,LST00058,LST00044,0,low
TR04543,LST00398,LST00400,1,high
TR04544,LST00511,LST00510,1,high
TR04545,LST00573,LST00084,0,medium
TR04546,LST00010,LST00752,0,medium
TR04547,LST00794,LST00793,1,high
TR04548,LST00581,LST00578,0,high
TR04549,LST00723,LST00726,0,high
TR04550,LST00495,LST00505,0,high
TR04551,LST00822,LST00784,0,high
TR04552,LST00155,LST00138,0,high
TR04553,LST00067,LST00026,0,high
TR04554,LST00020,LST00001,0,high
TR04555,LST00443,LST00449,0,medium
TR04556,LST00414,LST00424,0,medium
TR04557,LST00255,LST00241,0,medium
TR04558,LST00008,LST00749,0,high
TR04559,LST00788,LST00063,0,high
TR04560,LST00012,LST00109,0,high
TR04561,LST00252,LST00242,0,high
TR04562,LST00091,LST00817,0,high
TR04563,LST00168,LST00148,0,low
TR04564,LST00487,LST00488,1,high
TR04565,LST00154,LST00139,0,medium
TR04566,LST00299,LST00567,0,high
TR04567,LST00153,LST00154,1,high
TR04568,LST00765,LST00628,0,high
TR04569,LST00423,LST00420,0,high
TR04570,LST00448,LST00499,0,high
TR04571,LST00572,LST00559,0,medium
TR04572,LST00480,LST00499,0,high
TR04573,LST00759,LST00827,0,high
TR04574,LST00479,LST00505,0,high
TR04575,LST00030,LST00015,0,high
TR04576,LST00293,LST00275,0,medium
TR04577,LST00415,LST00417,1,high
TR04578,LST00480,LST00505,0,high
TR04579,LST00403,LST00398,0,high
TR04580,LST00575,LST00585,0,high
TR04581,LST00088,LST00086,1,medium
TR04582,LST00569,LST00563,1,high
TR04583,LST00079,LST00089,0,high
TR04584,LST00237,LST00260,0,medium
TR04585,LST00241,LST00245,0,medium
TR04586,LST00106,LST00100,0,low
TR04587,LST00575,LST00571,0,medium
TR04588,LST00057,LST00059,1,high
TR04589,LST00394,LST00395,1,high
TR04590,LST00804,LST00811,0,high
TR04591,LST00766,LST00828,0,high
TR04592,LST00131,LST00161,0,high
TR04593,LST00210,LST00109,0,high
TR04594,LST00040,LST00011,0,high
TR04595,LST00132,LST00131,1,high
TR04596,LST00111,LST00069,0,medium
TR04597,LST00033,LST00751,0,high
TR04598,LST00593,LST00574,0,high
TR04599,LST00057,LST00023,0,high
TR04600,LST00416,LST00567,0,high
TR04601,LST00114,LST00125,0,low
TR04602,LST00164,LST00150,0,medium
TR04603,LST00798,LST00471,0,low
TR04604,LST00471,LST00806,0,medium
TR04605,LST00012,LST00044,0,high
TR04606,LST00635,LST00636,1,high
TR04607,LST00251,LST00258,0,high
TR04608,LST00257,LST00267,0,medium
TR04609,LST00702,LST00689,0,high
TR04610,LST00265,LST00268,1,medium
TR04611,LST00289,LST00239,0,high
TR04612,LST00496,LST00486,0,medium
TR04613,LST00045,LST00282,0,high
TR04614,LST00527,LST00532,1,medium
TR04615,LST00280,LST00267,0,high
TR04616,LST00589,LST00569,0,high
TR04617,LST00040,LST00035,0,low
TR04618,LST00043,LST00052,0,high
TR04619,LST00304,LST00238,0,high
TR04620,LST00043,LST00045,1,high
TR04621,LST00104,LST00102,0,high
TR04622,LST00092,LST00104,0,high
TR04623,LST00582,LST00689,0,high
TR04624,LST00250,LST00240,0,high
TR04625,LST00252,LST00261,0,high
TR04626,LST00106,LST00073,0,medium
TR04627,LST00218,LST00219,0,high
TR04628,LST00820,LST00744,0,high
TR04629,LST00016,LST00082,0,medium
TR04630,LST00009,LST00787,0,high
TR04631,LST00581,LST00588,0,low
TR04632,LST00792,LST00797,0,high
TR04633,LST00472,LST00473,1,high
TR04634,LST00784,LST00787,1,high
TR04635,LST00123,LST00038,0,high
TR04636,LST00042,LST00041,1,high
TR04637,LST00636,LST00642,0,high
TR04638,LST00076,LST00082,0,medium
TR04639,LST00122,LST00114,0,medium
TR04640,LST00236,LST00239,0,medium
TR04641,LST00395,LST00406,0,medium
TR04642,LST00490,LST00496,0,low
TR04643,LST00695,LST00625,0,high
TR04644,LST00271,LST00244,0,high
TR04645,LST00321,LST00165,0,high
TR04646,LST00321,LST00792,0,high
TR04647,LST00042,LST00045,0,medium
TR04648,LST00630,LST00573,0,high
TR04649,LST00507,LST00484,0,high
TR04650,LST00038,LST00758,0,medium
TR04651,LST00587,LST00564,0,high
TR04652,LST00237,LST00294,0,high
TR04653,LST00076,LST00263,0,high
TR04654,LST00040,LST00066,0,medium
TR04655,LST00321,LST00092,0,high
TR04656,LST00021,LST00081,0,high
TR04657,LST00066,LST00099,0,high
TR04658,LST00484,LST00477,0,high
TR04659,LST00432,LST00413,0,high
TR04660,LST00409,LST00089,0,high
TR04661,LST00296,LST00252,0,high
TR04662,LST00819,LST00826,0,high
TR04663,LST00243,LST00269,0,high
TR04664,LST00802,LST00809,0,high
TR04665,LST00707,LST00710,1,high
TR04666,LST00216,LST00282,0,high
TR04667,LST00752,LST00821,0,high
TR04668,LST00138,LST00232,0,high
TR04669,LST00295,LST00014,0,high
TR04670,LST00008,LST00002,0,medium
TR04671,LST00164,LST00139,0,medium
TR04672,LST00760,LST00820,0,high
TR04673,LST00162,LST00170,0,medium
TR04674,LST00006,LST00025,0,high
TR04675,LST00395,LST00522,0,high
TR04676,LST00783,LST00101,0,medium
TR04677,LST00239,LST00283,0,high
TR04678,LST00091,LST00088,0,medium
TR04679,LST00088,LST00812,0,low
TR04680,LST00325,LST00324,1,high
TR04681,LST00434,LST00479,0,high
TR04682,LST00791,LST00824,0,high
TR04683,LST00120,LST00118,1,high
TR04684,LST00795,LST00759,0,high
TR04685,LST00770,LST00625,0,high
TR04686,LST00814,LST00811,0,high
TR04687,LST00130,LST00161,0,medium
TR04688,LST00431,LST00440,0,low
TR04689,LST00133,LST00158,0,low
TR04690,LST00819,LST00259,0,high
TR04691,LST00324,LST00215,0,high
TR04692,LST00752,LST00748,1,medium
TR04693,LST00049,LST00029,0,medium
TR04694,LST00039,LST00042,1,medium
TR04695,LST00811,LST00748,0,high
TR04696,LST00278,LST00299,0,high
TR04697,LST00005,LST00017,0,high
TR04698,LST00499,LST00501,1,low
TR04699,LST00299,LST00140,0,high
TR04700,LST00169,LST00168,1,medium
TR04701,LST00446,LST00504,0,medium
TR04702,LST00749,LST00812,0,high
TR04703,LST00102,LST00099,1,high
TR04704,LST00045,LST00116,0,high
TR04705,LST00746,LST00757,0,high
TR04706,LST00225,LST00069,0,high
TR04707,LST00496,LST00488,0,high
TR04708,LST00783,LST00068,0,high
TR04709,LST00092,LST00808,0,high
TR04710,LST00235,LST00234,1,medium
TR04711,LST00408,LST00425,0,medium
TR04712,LST00041,LST00213,0,high
TR04713,LST00291,LST00293,1,high
TR04714,LST00810,LST00813,1,low
TR04715,LST00261,LST00250,0,medium
TR04716,LST00566,LST00580,0,high
TR04717,LST00290,LST00291,1,high
TR04718,LST00088,LST00072,0,high
TR04719,LST00695,LST00233,0,high
TR04720,LST00043,LST00034,0,medium
TR04721,LST00006,LST00067,0,high
TR04722,LST00069,LST00034,0,high
TR04723,LST00045,LST00084,0,high
TR04724,LST00690,LST00698,0,high
TR04725,LST00038,LST00759,0,low
TR04726,LST00159,LST00146,0,medium
TR04727,LST00263,LST00279,0,high
TR04728,LST00480,LST00478,1,high
TR04729,LST00117,LST00067,0,high
TR04730,LST00100,LST00057,0,high
TR04731,LST00007,LST00039,0,medium
TR04732,LST00216,LST00212,0,medium
TR04733,LST00528,LST00525,0,high
TR04734,LST00580,LST00581,1,medium
TR04735,LST00294,LST00298,0,medium
TR04736,LST00043,LST00013,0,medium
TR04737,LST00575,LST00562,0,high
TR04738,LST00707,LST00701,0,low
TR04739,LST00801,LST00759,0,high
TR04740,LST00394,LST00532,0,high
TR04741,LST00400,LST00526,0,high
TR04742,LST00528,LST00406,0,high
TR04743,LST00511,LST00133,0,high
TR04744,LST00034,LST00745,0,high
TR04745,LST00291,LST00298,0,low
TR04746,LST00238,LST00251,0,medium
TR04747,LST00815,LST00089,0,high
TR04748,LST00766,LST00299,0,high
TR04749,LST00814,LST00096,1,low
TR04750,LST00825,LST00819,0,medium
TR04751,LST00143,LST00139,0,medium
TR04752,LST00755,LST00746,0,high
TR04753,LST00015,LST00055,0,high
TR04754,LST00134,LST00143,0,medium
TR04755,LST00257,LST00256,1,medium
TR04756,LST00630,LST00052,0,high
TR04757,LST00236,LST00264,0,high
TR04758,LST00093,LST00095,0,low
TR04759,LST00282,LST00244,0,high
TR04760,LST00745,LST00753,0,high
TR04761,LST00303,LST00273,0,high
TR04762,LST00030,LST00751,0,high
TR04763,LST00021,LST00076,0,high
TR04764,LST00401,LST00397,0,low
TR04765,LST00136,LST00141,0,high
TR04766,LST00024,LST00051,0,medium
TR04767,LST00636,LST00643,0,medium
TR04768,LST00568,LST00565,1,medium
TR04769,LST00699,LST00705,0,high
TR04770,LST00444,LST00450,0,high
TR04771,LST00101,LST00120,0,high
TR04772,LST00093,LST00088,0,low
TR04773,LST00691,LST00694,0,high
TR04774,LST00400,LST00565,0,high
TR04775,LST00746,LST00819,0,high
TR04776,LST00032,LST00058,0,medium
TR04777,LST00789,LST00757,0,high
TR04778,LST00271,LST00265,0,high
TR04779,LST00506,LST00508,1,high
TR04780,LST00062,LST00070,0,high
TR04781,LST00825,LST00788,0,high
TR04782,LST00770,LST00764,0,medium
TR04783,LST00477,LST00476,1,high
TR04784,LST00022,LST00036,0,high
TR04785,LST00236,LST00243,0,high
TR04786,LST00446,LST00482,0,high
TR04787,LST00055,LST00034,0,medium
TR04788,LST00784,LST00047,0,low
TR04789,LST00587,LST00565,0,high
TR04790,LST00580,LST00569,0,high
TR04791,LST00565,LST00559,0,medium
TR04792,LST00809,LST00789,0,high
TR04793,LST00056,LST00034,0,low
TR04794,LST00278,LST00298,0,high
TR04795,LST00447,LST00473,0,high
TR04796,LST00810,LST00817,0,medium
TR04797,LST00243,LST00253,0,medium
TR04798,LST00430,LST00435,0,high
TR04799,LST00074,LST00081,0,high
TR04800,LST00486,LST00487,1,high
TR04801,LST00570,LST00576,0,high
TR04802,LST00048,LST00787,0,high
TR04803,LST00009,LST00006,1,high
TR04804,LST00589,LST00791,0,high
TR04805,LST00104,LST00112,0,high
TR04806,LST00041,LST00014,0,low
TR04807,LST00589,LST00580,0,high
TR04808,LST00528,LST00400,0,high
TR04809,LST00077,LST00812,0,high
TR04810,LST00756,LST00026,0,high
TR04811,LST00241,LST00295,0,high
TR04812,LST00061,LST00067,0,high
TR04813,LST00219,LST00214,0,medium
TR04814,LST00809,LST00817,0,high
TR04815,LST00016,LST00067,0,high
TR04816,LST00585,LST00584,1,high
TR04817,LST00037,LST00034,0,low
TR04818,LST00140,LST00171,0,medium
TR04819,LST00477,LST00497,0,high
TR04820,LST00028,LST00027,1,medium
TR04821,LST00532,LST00392,0,high
TR04822,LST00792,LST00063,0,low
TR04823,LST00297,LST00288,0,medium
TR04824,LST00791,LST00065,0,medium
TR04825,LST00229,LST00230,1,high
TR04826,LST00004,LST00010,0,medium
TR04827,LST00152,LST00157,0,high
TR04828,LST00624,LST00711,0,high
TR04829,LST00068,LST00051,0,high
TR04830,LST00564,LST00791,0,high
TR04831,LST00073,LST00075,0,high
TR04832,LST00031,LST00002,0,high
TR04833,LST00579,LST00585,0,low
TR04834,LST00789,LST00049,0,low
TR04835,LST00266,LST00289,0,high
TR04836,LST00142,LST00159,0,high
TR04837,LST00400,LST00402,0,medium
TR04838,LST00567,LST00585,0,high
TR04839,LST00744,LST00108,0,high
TR04840,LST00246,LST00244,1,medium
TR04841,LST00117,LST00099,0,high
TR04842,LST00240,LST00237,0,low
TR04843,LST00018,LST00044,0,medium
TR04844,LST00796,LST00068,0,medium
TR04845,LST00088,LST00081,0,high
TR04846,LST00133,LST00278,0,high
TR04847,LST00410,LST00425,0,high
TR04848,LST00515,LST00512,1,high
TR04849,LST00137,LST00138,1,high
TR04850,LST00281,LST00288,0,high
TR04851,LST00274,LST00288,0,low
TR04852,LST00453,LST00441,0,high
TR04853,LST00591,LST00593,1,medium
TR04854,LST00101,LST00110,0,low
TR04855,LST00589,LST00787,0,high
TR04856,LST00007,LST00035,0,high
TR04857,LST00324,LST00126,0,high
TR04858,LST00788,LST00767,0,high
TR04859,LST00104,LST00121,0,low
TR04860,LST00497,LST00503,0,medium
TR04861,LST00767,LST00806,0,medium
TR04862,LST00745,LST00800,0,high
TR04863,LST00304,LST00301,1,high
TR04864,LST00559,LST00574,0,medium
TR04865,LST00156,LST00158,0,high
TR04866,LST00816,LST00080,0,medium
TR04867,LST00423,LST00425,1,high
TR04868,LST00504,LST00480,0,high
TR04869,LST00416,LST00413,0,medium
TR04870,LST00080,LST00081,1,high
TR04871,LST00098,LST00086,0,high
TR04872,LST00808,LST00826,0,high
TR04873,LST00488,LST00475,0,high
TR04874,LST00420,LST00425,0,high
TR04875,LST00268,LST00291,0,high
TR04876,LST00288,LST00273,0,high
TR04877,LST00115,LST00110,0,medium
TR04878,LST00083,LST00082,1,high
TR04879,LST00226,LST00695,0,high
TR04880,LST00812,LST00767,0,high
TR04881,LST00024,LST00747,0,high
TR04882,LST00080,LST00079,1,low
TR04883,LST00266,LST00241,0,high
TR04884,LST00215,LST00212,0,medium
TR04885,LST00639,LST00635,0,high
TR04886,LST00251,LST00240,0,high
TR04887,LST00251,LST00250,1,medium
TR04888,LST00797,LST00058,0,high
TR04889,LST00441,LST00442,1,high
TR04890,LST00226,LST00625,0,low
TR04891,LST00122,LST00107,0,medium
TR04892,LST00088,LST00165,0,high
TR04893,LST00797,LST00770,0,high
TR04894,LST00040,LST00291,0,high
TR04895,LST00291,LST00272,0,low
TR04896,LST00787,LST00065,0,medium
TR04897,LST00477,LST00506,0,high
TR04898,LST00109,LST00102,0,high
TR04899,LST00163,LST00132,0,low
TR04900,LST00250,LST00262,0,medium
TR04901,LST00795,LST00796,1,high
TR04902,LST00804,LST00790,0,high
TR04903,LST00016,LST00011,0,high
TR04904,LST00150,LST00163,0,high
TR04905,LST00165,LST00152,0,medium
TR04906,LST00146,LST00130,0,high
TR04907,LST00500,LST00454,0,high
TR04908,LST00825,LST00826,1,high
TR04909,LST00066,LST00065,0,high
TR04910,LST00244,LST00256,0,medium
TR04911,LST00124,LST00113,0,medium
TR04912,LST00723,LST00728,0,medium
TR04913,LST00025,LST00079,0,high
TR04914,LST00098,LST00033,0,medium
TR04915,LST00097,LST00070,0,medium
TR04916,LST00067,LST00053,0,low
TR04917,LST00054,LST00070,0,medium
TR04918,LST00697,LST00796,0,high
TR04919,LST00089,LST00321,0,high
TR04920,LST00231,LST00144,0,high
TR04921,LST00246,LST00241,0,high
TR04922,LST00080,LST00095,0,high
TR04923,LST00402,LST00397,0,low
TR04924,LST00637,LST00636,1,high
TR04925,LST00429,LST00295,0,high
TR04926,LST00129,LST00127,1,high
TR04927,LST00421,LST00410,0,high
TR04928,LST00061,LST00049,0,medium
TR04929,LST00070,LST00022,0,low
TR04930,LST00800,LST00807,0,high
TR04931,LST00562,LST00561,1,high
TR04932,LST00240,LST00269,1,low
TR04933,LST00429,LST00417,0,high
TR04934,LST00161,LST00143,0,low
TR04935,LST00122,LST00026,0,high
TR04936,LST00824,LST00822,1,high
TR04937,LST00480,LST00477,0,medium
TR04938,LST00102,LST00115,0,medium
TR04939,LST00094,LST00004,0,high
TR04940,LST00290,LST00267,0,high
TR04941,LST00412,LST00413,1,high
TR04942,LST00560,LST00571,0,medium
TR04943,LST00005,LST00792,0,high
TR04944,LST00211,LST00219,0,high
TR04945,LST00090,LST00040,0,high
TR04946,LST00007,LST00088,0,high
TR04947,LST00025,LST00041,0,medium
TR04948,LST00109,LST00121,0,low
TR04949,LST00767,LST00763,1,low
TR04950,LST00133,LST00130,1,high
TR04951,LST00069,LST00012,0,medium
TR04952,LST00731,LST00723,0,high
TR04953,LST00121,LST00023,0,high
TR04954,LST00453,LST00504,0,high
TR04955,LST00068,LST00792,0,high
TR04956,LST00072,LST00127,0,high
TR04957,LST00325,LST00111,0,high
TR04958,LST00750,LST00747,1,high
TR04959,LST00825,LST00820,0,low
TR04960,LST00273,LST00269,0,high
TR04961,LST00752,LST00749,1,medium
TR04962,LST00125,LST00124,1,low
TR04963,LST00419,LST00440,0,high
TR04964,LST00118,LST00003,0,high
TR04965,LST00480,LST00507,0,low
TR04966,LST00036,LST00096,0,high
TR04967,LST00093,LST00290,0,high
TR04968,LST00101,LST00123,0,medium
TR04969,LST00007,LST00018,0,high
TR04970,LST00066,LST00032,0,medium
TR04971,LST00141,LST00156,0,medium
TR04972,LST00042,LST00747,0,medium
TR04973,LST00120,LST00123,0,high
TR04974,LST00240,LST00252,0,high
TR04975,LST00248,LST00241,0,high
TR04976,LST00006,LST00002,0,high
TR04977,LST00052,LST00116,0,high
TR04978,LST00749,LST00033,0,high
TR04979,LST00062,LST00038,0,high
TR04980,LST00161,LST00164,0,low
TR04981,LST00302,LST00287,0,medium
TR04982,LST00121,LST00017,0,high
TR04983,LST00146,LST00158,0,high
TR04984,LST00124,LST00041,0,high
TR04985,LST00041,LST00114,0,high
TR04986,LST00813,LST00751,0,high
TR04987,LST00018,LST00745,0,high
TR04988,LST00414,LST00425,0,high
TR04989,LST00519,LST00511,0,high
TR04990,LST00298,LST00299,1,medium
TR04991,LST00019,LST00041,0,low
TR04992,LST00825,LST00821,0,high
TR04993,LST00793,LST00324,0,high
TR04994,LST00159,LST00166,0,medium
TR04995,LST00689,LST00690,1,high
TR04996,LST00404,LST00400,0,high
TR04997,LST00827,LST00239,0,medium
TR04998,LST00816,LST00819,0,high
TR04999,LST00811,LST00744,0,high
TR05000,LST00025,LST00045,0,high
TR05001,LST00400,LST00529,0,high
TR05002,LST00099,LST00074,0,medium
TR05003,LST00133,LST00131,1,high
TR05004,LST00216,LST00214,1,low
TR05005,LST00017,LST00022,0,low
TR05006,LST00234,LST00229,0,high
TR05007,LST00014,LST00004,0,high
TR05008,LST00112,LST00109,0,high
TR05009,LST00288,LST00269,0,medium
TR05010,LST00758,LST00103,0,high
TR05011,LST00030,LST00066,0,high
TR05012,LST00823,LST00250,0,high
TR05013,LST00414,LST00229,0,high
TR05014,LST00795,LST00069,0,high
TR05015,LST00057,LST00004,0,medium
TR05016,LST00725,LST00732,0,high
TR05017,LST00275,LST00280,0,low
TR05018,LST00756,LST00750,0,high
TR05019,LST00045,LST00215,0,high
TR05020,LST00788,LST00118,0,high
TR05021,LST00060,LST00785,0,high
TR05022,LST00115,LST00095,0,low
TR05023,LST00576,LST00560,0,medium
TR05024,LST00268,LST00264,0,high
TR05025,LST00239,LST00297,0,high
TR05026,LST00432,LST00436,0,medium
TR05027,LST00755,LST00749,0,high
TR05028,LST00002,LST00044,0,medium
TR05029,LST00497,LST00500,0,medium
TR05030,LST00101,LST00109,0,high
TR05031,LST00285,LST00248,0,high
TR05032,LST00064,LST00059,0,high
TR05033,LST00014,LST00755,0,high
TR05034,LST00639,LST00580,0,medium
TR05035,LST00487,LST00495,0,high
TR05036,LST00496,LST00495,1,high
TR05037,LST00299,LST00290,0,medium
TR05038,LST00281,LST00261,0,high
TR05039,LST00268,LST00285,0,high
TR05040,LST00490,LST00502,0,high
TR05041,LST00030,LST00035,0,medium
TR05042,LST00749,LST00040,0,low
TR05043,LST00759,LST00826,0,high
TR05044,LST00003,LST00040,0,high
TR05045,LST00410,LST00422,0,low
TR05046,LST00481,LST00489,0,medium
TR05047,LST00789,LST00798,0,high
TR05048,LST00089,LST00808,0,medium
TR05049,LST00494,LST00480,0,high
TR05050,LST00097,LST00085,0,high
TR05051,LST00116,LST00104,0,high
TR05052,LST00761,LST00715,0,high
TR05053,LST00562,LST00578,0,medium
TR05054,LST00168,LST00151,0,low
TR05055,LST00442,LST00491,0,high
TR05056,LST00242,LST00245,0,medium
TR05057,LST00135,LST00171,0,medium
TR05058,LST00769,LST00715,0,high
TR05059,LST00164,LST00165,1,high
TR05060,LST00471,LST00474,1,high
TR05061,LST00049,LST00043,0,medium
TR05062,LST00140,LST00148,0,medium
TR05063,LST00127,LST00106,0,medium
TR05064,LST00510,LST00519,0,high
TR05065,LST00270,LST00295,0,high
TR05066,LST00481,LST00485,0,high
TR05067,LST00732,LST00723,0,high
TR05068,LST00441,LST00491,0,high
TR05069,LST00577,LST00566,0,high
TR05070,LST00588,LST00578,0,high
TR05071,LST00021,LST00015,0,high
TR05072,LST00813,LST00770,0,high
TR05073,LST00127,LST00785,0,high
TR05074,LST00763,LST00629,0,low
TR05075,LST00625,LST00623,1,high
TR05076,LST00103,LST00106,1,high
TR05077,LST00011,LST00071,0,high
TR05078,LST00263,LST00285,0,high
TR05079,LST00411,LST00417,0,high
TR05080,LST00484,LST00493,0,medium
TR05081,LST00141,LST00171,0,medium
TR05082,LST00294,LST00285,0,low
TR05083,LST00803,LST00746,0,high
TR05084,LST00790,LST00793,1,high
TR05085,LST00756,LST00744,0,high
TR05086,LST00814,LST00085,0,high
TR05087,LST00425,LST00435,0,high
TR05088,LST00150,LST00144,0,medium
TR05089,LST00591,LST00577,0,high
TR05090,LST00110,LST00104,0,high
TR05091,LST00005,LST00748,0,high
TR05092,LST00252,LST00239,0,high
TR05093,LST00013,LST00012,1,high
TR05094,LST00808,LST00073,0,high
TR05095,LST00242,LST00238,0,medium
TR05096,LST00168,LST00163,0,low
TR05097,LST00763,LST00810,0,high
TR05098,LST00257,LST00258,1,high
TR05099,LST00292,LST00289,1,high
TR05100,LST00492,LST00448,0,high
TR05101,LST00452,LST00444,0,medium
TR05102,LST00100,LST00005,0,high
TR05103,LST00226,LST00230,1,high
TR05104,LST00091,LST00075,0,medium
TR05105,LST00274,LST00286,0,high
TR05106,LST00407,LST00396,0,medium
TR05107,LST00065,LST00794,0,low
TR05108,LST00768,LST00623,0,medium
TR05109,LST00151,LST00148,0,high
TR05110,LST00227,LST00224,0,high
TR05111,LST00442,LST00504,0,medium
TR05112,LST00083,LST00072,0,medium
TR05113,LST00409,LST00431,0,high
TR05114,LST00093,LST00263,0,high
TR05115,LST00004,LST00064,0,high
TR05116,LST00078,LST00077,1,high
TR05117,LST00094,LST00818,0,high
TR05118,LST00286,LST00289,0,medium
TR05119,LST00233,LST00138,0,high
TR05120,LST00239,LST00260,0,low
TR05121,LST00746,LST00752,0,medium
TR05122,LST00784,LST00788,1,medium
TR05123,LST00472,LST00452,0,high
TR05124,LST00690,LST00693,0,low
TR05125,LST00784,LST00063,0,high
TR05126,LST00093,LST00292,0,high
TR05127,LST00482,LST00480,1,high
TR05128,LST00074,LST00017,0,high
TR05129,LST00260,LST00281,0,high
TR05130,LST00322,LST00828,0,high
TR05131,LST00430,LST00440,0,high
TR05132,LST00711,LST00764,0,high
TR05133,LST00002,LST00744,0,high
TR05134,LST00013,LST00019,0,high
TR05135,LST00813,LST00818,1,high
TR05136,LST00788,LST00786,1,high
TR05137,LST00053,LST00045,0,high
TR05138,LST00213,LST00089,0,high
TR05139,LST00398,LST00529,0,medium
TR05140,LST00115,LST00124,0,medium
TR05141,LST00767,LST00628,0,medium
TR05142,LST00566,LST00568,1,high
TR05143,LST00144,LST00233,0,high
TR05144,LST00039,LST00034,0,low
TR05145,LST00047,LST00009,0,low
TR05146,LST00107,LST00073,0,high
TR05147,LST00798,LST00746,0,high
TR05148,LST00483,LST00493,0,high
TR05149,LST00135,LST00163,0,medium
TR05150,LST00169,LST00162,0,high
TR05151,LST00413,LST00424,0,high
TR05152,LST00058,LST00037,0,high
TR05153,LST00813,LST00815,1,medium
TR05154,LST00068,LST00061,0,medium
TR05155,LST00824,LST00787,0,high
TR05156,LST00264,LST00299,0,high
TR05157,LST00399,LST00524,0,high
TR05158,LST00396,LST00531,0,high
TR05159,LST00261,LST00241,0,low
TR05160,LST00084,LST00414,0,high
TR05161,LST00748,LST00754,0,high
TR05162,LST00094,LST00811,0,high
TR05163,LST00034,LST00098,0,high
TR05164,LST00799,LST00470,0,medium
TR05165,LST00820,LST00797,0,high
TR05166,LST00077,LST00102,0,high
TR05167,LST00475,LST00480,0,high
TR05168,LST00002,LST00749,0,low
TR05169,LST00143,LST00141,1,high
TR05170,LST00054,LST00026,0,low
TR05171,LST00016,LST00213,0,high
TR05172,LST00065,LST00795,0,high
TR05173,LST00023,LST00020,1,medium
TR05174,LST00787,LST00826,0,high
TR05175,LST00236,LST00253,0,high
TR05176,LST00488,LST00479,0,high
TR05177,LST00419,LST00415,1,high
TR05178,LST00219,LST00210,0,high
TR05179,LST00015,LST00069,0,low
TR05180,LST00012,LST00003,0,medium
TR05181,LST00086,LST00087,1,high
TR05182,LST00630,LST00769,0,medium
TR05183,LST00127,LST00026,0,high
TR05184,LST00075,LST00817,0,medium
TR05185,LST00573,LST00563,0,medium
TR05186,LST00798,LST00291,0,high
TR05187,LST00412,LST00419,0,medium
TR05188,LST00142,LST00164,0,high
TR05189,LST00420,LST00419,1,high
TR05190,LST00114,LST00116,0,medium
TR05191,LST00292,LST00242,0,high
TR05192,LST00135,LST00145,0,high
TR05193,LST00445,LST00441,1,medium
TR05194,LST00426,LST00410,0,high
TR05195,LST00528,LST00530,1,low
TR05196,LST00269,LST00304,0,high
TR05197,LST00062,LST00023,0,high
TR05198,LST00212,LST00221,0,medium
TR05199,LST00028,LST00105,0,medium
TR05200,LST00295,LST00212,0,high
TR05201,LST00035,LST00031,0,medium
TR05202,LST00224,LST00225,1,high
TR05203,LST00028,LST00059,0,high
TR05204,LST00478,LST00502,0,high
TR05205,LST00744,LST00748,0,high
TR05206,LST00242,LST00280,0,high
TR05207,LST00476,LST00488,0,low
TR05208,LST00793,LST00783,1,low
TR05209,LST00293,LST00267,0,high
TR05210,LST00589,LST00562,0,high
TR05211,LST00526,LST00522,1,high
TR05212,LST00054,LST00053,1,high
TR05213,LST00042,LST00028,0,low
TR05214,LST00023,LST00008,0,high
TR05215,LST00210,LST00511,0,high
TR05216,LST00482,LST00483,1,high
TR05217,LST00146,LST00149,1,high
TR05218,LST00131,LST00158,0,medium
TR05219,LST00483,LST00278,0,high
TR05220,LST00565,LST00589,0,medium
TR05221,LST00126,LST00114,0,high
TR05222,LST00745,LST00750,0,high
TR05223,LST00785,LST00065,0,medium
TR05224,LST00430,LST00760,0,high
TR05225,LST00565,LST00561,0,medium
TR05226,LST00769,LST00746,0,high
TR05227,LST00050,LST00067,0,medium
TR05228,LST00811,LST00081,0,high
TR05229,LST00305,LST00303,1,high
TR05230,LST00809,LST00748,0,high
TR05231,LST00807,LST00796,0,high
TR05232,LST00785,LST00793,0,low
TR05233,LST00793,LST00001,0,high
TR05234,LST00056,LST00055,1,high
TR05235,LST00495,LST00501,0,high
TR05236,LST00787,LST00796,0,low
TR05237,LST00065,LST00121,0,high
TR05238,LST00531,LST00404,0,high
TR05239,LST00289,LST00298,0,medium
TR05240,LST00287,LST00294,0,medium
TR05241,LST00693,LST00689,0,low
TR05242,LST00827,LST00828,1,high
TR05243,LST00247,LST00301,0,high
TR05244,LST00071,LST00028,0,medium
TR05245,LST00792,LST00791,1,high
TR05246,LST00529,LST00528,1,high
TR05247,LST00028,LST00109,0,high
TR05248,LST00495,LST00479,0,high
TR05249,LST00282,LST00302,0,high
TR05250,LST00231,LST00234,0,high
TR05251,LST00166,LST00148,0,medium
TR05252,LST00510,LST00509,1,medium
TR05253,LST00245,LST00254,0,high
TR05254,LST00039,LST00109,0,high
TR05255,LST00065,LST00055,0,high
TR05256,LST00625,LST00761,0,medium
TR05257,LST00042,LST00005,0,medium
TR05258,LST00589,LST00581,0,medium
TR05259,LST00787,LST00785,1,high
TR05260,LST00576,LST00568,0,low
TR05261,LST00075,LST00024,0,medium
TR05262,LST00491,LST00507,0,high
TR05263,LST00437,LST00416,0,high
TR05264,LST00038,LST00030,0,low
TR05265,LST00491,LST00502,0,high
TR05266,LST00470,LST00472,1,high
TR05267,LST00237,LST00243,0,high
TR05268,LST00153,LST00152,1,high
TR05269,LST00745,LST00748,0,low
TR05270,LST00015,LST00039,0,medium
TR05271,LST00042,LST00067,0,high
TR05272,LST00061,LST00013,0,medium
TR05273,LST00233,LST00235,1,high
TR05274,LST00217,LST00133,0,high
TR05275,LST00565,LST00216,0,high
TR05276,LST00069,LST00783,0,high
TR05277,LST00254,LST00262,0,medium
TR05278,LST00093,LST00091,1,high
TR05279,LST00568,LST00093,0,medium
TR05280,LST00412,LST00414,0,medium
TR05281,LST00750,LST00759,0,high
TR05282,LST00114,LST00117,0,high
TR05283,LST00403,LST00397,0,high
TR05284,LST00016,LST00004,0,high
TR05285,LST00451,LST00445,0,high
TR05286,LST00026,LST00019,0,medium
TR05287,LST00012,LST00028,0,medium
TR05288,LST00511,LST00515,1,high
TR05289,LST00116,LST00080,0,high
TR05290,LST00820,LST00757,0,high
TR05291,LST00487,LST00491,0,medium
TR05292,LST00069,LST00231,0,low
TR05293,LST00061,LST00058,1,medium
TR05294,LST00472,LST00805,0,medium
TR05295,LST00726,LST00722,0,high
TR05296,LST00093,LST00321,0,high
TR05297,LST00746,LST00759,0,high
TR05298,LST00126,LST00027,0,medium
TR05299,LST00492,LST00494,1,high
TR05300,LST00026,LST00023,0,high
TR05301,LST00401,LST00396,0,high
TR05302,LST00591,LST00579,0,high
TR05303,LST00749,LST00751,1,high
TR05304,LST00052,LST00012,0,high
TR05305,LST00118,LST00752,0,medium
TR05306,LST00752,LST00756,0,high
TR05307,LST00303,LST00294,0,high
TR05308,LST00217,LST00416,0,high
TR05309,LST00283,LST00293,0,high
TR05310,LST00241,LST00826,0,low
TR05311,LST00758,LST00754,1,high
TR05312,LST00785,LST00752,0,high
TR05313,LST00583,LST00580,0,medium
TR05314,LST00277,LST00296,0,high
TR05315,LST00811,LST00810,1,high
TR05316,LST00015,LST00006,0,high
TR05317,LST00581,LST00590,0,high
TR05318,LST00128,LST00015,0,high
TR05319,LST00748,LST00789,0,high
TR05320,LST00017,LST00025,0,high
TR05321,LST00039,LST00322,0,high
TR05322,LST00449,LST00471,0,high
TR05323,LST00402,LST00404,1,medium
TR05324,LST00263,LST00089,0,high
TR05325,LST00487,LST00452,0,high
TR05326,LST00796,LST00048,0,medium
TR05327,LST00393,LST00528,0,high
TR05328,LST00484,LST00480,0,medium
TR05329,LST00412,LST00290,0,high
TR05330,LST00453,LST00446,0,high
TR05331,LST00221,LST00220,1,high
TR05332,LST00493,LST00491,1,medium
TR05333,LST00395,LST00521,0,high
TR05334,LST00064,LST00006,0,high
TR05335,LST00794,LST00815,0,medium
TR05336,LST00171,LST00142,0,low
TR05337,LST00470,LST00452,0,medium
TR05338,LST00819,LST00261,0,high
TR05339,LST00263,LST00254,0,high
TR05340,LST00007,LST00011,1,high
TR05341,LST00302,LST00276,0,medium
TR05342,LST00080,LST00002,0,high
TR05343,LST00040,LST00034,0,low
TR05344,LST00133,LST00161,0,high
TR05345,LST00022,LST00014,0,low
TR05346,LST00042,LST00027,0,medium
TR05347,LST00119,LST00120,1,high
TR05348,LST00427,LST00268,0,medium
TR05349,LST00237,LST00302,0,high
TR05350,LST00215,LST00452,0,high
TR05351,LST00017,LST00003,0,medium
TR05352,LST00630,LST00711,0,high
TR05353,LST00112,LST00045,0,high
TR05354,LST00747,LST00018,0,high
TR05355,LST00097,LST00074,0,medium
TR05356,LST00137,LST00154,0,high
TR05357,LST00243,LST00298,0,high
TR05358,LST00020,LST00034,0,high
TR05359,LST00754,LST00750,0,high
TR05360,LST00752,LST00745,0,medium
TR05361,LST00525,LST00398,0,high
TR05362,LST00297,LST00273,0,medium
TR05363,LST00055,LST00113,0,high
TR05364,LST00092,LST00114,0,high
TR05365,LST00511,LST00416,0,high
TR05366,LST00265,LST00272,0,high
TR05367,LST00744,LST00794,0,high
TR05368,LST00402,LST00527,0,high
TR05369,LST00728,LST00727,1,high
TR05370,LST00023,LST00114,0,high
TR05371,LST00697,LST00690,0,high
TR05372,LST00825,LST00815,0,high
TR05373,LST00623,LST00627,0,high
TR05374,LST00113,LST00078,0,high
TR05375,LST00576,LST00569,0,medium
TR05376,LST00769,LST00796,0,high
TR05377,LST00152,LST00160,0,high
TR05378,LST00127,LST00124,1,high
TR05379,LST00641,LST00636,0,medium
TR05380,LST00260,LST00269,0,high
TR05381,LST00405,LST00529,0,high
TR05382,LST00623,LST00624,1,high
TR05383,LST00495,LST00491,1,high
TR05384,LST00132,LST00141,0,medium
TR05385,LST00803,LST00474,0,medium
TR05386,LST00305,LST00278,0,low
TR05387,LST00297,LST00270,0,high
TR05388,LST00747,LST00817,0,high
TR05389,LST00248,LST00245,0,medium
TR05390,LST00491,LST00451,0,high
TR05391,LST00072,LST00075,0,low
TR05392,LST00512,LST00518,0,high
TR05393,LST00475,LST00483,0,high
TR05394,LST00145,LST00144,0,high
TR05395,LST00802,LST00815,0,high
TR05396,LST00010,LST00042,0,high
TR05397,LST00144,LST00168,0,medium
TR05398,LST00691,LST00693,0,high
TR05399,LST00093,LST00092,1,medium
TR05400,LST00031,LST00045,0,high
TR05401,LST00484,LST00479,0,medium
TR05402,LST00768,LST00770,1,medium
TR05403,LST00231,LST00235,0,high
TR05404,LST00024,LST00008,0,low
TR05405,LST00072,LST00116,0,high
TR05406,LST00018,LST00002,0,low
TR05407,LST00051,LST00064,0,high
TR05408,LST00478,LST00484,0,medium
TR05409,LST00046,LST00009,0,high
TR05410,LST00799,LST00747,0,medium
TR05411,LST00814,LST00819,0,high
TR05412,LST00246,LST00260,0,medium
TR05413,LST00088,LST00092,0,medium
TR05414,LST00095,LST00079,0,high
TR05415,LST00097,LST00027,0,high
TR05416,LST00155,LST00154,0,medium
TR05417,LST00095,LST00085,0,low
TR05418,LST00272,LST00295,0,high
TR05419,LST00160,LST00154,0,high
TR05420,LST00799,LST00810,0,high
TR05421,LST00089,LST00812,0,medium
TR05422,LST00420,LST00431,0,high
TR05423,LST00006,LST00750,0,high
TR05424,LST00146,LST00161,0,high
TR05425,LST00808,LST00795,0,high
TR05426,LST00578,LST00570,0,medium
TR05427,LST00142,LST00148,0,medium
TR05428,LST00487,LST00592,0,high
TR05429,LST00103,LST00112,0,low
TR05430,LST00804,LST00827,0,high
TR05431,LST00020,LST00751,0,high
TR05432,LST00150,LST00149,0,low
TR05433,LST00169,LST00143,0,low
TR05434,LST00482,LST00507,0,high
TR05435,LST00757,LST00750,0,high
TR05436,LST00405,LST00398,0,high
TR05437,LST00482,LST00485,0,high
TR05438,LST00433,LST00432,1,high
TR05439,LST00754,LST00825,0,high
TR05440,LST00155,LST00159,0,medium
TR05441,LST00764,LST00828,0,high
TR05442,LST00478,LST00486,0,medium
TR05443,LST00408,LST00413,1,high
TR05444,LST00504,LST00487,0,high
TR05445,LST00272,LST00294,0,low
TR05446,LST00002,LST00013,0,low
TR05447,LST00437,LST00424,0,high
TR05448,LST00810,LST00095,0,medium
TR05449,LST00789,LST00708,0,high
TR05450,LST00752,LST00787,0,high
TR05451,LST00446,LST00639,0,high
TR05452,LST00797,LST00037,0,high
TR05453,LST00728,LST00725,0,high
TR05454,LST00759,LST00076,0,high
TR05455,LST00453,LST00470,0,high
TR05456,LST00029,LST00008,0,medium
TR05457,LST00746,LST00825,0,high
TR05458,LST00271,LST00253,0,low
TR05459,LST00395,LST00398,0,high
TR05460,LST00826,LST00247,0,high
TR05461,LST00233,LST00226,0,high
TR05462,LST00100,LST00105,0,high
TR05463,LST00749,LST00827,0,high
TR05464,LST00114,LST00118,0,low
TR05465,LST00725,LST00730,0,high
TR05466,LST00001,LST00025,0,low
TR05467,LST00019,LST00023,0,low
TR05468,LST00142,LST00156,0,high
TR05469,LST00796,LST00788,0,low
TR05470,LST00054,LST00125,0,high
TR05471,LST00394,LST00526,0,high
TR05472,LST00744,LST00024,0,low
TR05473,LST00082,LST00116,0,high
TR05474,LST00579,LST00577,0,high
TR05475,LST00506,LST00507,1,high
TR05476,LST00155,LST00170,0,medium
TR05477,LST00250,LST00238,0,high
TR05478,LST00132,LST00140,0,medium
TR05479,LST00697,LST00696,1,high
TR05480,LST00296,LST00288,0,high
TR05481,LST00095,LST00017,0,high
TR05482,LST00493,LST00489,0,low
TR05483,LST00579,LST00562,0,high
TR05484,LST00527,LST00522,0,high
TR05485,LST00131,LST00151,0,high
TR05486,LST00236,LST00827,0,medium
TR05487,LST00020,LST00010,0,medium
TR05488,LST00003,LST00004,1,low
TR05489,LST00153,LST00130,0,high
TR05490,LST00100,LST00101,1,high
TR05491,LST00249,LST00258,0,high
TR05492,LST00747,LST00768,0,high
TR05493,LST00587,LST00586,1,high
TR05494,LST00105,LST00103,1,high
TR05495,LST00492,LST00484,0,high
TR05496,LST00234,LST00530,0,high
TR05497,LST00151,LST00163,1,low
TR05498,LST00145,LST00139,0,high
TR05499,LST00292,LST00248,0,high
TR05500,LST00277,LST00287,0,medium
TR05501,LST00575,LST00569,0,high
TR05502,LST00118,LST00099,0,high
TR05503,LST00111,LST00027,0,high
TR05504,LST00452,LST00418,0,high
TR05505,LST00241,LST00252,0,high
TR05506,LST00412,LST00410,1,high
TR05507,LST00285,LST00293,0,low
TR05508,LST00046,LST00099,0,high
TR05509,LST00824,LST00240,0,high
TR05510,LST00109,LST00434,0,high
TR05511,LST00784,LST00052,0,low
TR05512,LST00258,LST00302,0,high
TR05513,LST00138,LST00156,0,medium
TR05514,LST00019,LST00035,0,medium
TR05515,LST00565,LST00578,0,high
TR05516,LST00134,LST00158,0,high
TR05517,LST00748,LST00758,0,high
TR05518,LST00088,LST00282,0,high
TR05519,LST00031,LST00106,0,high
TR05520,LST00251,LST00291,0,high
TR05521,LST00133,LST00148,0,low
TR05522,LST00442,LST00449,0,high
TR05523,LST00273,LST00248,0,high
TR05524,LST00020,LST00080,0,high
TR05525,LST00138,LST00226,0,high
TR05526,LST00022,LST00089,0,high
TR05527,LST00820,LST00256,0,high
TR05528,LST00591,LST00581,0,medium
TR05529,LST00756,LST00008,0,medium
TR05530,LST00287,LST00305,0,high
TR05531,LST00009,LST00002,0,medium
TR05532,LST00019,LST00037,0,medium
TR05533,LST00131,LST00134,1,high
TR05534,LST00508,LST00477,0,high
TR05535,LST00470,LST00448,0,medium
TR05536,LST00239,LST00279,0,high
TR05537,LST00574,LST00579,0,high
TR05538,LST00705,LST00710,0,low
TR05539,LST00490,LST00476,0,medium
TR05540,LST00828,LST00057,0,high
TR05541,LST00757,LST00766,0,medium
TR05542,LST00400,LST00393,0,high
TR05543,LST00285,LST00273,0,high
TR05544,LST00700,LST00702,0,medium
TR05545,LST00144,LST00141,1,medium
TR05546,LST00587,LST00560,0,medium
TR05547,LST00288,LST00265,0,high
TR05548,LST00577,LST00562,0,medium
TR05549,LST00815,LST00086,0,low
TR05550,LST00144,LST00224,0,high
TR05551,LST00429,LST00042,0,high
TR05552,LST00124,LST00021,0,medium
TR05553,LST00476,LST00483,0,high
TR05554,LST00642,LST00639,1,high
TR05555,LST00567,LST00109,0,high
TR05556,LST00106,LST00794,0,high
TR05557,LST00085,LST00077,0,high
TR05558,LST00564,LST00592,0,high
TR05559,LST00244,LST00248,0,high
TR05560,LST00481,LST00484,0,medium
TR05561,LST00584,LST00565,0,high
TR05562,LST00260,LST00247,0,high
TR05563,LST00036,LST00042,0,high
TR05564,LST00804,LST00806,1,high
TR05565,LST00576,LST00589,0,high
TR05566,LST00797,LST00791,0,medium
TR05567,LST00508,LST00507,1,high
TR05568,LST00400,LST00403,0,medium
TR05569,LST00084,LST00813,0,high
TR05570,LST00495,LST00490,0,medium
TR05571,LST00148,LST00170,0,medium
TR05572,LST00052,LST00789,0,low
TR05573,LST00429,LST00421,0,high
TR05574,LST00170,LST00138,0,high
TR05575,LST00055,LST00018,0,high
TR05576,LST00024,LST00117,0,high
TR05577,LST00296,LST00243,0,high
TR05578,LST00144,LST00011,0,high
TR05579,LST00005,LST00002,1,low
TR05580,LST00004,LST00068,0,high
TR05581,LST00123,LST00110,0,medium
TR05582,LST00414,LST00423,0,high
TR05583,LST00130,LST00140,0,high
TR05584,LST00426,LST00414,0,high
TR05585,LST00448,LST00443,0,high
TR05586,LST00067,LST00070,1,high
TR05587,LST00064,LST00795,0,medium
TR05588,LST00079,LST00580,0,high
TR05589,LST00751,LST00818,0,high
TR05590,LST00428,LST00427,1,high
TR05591,LST00041,LST00021,0,high
TR05592,LST00436,LST00420,0,high
TR05593,LST00224,LST00414,0,high
TR05594,LST00757,LST00020,0,high
TR05595,LST00816,LST00812,0,high
TR05596,LST00136,LST00158,0,high
TR05597,LST00033,LST00010,0,high
TR05598,LST00037,LST00021,0,high
TR05599,LST00754,LST00817,0,high
TR05600,LST00119,LST00107,0,high
TR05601,LST00417,LST00424,0,medium
TR05602,LST00574,LST00572,1,medium
TR05603,LST00825,LST00799,0,high
TR05604,LST00106,LST00109,1,medium
TR05605,LST00807,LST00805,1,high
TR05606,LST00069,LST00074,0,high
TR05607,LST00283,LST00286,1,high
TR05608,LST00792,LST00790,1,high
TR05609,LST00756,LST00038,0,high
TR05610,LST00446,LST00450,0,high
TR05611,LST00532,LST00398,0,high
TR05612,LST00014,LST00744,0,high
TR05613,LST00475,LST00476,1,high
TR05614,LST00137,LST00150,0,high
TR05615,LST00761,LST00762,1,high
TR05616,LST00084,LST00229,0,high
TR05617,LST00026,LST00015,0,low
TR05618,LST00236,LST00289,0,high
TR05619,LST00446,LST00447,1,high
TR05620,LST00254,LST00824,0,high
TR05621,LST00762,LST00711,0,high
TR05622,LST00293,LST00302,0,high
TR05623,LST00066,LST00047,0,medium
TR05624,LST00006,LST00013,0,high
TR05625,LST00570,LST00571,1,high
TR05626,LST00139,LST00153,0,high
TR05627,LST00087,LST00088,1,high
TR05628,LST00272,LST00296,0,high
TR05629,LST00525,LST00397,0,high
TR05630,LST00247,LST00243,1,high
TR05631,LST00322,LST00029,0,high
TR05632,LST00051,LST00052,1,high
TR05633,LST00047,LST00048,1,high
TR05634,LST00142,LST00149,0,high
TR05635,LST00017,LST00009,0,high
TR05636,LST00559,LST00584,0,high
TR05637,LST00263,LST00827,0,medium
TR05638,LST00139,LST00135,1,high
TR05639,LST00135,LST00138,1,medium
TR05640,LST00165,LST00565,0,high
TR05641,LST00139,LST00163,0,high
TR05642,LST00002,LST00063,0,medium
TR05643,LST00701,LST00708,0,high
TR05644,LST00487,LST00484,1,high
TR05645,LST00581,LST00571,0,high
TR05646,LST00766,LST00769,0,high
TR05647,LST00562,LST00576,0,medium
TR05648,LST00305,LST00304,1,high
TR05649,LST00009,LST00010,1,low
TR05650,LST00026,LST00040,0,low
TR05651,LST00430,LST00016,0,high
TR05652,LST00561,LST00563,0,medium
TR05653,LST00413,LST00438,0,high
TR05654,LST00474,LST00442,0,high
TR05655,LST00259,LST00254,0,high
TR05656,LST00037,LST00088,0,high
TR05657,LST00305,LST00276,0,high
TR05658,LST00029,LST00056,0,medium
TR05659,LST00025,LST00049,0,high
TR05660,LST00260,LST00242,0,medium
TR05661,LST00452,LST00481,0,high
TR05662,LST00810,LST00808,1,medium
TR05663,LST00640,LST00643,1,high
TR05664,LST00055,LST00058,1,low
TR05665,LST00801,LST00820,0,high
TR05666,LST00439,LST00437,1,high
TR05667,LST00083,LST00080,1,high
TR05668,LST00064,LST00026,0,high
TR05669,LST00053,LST00042,0,medium
TR05670,LST00140,LST00167,0,low
TR05671,LST00797,LST00745,0,high
TR05672,LST00012,LST00008,0,high
TR05673,LST00159,LST00169,0,medium
TR05674,LST00103,LST00012,0,high
TR05675,LST00799,LST00798,1,medium
TR05676,LST00569,LST00088,0,high
TR05677,LST00002,LST00041,0,medium
TR05678,LST00249,LST00241,0,high
TR05679,LST00822,LST00260,0,high
TR05680,LST00052,LST00123,0,high
TR05681,LST00754,LST00824,0,high
TR05682,LST00019,LST00012,0,high
TR05683,LST00726,LST00728,1,high
TR05684,LST00263,LST00293,0,high
TR05685,LST00824,LST00260,0,medium
TR05686,LST00053,LST00048,0,medium
TR05687,LST00797,LST00809,0,medium
TR05688,LST00406,LST00522,0,high
TR05689,LST00023,LST00018,0,medium
TR05690,LST00038,LST00110,0,high
TR05691,LST00038,LST00757,0,high
TR05692,LST00448,LST00475,0,high
TR05693,LST00057,LST00099,0,high
TR05694,LST00432,LST00429,0,high
TR05695,LST00821,LST00749,0,high
TR05696,LST00488,LST00485,1,medium
TR05697,LST00699,LST00709,0,high
TR05698,LST00210,LST00211,1,high
TR05699,LST00783,LST00794,0,medium
TR05700,LST00051,LST00029,0,high
TR05701,LST00109,LST00122,0,high
TR05702,LST00077,LST00088,0,high
TR05703,LST00765,LST00825,0,high
TR05704,LST00764,LST00630,0,high
TR05705,LST00039,LST00033,0,high
TR05706,LST00145,LST00153,0,low
TR05707,LST00086,LST00038,0,high
TR05708,LST00064,LST00077,0,high
TR05709,LST00760,LST00061,0,high
TR05710,LST00530,LST00400,0,high
TR05711,LST00066,LST00064,0,medium
TR05712,LST00588,LST00580,0,medium
TR05713,LST00122,LST00119,0,low
TR05714,LST00147,LST00146,1,medium
TR05715,LST00092,LST00054,0,medium
TR05716,LST00707,LST00704,0,high
TR05717,LST00157,LST00165,0,medium
TR05718,LST00063,LST00035,0,medium
TR05719,LST00127,LST00102,0,high
TR05720,LST00016,LST00755,0,medium
TR05721,LST00285,LST00292,0,high
TR05722,LST00050,LST00056,0,medium
TR05723,LST00160,LST00146,0,medium
TR05724,LST00025,LST00028,1,medium
TR05725,LST00063,LST00051,0,medium
TR05726,LST00791,LST00811,0,high
TR05727,LST00448,LST00453,0,high
TR05728,LST00761,LST00786,0,high
TR05729,LST00018,LST00009,0,high
TR05730,LST00171,LST00152,0,medium
TR05731,LST00034,LST00008,0,high
TR05732,LST00105,LST00123,0,medium
TR05733,LST00454,LST00442,0,medium
TR05734,LST00751,LST00042,0,high
TR05735,LST00111,LST00087,0,high
TR05736,LST00112,LST00116,0,high
TR05737,LST00006,LST00032,0,high
TR05738,LST00530,LST00573,0,high
TR05739,LST00089,LST00082,0,low
TR05740,LST00762,LST00801,0,high
TR05741,LST00828,LST00799,0,high
TR05742,LST00305,LST00281,0,high
TR05743,LST00095,LST00118,0,high
TR05744,LST00476,LST00492,0,medium
TR05745,LST00060,LST00032,0,low
TR05746,LST00441,LST00447,1,high
TR05747,LST00023,LST00042,0,medium
TR05748,LST00592,LST00584,0,medium
TR05749,LST00817,LST00753,0,high
TR05750,LST00826,LST00820,0,high
TR05751,LST00121,LST00090,0,high
TR05752,LST00118,LST00747,0,high
TR05753,LST00154,LST00156,0,medium
TR05754,LST00021,LST00127,0,high
TR05755,LST00792,LST00053,0,high
TR05756,LST00268,LST00292,0,high
TR05757,LST00532,LST00403,0,high
TR05758,LST00302,LST00283,0,low
TR05759,LST00165,LST00045,0,high
TR05760,LST00401,LST00531,0,high
TR05761,LST00814,LST00755,0,high
TR05762,LST00808,LST00811,1,high
TR05763,LST00154,LST00130,0,high
TR05764,LST00280,LST00287,0,high
TR05765,LST00108,LST00116,0,high
TR05766,LST00023,LST00041,0,medium
TR05767,LST00224,LST00630,0,high
TR05768,LST00324,LST00216,0,high
TR05769,LST00395,LST00531,0,high
TR05770,LST00487,LST00210,0,high
TR05771,LST00272,LST00304,0,high
TR05772,LST00711,LST00713,1,high
TR05773,LST00757,LST00013,0,high
TR05774,LST00247,LST00828,0,high
TR05775,LST00718,LST00720,1,high
TR05776,LST00265,LST00241,0,high
TR05777,LST00021,LST00063,0,medium
TR05778,LST00291,LST00295,1,high
TR05779,LST00565,LST00566,1,high
TR05780,LST00022,LST00025,0,medium
TR05781,LST00137,LST00164,0,low
TR05782,LST00281,LST00278,1,high
TR05783,LST00491,LST00498,0,high
TR05784,LST00704,LST00700,0,high
TR05785,LST00254,LST00820,0,high
TR05786,LST00164,LST00154,0,high
TR05787,LST00447,LST00470,0,high
TR05788,LST00744,LST00011,0,high
TR05789,LST00229,LST00235,0,high
TR05790,LST00819,LST00244,0,medium
TR05791,LST00281,LST00264,0,high
TR05792,LST00080,LST00100,0,high
TR05793,LST00020,LST00036,0,high
TR05794,LST00130,LST00157,0,high
TR05795,LST00811,LST00753,0,high
TR05796,LST00274,LST00264,0,high
TR05797,LST00819,LST00799,0,high
TR05798,LST00408,LST00417,0,medium
TR05799,LST00006,LST00018,0,medium
TR05800,LST00768,LST00629,0,high
TR05801,LST00796,LST00060,0,low
TR05802,LST00245,LST00256,0,medium
TR05803,LST00642,LST00640,1,low
TR05804,LST00715,LST00713,1,high
TR05805,LST00102,LST00113,0,medium
TR05806,LST00017,LST00093,0,high
TR05807,LST00483,LST00416,0,high
TR05808,LST00434,LST00258,0,high
TR05809,LST00131,LST00160,0,medium
TR05810,LST00009,LST00059,0,high
TR05811,LST00301,LST00284,0,medium
TR05812,LST00113,LST00122,0,high
TR05813,LST00766,LST00745,0,high
TR05814,LST00027,LST00031,0,low
TR05815,LST00410,LST00423,0,high
TR05816,LST00305,LST00286,0,low
TR05817,LST00152,LST00135,0,high
TR05818,LST00154,LST00143,0,high
TR05819,LST00062,LST00066,0,medium
TR05820,LST00415,LST00434,0,high
TR05821,LST00013,LST00018,0,medium
TR05822,LST00168,LST00164,0,low
TR05823,LST00043,LST00008,0,medium
TR05824,LST00048,LST00077,0,high
TR05825,LST00625,LST00715,0,high
TR05826,LST00763,LST00768,0,high
TR05827,LST00707,LST00709,1,high
TR05828,LST00495,LST00448,0,high
TR05829,LST00624,LST00630,0,medium
TR05830,LST00475,LST00482,0,low
TR05831,LST00271,LST00303,0,medium
TR05832,LST00516,LST00509,0,high
TR05833,LST00162,LST00161,1,high
TR05834,LST00560,LST00566,0,high
TR05835,LST00797,LST00321,0,medium
TR05836,LST00491,LST00485,0,high
TR05837,LST00285,LST00272,0,medium
TR05838,LST00511,LST00140,0,high
TR05839,LST00023,LST00038,0,high
TR05840,LST00143,LST00163,0,high
TR05841,LST00118,LST00063,0,high
TR05842,LST00160,LST00153,0,high
TR05843,LST00508,LST00481,0,medium
TR05844,LST00424,LST00440,0,high
TR05845,LST00497,LST00483,0,medium
TR05846,LST00763,LST00766,1,high
TR05847,LST00576,LST00573,0,high
TR05848,LST00526,LST00402,0,high
TR05849,LST00010,LST00027,0,high
TR05850,LST00094,LST00271,0,high
TR05851,LST00164,LST00136,0,high
TR05852,LST00002,LST00010,0,medium
TR05853,LST00022,LST00018,0,high
TR05854,LST00499,LST00500,1,medium
TR05855,LST00215,LST00251,0,high
TR05856,LST00564,LST00573,0,high
TR05857,LST00487,LST00507,0,high
TR05858,LST00493,LST00494,1,low
TR05859,LST00577,LST00582,0,medium
TR05860,LST00300,LST00279,0,low
TR05861,LST00428,LST00408,0,high
TR05862,LST00404,LST00527,0,high
TR05863,LST00084,LST00231,0,medium
TR05864,LST00014,LST00754,0,high
TR05865,LST00394,LST00393,1,high
TR05866,LST00505,LST00444,0,high
TR05867,LST00294,LST00268,0,high
TR05868,LST00053,LST00046,0,medium
TR05869,LST00121,LST00024,0,high
TR05870,LST00068,LST00023,0,medium
TR05871,LST00168,LST00165,0,high
TR05872,LST00216,LST00325,0,high
TR05873,LST00479,LST00109,0,high
TR05874,LST00295,LST00412,0,high
TR05875,LST00757,LST00804,0,high
TR05876,LST00163,LST00144,0,medium
TR05877,LST00079,LST00639,0,high
TR05878,LST00164,LST00130,0,medium
TR05879,LST00133,LST00416,0,medium
TR05880,LST00791,LST00705,0,medium
TR05881,LST00042,LST00003,0,high
TR05882,LST00010,LST00044,0,medium
TR05883,LST00129,LST00114,0,low
TR05884,LST00167,LST00135,0,high
TR05885,LST00761,LST00626,0,low
TR05886,LST00067,LST00118,0,high
TR05887,LST00247,LST00293,0,high
TR05888,LST00709,LST00703,0,low
TR05889,LST00748,LST00019,0,high
TR05890,LST00089,LST00092,1,high
TR05891,LST00086,LST00091,0,low
TR05892,LST00804,LST00745,0,medium
TR05893,LST00419,LST00427,0,high
TR05894,LST00215,LST00325,0,high
TR05895,LST00396,LST00524,0,high
TR05896,LST00580,LST00573,0,high
TR05897,LST00476,LST00498,0,high
TR05898,LST00253,LST00265,0,medium
TR05899,LST00796,LST00050,0,medium
TR05900,LST00423,LST00411,0,low
TR05901,LST00170,LST00157,0,high
TR05902,LST00477,LST00448,0,high
TR05903,LST00052,LST00122,0,high
TR05904,LST00433,LST00430,0,medium
TR05905,LST00009,LST00088,0,high
TR05906,LST00096,LST00084,0,high
TR05907,LST00818,LST00689,0,medium
TR05908,LST00486,LST00483,0,medium
TR05909,LST00288,LST00289,0,high
TR05910,LST00100,LST00120,0,medium
TR05911,LST00321,LST00322,1,high
TR05912,LST00094,LST00828,0,high
TR05913,LST00290,LST00254,0,high
TR05914,LST00267,LST00269,1,high
TR05915,LST00154,LST00133,0,medium
TR05916,LST00505,LST00508,1,high
TR05917,LST00159,LST00130,0,high
TR05918,LST00140,LST00145,0,high
TR05919,LST00455,LST00474,0,high
TR05920,LST00808,LST00754,0,high
TR05921,LST00007,LST00051,0,high
TR05922,LST00087,LST00121,0,high
TR05923,LST00110,LST00094,0,high
TR05924,LST00007,LST00119,0,medium
TR05925,LST00485,LST00490,1,high
TR05926,LST00093,LST00214,0,high
TR05927,LST00161,LST00150,0,medium
TR05928,LST00027,LST00759,0,high
TR05929,LST00504,LST00489,0,high
TR05930,LST00014,LST00759,0,high
TR05931,LST00059,LST00046,0,high
TR05932,LST00825,LST00827,1,high
TR05933,LST00423,LST00422,1,high
TR05934,LST00062,LST00079,0,high
TR05935,LST00158,LST00157,0,medium
TR05936,LST00297,LST00301,0,high
TR05937,LST00259,LST00245,0,high
TR05938,LST00217,LST00258,0,high
TR05939,LST00433,LST00428,0,low
TR05940,LST00760,LST00827,0,high
TR05941,LST00132,LST00148,1,low
TR05942,LST00267,LST00276,0,high
TR05943,LST00075,LST00292,0,high
TR05944,LST00405,LST00394,0,medium
TR05945,LST00255,LST00282,0,high
TR05946,LST00765,LST00629,0,medium
TR05947,LST00043,LST00065,0,medium
TR05948,LST00100,LST00116,0,high
TR05949,LST00269,LST00244,0,high
TR05950,LST00084,LST00023,0,medium
TR05951,LST00574,LST00560,0,medium
TR05952,LST00752,LST00757,0,high
TR05953,LST00164,LST00167,1,high
TR05954,LST00423,LST00432,0,high
TR05955,LST00083,LST00098,0,medium
TR05956,LST00477,LST00225,0,high
TR05957,LST00715,LST00623,0,high
TR05958,LST00532,LST00407,0,medium
TR05959,LST00275,LST00291,0,high
TR05960,LST00275,LST00303,0,medium
TR05961,LST00418,LST00429,0,high
TR05962,LST00115,LST00108,0,high
TR05963,LST00504,LST00485,0,high
TR05964,LST00068,LST00044,0,medium
TR05965,LST00581,LST00587,0,low
TR05966,LST00417,LST00421,0,medium
TR05967,LST00582,LST00583,0,high
TR05968,LST00516,LST00513,0,high
TR05969,LST00818,LST00745,0,high
TR05970,LST00810,LST00090,0,high
TR05971,LST00813,LST00073,0,medium
TR05972,LST00001,LST00016,0,high
TR05973,LST00439,LST00410,0,high
TR05974,LST00759,LST00004,0,high
TR05975,LST00067,LST00129,0,high
TR05976,LST00424,LST00411,0,medium
TR05977,LST00025,LST00013,0,high
TR05978,LST00112,LST00092,0,high
TR05979,LST00036,LST00010,0,low
TR05980,LST00045,LST00785,0,medium
TR05981,LST00256,LST00237,0,high
TR05982,LST00044,LST00115,0,high
TR05983,LST00254,LST00260,1,low
TR05984,LST00510,LST00514,1,high
TR05985,LST00231,LST00573,0,high
TR05986,LST00768,LST00714,0,high
TR05987,LST00164,LST00171,0,high
TR05988,LST00035,LST00052,0,low
TR05989,LST00048,LST00065,0,medium
TR05990,LST00505,LST00487,0,high
TR05991,LST00810,LST00755,0,high
TR05992,LST00436,LST00439,1,medium
TR05993,LST00232,LST00132,0,high
TR05994,LST00101,LST00128,0,medium
TR05995,LST00573,LST00578,0,medium
TR05996,LST00453,LST00480,0,high
TR05997,LST00216,LST00210,0,high
TR05998,LST00788,LST00056,0,high
TR05999,LST00752,LST00019,0,high
TR06000,LST00709,LST00708,1,high
TR06001,LST00035,LST00011,0,medium
TR06002,LST00061,LST00035,0,high
TR06003,LST00052,LST00100,0,high
TR06004,LST00281,LST00238,0,high
TR06005,LST00241,LST00272,0,high
TR06006,LST00047,LST00006,0,medium
TR06007,LST00583,LST00591,0,high
TR06008,LST00563,LST00560,0,low
TR06009,LST00816,LST00820,0,high
TR06010,LST00806,LST00768,0,high
TR06011,LST00790,LST00825,0,high
TR06012,LST00032,LST00003,0,high
TR06013,LST00767,LST00769,1,high
TR06014,LST00592,LST00591,1,high
TR06015,LST00041,LST00295,0,high
TR06016,LST00137,LST00156,0,high
TR06017,LST00233,LST00530,0,high
TR06018,LST00755,LST00018,0,high
TR06019,LST00702,LST00708,0,high
TR06020,LST00701,LST00702,0,high
TR06021,LST00719,LST00718,1,high
TR06022,LST00712,LST00716,1,high
TR06023,LST00165,LST00154,0,high
TR06024,LST00285,LST00266,0,high
TR06025,LST00211,LST00116,0,high
TR06026,LST00587,LST00592,0,low
TR06027,LST00070,LST00795,0,high
TR06028,LST00083,LST00076,0,low
TR06029,LST00692,LST00689,0,high
TR06030,LST00214,LST00294,0,high
TR06031,LST00442,LST00485,0,high
TR06032,LST00005,LST00033,0,high
TR06033,LST00094,LST00087,0,medium
TR06034,LST00014,LST00099,0,medium
TR06035,LST00141,LST00159,0,medium
TR06036,LST00009,LST00104,0,medium
TR06037,LST00294,LST00165,0,high
TR06038,LST00481,LST00497,0,medium
TR06039,LST00754,LST00041,0,high
TR06040,LST00134,LST00138,0,medium
TR06041,LST00429,LST00438,0,low
TR06042,LST00017,LST00797,0,high
TR06043,LST00028,LST00043,0,high
TR06044,LST00420,LST00426,0,high
TR06045,LST00273,LST00267,0,high
TR06046,LST00502,LST00505,0,medium
TR06047,LST00503,LST00501,1,high
TR06048,LST00058,LST00041,0,medium
TR06049,LST00132,LST00154,0,high
TR06050,LST00144,LST00052,0,medium
TR06051,LST00750,LST00752,1,high
TR06052,LST00405,LST00403,1,high
TR06053,LST00034,LST00036,0,medium
TR06054,LST00271,LST00293,0,medium
TR06055,LST00708,LST00710,1,low
TR06056,LST00002,LST00019,0,medium
TR06057,LST00005,LST00003,1,medium
TR06058,LST00452,LST00216,0,high
TR06059,LST00017,LST00033,0,medium
TR06060,LST00040,LST00041,1,high
TR06061,LST00702,LST00794,0,high
TR06062,LST00142,LST00140,1,high
TR06063,LST00825,LST00760,0,high
TR06064,LST00047,LST00032,0,medium
TR06065,LST00414,LST00573,0,high
TR06066,LST00257,LST00262,0,medium
TR06067,LST00048,LST00056,0,medium
TR06068,LST00162,LST00134,0,medium
TR06069,LST00814,LST00761,0,high
TR06070,LST00077,LST00092,0,high
TR06071,LST00414,LST00144,0,high
TR06072,LST00267,LST00292,0,high
TR06073,LST00758,LST00815,0,high
TR06074,LST00120,LST00102,0,high
TR06075,LST00747,LST00753,1,high
TR06076,LST00042,LST00006,0,high
TR06077,LST00560,LST00575,0,high
TR06078,LST00581,LST00575,0,high
TR06079,LST00057,LST00827,0,high
TR06080,LST00087,LST00815,0,high
TR06081,LST00566,LST00586,0,high
TR06082,LST00450,LST00473,0,high
TR06083,LST00291,LST00028,0,high
TR06084,LST00156,LST00166,0,high
TR06085,LST00495,LST00478,0,medium
TR06086,LST00054,LST00021,0,medium
TR06087,LST00155,LST00148,0,high
TR06088,LST00566,LST00574,0,medium
TR06089,LST00499,LST00490,0,high
TR06090,LST00040,LST00322,0,high
TR06091,LST00400,LST00568,0,high
TR06092,LST00227,LST00414,0,high
TR06093,LST00246,LST00249,0,medium
TR06094,LST00494,LST00499,0,high
TR06095,LST00113,LST00007,0,medium
TR06096,LST00039,LST00103,0,high
TR06097,LST00031,LST00005,0,low
TR06098,LST00142,LST00162,0,medium
TR06099,LST00722,LST00725,1,medium
TR06100,LST00276,LST00278,1,high
TR06101,LST00089,LST00046,0,high
TR06102,LST00111,LST00093,0,high
TR06103,LST00081,LST00092,0,high
TR06104,LST00299,LST00279,0,low
TR06105,LST00305,LST00282,0,high
TR06106,LST00044,LST00054,0,low
TR06107,LST00580,LST00593,0,medium
TR06108,LST00298,LST00259,0,high
TR06109,LST00815,LST00697,0,high
TR06110,LST00433,LST00412,0,high
TR06111,LST00018,LST00042,0,medium
TR06112,LST00530,LST00401,0,high
TR06113,LST00057,LST00032,0,high
TR06114,LST00818,LST00789,0,high
TR06115,LST00016,LST00118,0,high
TR06116,LST00746,LST00812,0,high
TR06117,LST00011,LST00630,0,high
TR06118,LST00133,LST00143,0,low
TR06119,LST00530,LST00227,0,high
TR06120,LST00443,LST00446,1,high
TR06121,LST00752,LST00026,0,low
TR06122,LST00572,LST00583,0,high
TR06123,LST00016,LST00014,1,medium
TR06124,LST00282,LST00279,1,high
TR06125,LST00281,LST00280,1,high
TR06126,LST00082,LST00027,1,low
TR06127,LST00305,LST00260,0,high
TR06128,LST00041,LST00024,0,high
TR06129,LST00524,LST00525,1,high
TR06130,LST00221,LST00210,0,high
TR06131,LST00129,LST00102,0,high
TR06132,LST00760,LST00790,0,high
TR06133,LST00263,LST00269,0,medium
TR06134,LST00032,LST00054,0,medium
TR06135,LST00753,LST00809,0,high
TR06136,LST00139,LST00165,0,medium
TR06137,LST00795,LST00760,0,high
TR06138,LST00074,LST00114,0,high
TR06139,LST00040,LST00745,0,high
TR06140,LST00134,LST00148,0,high
TR06141,LST00263,LST00264,1,medium
TR06142,LST00014,LST00472,0,medium
TR06143,LST00002,LST00025,0,high
TR06144,LST00575,LST00577,1,medium
TR06145,LST00061,LST00797,0,low
TR06146,LST00716,LST00767,0,high
TR06147,LST00081,LST00089,0,low
TR06148,LST00629,LST00628,1,high
TR06149,LST00250,LST00819,0,medium
TR06150,LST00057,LST00062,0,high
TR06151,LST00294,LST00216,0,high
TR06152,LST00010,LST00038,0,medium
TR06153,LST00425,LST00422,1,high
TR06154,LST00216,LST00220,0,high
TR06155,LST00039,LST00030,0,medium
TR06156,LST00414,LST00432,0,high
TR06157,LST00630,LST00765,0,high
TR06158,LST00417,LST00418,1,high
TR06159,LST00288,LST00271,0,medium
TR06160,LST00418,LST00419,1,medium
TR06161,LST00274,LST00269,0,high
TR06162,LST00810,LST00747,0,high
TR06163,LST00045,LST00026,0,high
TR06164,LST00731,LST00728,1,high
TR06165,LST00502,LST00499,1,low
TR06166,LST00579,LST00590,0,medium
TR06167,LST00589,LST00584,0,high
TR06168,LST00581,LST00562,0,high
TR06169,LST00261,LST00262,1,high
TR06170,LST00063,LST00078,0,high
TR06171,LST00079,LST00216,0,high
TR06172,LST00235,LST00052,0,high
TR06173,LST00476,LST00480,0,low
TR06174,LST00767,LST00803,0,medium
TR06175,LST00490,LST00493,0,medium
TR06176,LST00140,LST00131,0,high
TR06177,LST00760,LST00823,0,high
TR06178,LST00158,LST00154,0,high
TR06179,LST00422,LST00416,0,high
TR06180,LST00753,LST00752,1,high
TR06181,LST00525,LST00522,1,low
TR06182,LST00301,LST00272,0,high
TR06183,LST00272,LST00243,0,high
TR06184,LST00050,LST00042,0,medium
TR06185,LST00769,LST00826,0,high
TR06186,LST00751,LST00009,1,low
TR06187,LST00812,LST00760,0,high
TR06188,LST00403,LST00393,0,high
TR06189,LST00756,LST00755,1,high
TR06190,LST00006,LST00043,0,low
TR06191,LST00018,LST00052,0,low
TR06192,LST00490,LST00442,0,high
TR06193,LST00251,LST00272,0,high
TR06194,LST00062,LST00010,0,high
TR06195,LST00137,LST00135,1,high
TR06196,LST00227,LST00477,0,high
TR06197,LST00813,LST00075,0,medium
TR06198,LST00148,LST00130,0,high
TR06199,LST00046,LST00037,0,medium
TR06200,LST00440,LST00433,0,high
TR06201,LST00061,LST00430,0,high
TR06202,LST00817,LST00813,1,medium
TR06203,LST00455,LST00442,0,medium
TR06204,LST00142,LST00146,0,high
TR06205,LST00394,LST00400,0,medium
TR06206,LST00403,LST00528,0,high
TR06207,LST00785,LST00067,0,high
TR06208,LST00434,LST00133,0,high
TR06209,LST00015,LST00019,0,high
TR06210,LST00396,LST00527,0,high
TR06211,LST00077,LST00082,0,medium
TR06212,LST00479,LST00508,0,high
TR06213,LST00044,LST00062,0,high
TR06214,LST00244,LST00251,0,medium
TR06215,LST00212,LST00580,0,high
TR06216,LST00133,LST00132,1,high
TR06217,LST00792,LST00768,0,high
TR06218,LST00220,LST00222,1,high
TR06219,LST00794,LST00795,0,high
TR06220,LST00001,LST00031,0,high
TR06221,LST00759,LST00042,0,high
TR06222,LST00267,LST00245,0,high
TR06223,LST00407,LST00404,1,low
TR06224,LST00220,LST00215,0,high
TR06225,LST00051,LST00793,0,high
TR06226,LST00038,LST00061,0,high
TR06227,LST00216,LST00580,0,high
TR06228,LST00797,LST00801,0,high
TR06229,LST00073,LST00077,0,medium
TR06230,LST00758,LST00816,0,high
TR06231,LST00070,LST00048,0,medium
TR06232,LST00127,LST00112,0,high
TR06233,LST00220,LST00569,0,high
TR06234,LST00298,LST00295,0,high
TR06235,LST00030,LST00048,0,medium
TR06236,LST00405,LST00401,1,medium
TR06237,LST00766,LST00626,0,high
TR06238,LST00033,LST00057,0,low
TR06239,LST00039,LST00002,0,medium
TR06240,LST00303,LST00276,0,high
TR06241,LST00021,LST00008,0,high
TR06242,LST00223,LST00232,0,low
TR06243,LST00294,LST00239,0,high
TR06244,LST00563,LST00586,0,high
TR06245,LST00254,LST00247,0,medium
TR06246,LST00001,LST00057,0,medium
TR06247,LST00518,LST00517,1,high
TR06248,LST00007,LST00017,0,medium
TR06249,LST00754,LST00004,0,high
TR06250,LST00472,LST00800,0,high
TR06251,LST00817,LST00748,0,high
TR06252,LST00494,LST00481,0,high
TR06253,LST00639,LST00325,0,high
TR06254,LST00769,LST00762,0,high
TR06255,LST00817,LST00802,0,high
TR06256,LST00148,LST00136,0,medium
TR06257,LST00408,LST00423,0,high
TR06258,LST00766,LST00592,0,medium
TR06259,LST00093,LST00268,0,high
TR06260,LST00633,LST00631,1,high
TR06261,LST00523,LST00397,0,high
TR06262,LST00077,LST00809,0,high
TR06263,LST00024,LST00009,0,high
TR06264,LST00090,LST00811,0,medium
TR06265,LST00517,LST00520,1,high
TR06266,LST00112,LST00100,0,medium
TR06267,LST00260,LST00255,0,medium
TR06268,LST00827,LST00262,0,medium
TR06269,LST00302,LST00248,0,high
TR06270,LST00008,LST00031,0,high
TR06271,LST00129,LST00007,0,high
TR06272,LST00488,LST00497,0,high
TR06273,LST00434,LST00408,0,high
TR06274,LST00268,LST00240,0,high
TR06275,LST00242,LST00823,0,high
TR06276,LST00703,LST00701,0,low
TR06277,LST00251,LST00246,0,low
TR06278,LST00011,LST00041,0,high
TR06279,LST00526,LST00396,0,high
TR06280,LST00082,LST00075,0,medium
TR06281,LST00275,LST00265,0,high
TR06282,LST00056,LST00038,0,high
TR06283,LST00046,LST00105,0,high
TR06284,LST00084,LST00031,0,high
TR06285,LST00798,LST00801,0,high
TR06286,LST00816,LST00810,0,high
TR06287,LST00240,LST00258,0,medium
TR06288,LST00507,LST00479,0,high
TR06289,LST00568,LST00294,0,high
TR06290,LST00170,LST00150,0,high
TR06291,LST00446,LST00442,1,medium
TR06292,LST00574,LST00570,1,medium
TR06293,LST00574,LST00568,0,high
TR06294,LST00479,LST00766,0,high
TR06295,LST00086,LST00110,0,high
TR06296,LST00522,LST00528,0,high
TR06297,LST00122,LST00084,0,medium
TR06298,LST00219,LST00216,0,low
TR06299,LST00783,LST00789,0,medium
TR06300,LST00072,LST00094,0,medium
TR06301,LST00009,LST00746,0,medium
TR06302,LST00530,LST00526,0,high
TR06303,LST00432,LST00211,0,high
TR06304,LST00149,LST00139,0,high
TR06305,LST00759,LST00756,0,high
TR06306,LST00300,LST00247,0,high
TR06307,LST00284,LST00303,0,high
TR06308,LST00586,LST00576,0,high
TR06309,LST00063,LST00065,1,high
TR06310,LST00024,LST00055,0,high
TR06311,LST00123,LST00006,0,high
TR06312,LST00767,LST00623,0,high
TR06313,LST00567,LST00572,0,high
TR06314,LST00044,LST00109,0,high
TR06315,LST00792,LST00030,0,high
TR06316,LST00483,LST00511,0,high
TR06317,LST00117,LST00122,0,medium
TR06318,LST00074,LST00116,0,high
TR06319,LST00047,LST00029,0,medium
TR06320,LST00235,LST00232,1,high
TR06321,LST00162,LST00165,0,high
TR06322,LST00820,LST00800,0,high
TR06323,LST00787,LST00786,1,high
TR06324,LST00013,LST00027,0,high
TR06325,LST00014,LST00015,1,high
TR06326,LST00100,LST00099,1,low
TR06327,LST00495,LST00503,0,high
TR06328,LST00033,LST00114,0,low
TR06329,LST00724,LST00728,0,medium
TR06330,LST00019,LST00033,0,high
TR06331,LST00148,LST00152,0,medium
TR06332,LST00212,LST00222,0,medium
TR06333,LST00823,LST00246,0,low
TR06334,LST00475,LST00478,0,medium
TR06335,LST00814,LST00093,0,medium
TR06336,LST00169,LST00134,0,high
TR06337,LST00028,LST00013,0,medium
TR06338,LST00266,LST00280,0,medium
TR06339,LST00749,LST00017,0,low
TR06340,LST00489,LST00475,0,high
TR06341,LST00170,LST00151,0,medium
TR06342,LST00079,LST00116,0,high
TR06343,LST00098,LST00071,0,low
TR06344,LST00032,LST00014,0,high
TR06345,LST00639,LST00641,1,high
TR06346,LST00044,LST00020,0,high
TR06347,LST00035,LST00097,0,high
TR06348,LST00042,LST00022,0,medium
TR06349,LST00092,LST00028,0,high
TR06350,LST00446,LST00218,0,medium
TR06351,LST00042,LST00019,0,medium
TR06352,LST00593,LST00585,0,high
TR06353,LST00400,LST00399,1,high
TR06354,LST00020,LST00758,0,medium
TR06355,LST00503,LST00485,0,medium
TR06356,LST00753,LST00750,1,high
TR06357,LST00056,LST00059,0,medium
TR06358,LST00478,LST00485,0,high
TR06359,LST00052,LST00695,0,high
TR06360,LST00260,LST00292,0,high
TR06361,LST00763,LST00821,0,high
TR06362,LST00140,LST00434,0,high
TR06363,LST00305,LST00283,0,high
TR06364,LST00265,LST00267,1,high
TR06365,LST00245,LST00301,0,high
TR06366,LST00488,LST00499,0,high
TR06367,LST00235,LST00530,0,high
TR06368,LST00247,LST00240,0,high
TR06369,LST00726,LST00730,1,high
TR06370,LST00142,LST00132,0,medium
TR06371,LST00251,LST00325,0,high
TR06372,LST00794,LST00578,0,high
TR06373,LST00434,LST00299,0,high
TR06374,LST00004,LST00758,0,high
TR06375,LST00010,LST00759,0,high
TR06376,LST00480,LST00490,0,high
TR06377,LST00822,LST00761,0,high
TR06378,LST00815,LST00745,0,high
TR06379,LST00770,LST00828,0,high
TR06380,LST00158,LST00163,0,high
TR06381,LST00062,LST00048,0,medium
TR06382,LST00231,LST00625,0,high
TR06383,LST00744,LST00023,1,low
TR06384,LST00296,LST00300,0,medium
TR06385,LST00113,LST00114,1,high
TR06386,LST00441,LST00448,0,low
TR06387,LST00789,LST00065,0,high
TR06388,LST00808,LST00752,0,medium
TR06389,LST00477,LST00479,0,low
TR06390,LST00572,LST00587,0,low
TR06391,LST00293,LST00303,0,high
TR06392,LST00102,LST00020,0,high
TR06393,LST00124,LST00123,1,high
TR06394,LST00477,LST00084,0,high
TR06395,LST00295,LST00305,0,high
TR06396,LST00490,LST00483,0,medium
TR06397,LST00212,LST00220,0,low
TR06398,LST00578,LST00566,0,high
TR06399,LST00249,LST00820,0,high
TR06400,LST00420,LST00412,0,medium
TR06401,LST00251,LST00297,0,high
TR06402,LST00324,LST00218,0,high
TR06403,LST00399,LST00397,1,high
TR06404,LST00506,LST00498,0,high
TR06405,LST00132,LST00143,0,low
TR06406,LST00800,LST00786,0,high
TR06407,LST00045,LST00047,0,high
TR06408,LST00031,LST00029,0,medium
TR06409,LST00059,LST00084,0,high
TR06410,LST00160,LST00158,1,high
TR06411,LST00255,LST00245,0,medium
TR06412,LST00508,LST00475,0,high
TR06413,LST00138,LST00167,0,medium
TR06414,LST00750,LST00821,0,high
TR06415,LST00250,LST00252,1,high
TR06416,LST00589,LST00575,0,high
TR06417,LST00422,LST00412,0,high
TR06418,LST00570,LST00796,0,high
TR06419,LST00251,LST00241,0,high
TR06420,LST00057,LST00012,0,high
TR06421,LST00731,LST00722,0,medium
TR06422,LST00519,LST00512,0,low
TR06423,LST00151,LST00140,0,high
TR06424,LST00788,LST00744,0,high
TR06425,LST00812,LST00818,0,low
TR06426,LST00822,LST00754,0,high
TR06427,LST00040,LST00014,0,low
TR06428,LST00235,LST00224,0,medium
TR06429,LST00030,LST00019,0,medium
TR06430,LST00125,LST00099,0,medium
TR06431,LST00022,LST00007,0,medium
TR06432,LST00061,LST00126,0,medium
TR06433,LST00439,LST00421,0,high
TR06434,LST00092,LST00814,0,medium
TR06435,LST00566,LST00562,0,high
TR06436,LST00569,LST00446,0,medium
TR06437,LST00011,LST00235,0,high
TR06438,LST00418,LST00569,0,high
TR06439,LST00413,LST00411,1,medium
TR06440,LST00417,LST00419,1,high
TR06441,LST00296,LST00304,0,high
TR06442,LST00477,LST00481,0,medium
TR06443,LST00258,LST00261,0,high
TR06444,LST00086,LST00074,0,high
TR06445,LST00279,LST00280,1,high
TR06446,LST00040,LST00747,0,medium
TR06447,LST00812,LST00758,0,high
TR06448,LST00785,LST00066,0,high
TR06449,LST00296,LST00278,0,medium
TR06450,LST00826,LST00760,0,high
TR06451,LST00398,LST00406,0,low
TR06452,LST00569,LST00116,0,high
TR06453,LST00416,LST00592,0,high
TR06454,LST00490,LST00477,0,medium
TR06455,LST00237,LST00257,0,high
TR06456,LST00254,LST00256,1,high
TR06457,LST00056,LST00086,0,medium
TR06458,LST00050,LST00089,0,high
TR06459,LST00410,LST00409,1,high
TR06460,LST00784,LST00109,0,high
TR06461,LST00136,LST00150,0,high
TR06462,LST00818,LST00708,0,high
TR06463,LST00479,LST00416,0,high
TR06464,LST00153,LST00142,0,medium
TR06465,LST00150,LST00166,0,low
TR06466,LST00803,LST00806,1,medium
TR06467,LST00443,LST00476,0,medium
TR06468,LST00017,LST00030,0,medium
TR06469,LST00295,LST00277,0,high
TR06470,LST00046,LST00043,1,high
TR06471,LST00030,LST00120,0,high
TR06472,LST00079,LST00104,0,high
TR06473,LST00442,LST00487,0,high
TR06474,LST00092,LST00057,0,medium
TR06475,LST00145,LST00143,0,high
TR06476,LST00147,LST00144,0,high
TR06477,LST00240,LST00257,0,high
TR06478,LST00220,LST00446,0,high
TR06479,LST00018,LST00028,0,low
TR06480,LST00106,LST00101,0,high
TR06481,LST00005,LST00096,0,high
TR06482,LST00113,LST00061,0,high
TR06483,LST00142,LST00138,0,medium
TR06484,LST00504,LST00500,0,high
TR06485,LST00784,LST00795,0,high
TR06486,LST00443,LST00452,0,medium
TR06487,LST00449,LST00453,0,high
TR06488,LST00716,LST00630,0,high
TR06489,LST00094,LST00082,0,medium
TR06490,LST00079,LST00109,0,high
TR06491,LST00294,LST00275,0,medium
TR06492,LST00157,LST00145,0,high
TR06493,LST00166,LST00140,0,medium
TR06494,LST00134,LST00133,1,high
TR06495,LST00053,LST00069,0,medium
TR06496,LST00752,LST00789,0,high
TR06497,LST00790,LST00054,0,low
TR06498,LST00276,LST00296,0,high
TR06499,LST00277,LST00282,1,high
TR06500,LST00793,LST00796,0,high
TR06501,LST00070,LST00111,0,high
TR06502,LST00240,LST00266,0,high
TR06503,LST00245,LST00291,0,high
TR06504,LST00766,LST00210,0,high
TR06505,LST00072,LST00078,0,high
TR06506,LST00759,LST00019,0,high
TR06507,LST00253,LST00248,0,medium
TR06508,LST00136,LST00163,0,medium
TR06509,LST00264,LST00302,0,high
TR06510,LST00452,LST00442,0,high
TR06511,LST00138,LST00149,0,high
TR06512,LST00296,LST00293,0,high
TR06513,LST00748,LST00814,0,high
TR06514,LST00165,LST00211,0,medium
TR06515,LST00065,LST00002,0,high
TR06516,LST00058,LST00039,0,high
TR06517,LST00301,LST00282,0,medium
TR06518,LST00436,LST00435,1,high
TR06519,LST00398,LST00394,0,low
TR06520,LST00448,LST00455,0,medium
TR06521,LST00161,LST00169,1,low
TR06522,LST00768,LST00765,0,low
TR06523,LST00436,LST00429,0,high
TR06524,LST00439,LST00227,0,high
TR06525,LST00757,LST00039,0,high
TR06526,LST00016,LST00212,0,high
TR06527,LST00046,LST00008,0,high
TR06528,LST00426,LST00429,1,medium
TR06529,LST00755,LST00010,0,high
TR06530,LST00803,LST00747,0,medium
TR06531,LST00165,LST00140,0,medium
TR06532,LST00563,LST00570,0,low
TR06533,LST00014,LST00429,0,high
TR06534,LST00302,LST00289,0,low
TR06535,LST00406,LST00532,0,high
TR06536,LST00787,LST00828,0,high
TR06537,LST00018,LST00063,0,medium
TR06538,LST00768,LST00628,0,high
TR06539,LST00028,LST00760,0,high
TR06540,LST00426,LST00413,0,high
TR06541,LST00238,LST00245,0,medium
TR06542,LST00565,LST00576,0,high
TR06543,LST00157,LST00140,0,medium
TR06544,LST00083,LST00029,0,high
TR06545,LST00581,LST00579,1,high
TR06546,LST00301,LST00255,0,high
TR06547,LST00013,LST00010,0,low
TR06548,LST00567,LST00103,0,high
TR06549,LST00045,LST00079,0,high
TR06550,LST00211,LST00128,0,high
TR06551,LST00477,LST00231,0,high
TR06552,LST00586,LST00559,0,high
TR06553,LST00497,LST00480,0,high
TR06554,LST00719,LST00720,1,high
TR06555,LST00502,LST00507,0,high
TR06556,LST00256,LST00250,0,high
TR06557,LST00481,LST00498,0,high
TR06558,LST00134,LST00159,0,high
TR06559,LST00570,LST00561,0,medium
TR06560,LST00392,LST00396,1,medium
TR06561,LST00816,LST00814,1,high
TR06562,LST00021,LST00044,0,high
TR06563,LST00038,LST00014,0,high
TR06564,LST00051,LST00026,0,high
TR06565,LST00445,LST00444,1,high
TR06566,LST00169,LST00148,0,high
TR06567,LST00757,LST00808,0,high
TR06568,LST00113,LST00126,0,low
TR06569,LST00116,LST00125,0,high
TR06570,LST00291,LST00274,0,high
TR06571,LST00814,LST00745,0,high
TR06572,LST00258,LST00246,0,medium
TR06573,LST00756,LST00753,0,high
TR06574,LST00691,LST00698,0,medium
TR06575,LST00150,LST00145,0,medium
TR06576,LST00094,LST00814,0,high
TR06577,LST00476,LST00484,0,medium
TR06578,LST00421,LST00408,0,medium
TR06579,LST00304,LST00303,1,medium
TR06580,LST00276,LST00286,0,high
TR06581,LST00301,LST00281,0,high
TR06582,LST00261,LST00240,0,high
TR06583,LST00526,LST00398,0,high
TR06584,LST00048,LST00052,0,medium
TR06585,LST00127,LST00122,0,high
TR06586,LST00281,LST00243,0,high
TR06587,LST00580,LST00568,0,high
TR06588,LST00156,LST00162,0,low
TR06589,LST00269,LST00296,0,high
TR06590,LST00234,LST00224,0,medium
TR06591,LST00169,LST00156,0,high
TR06592,LST00806,LST00796,0,high
TR06593,LST00135,LST00132,0,high
TR06594,LST00577,LST00584,0,high
TR06595,LST00038,LST00052,0,high
TR06596,LST00470,LST00806,0,high
TR06597,LST00487,LST00567,0,high
TR06598,LST00074,LST00077,0,high
TR06599,LST00047,LST00057,0,high
TR06600,LST00113,LST00128,0,medium
TR06601,LST00110,LST00108,0,medium
TR06602,LST00258,LST00265,0,high
TR06603,LST00592,LST00581,0,high
TR06604,LST00420,LST00410,0,high
TR06605,LST00324,LST00211,0,high
TR06606,LST00573,LST00561,0,medium
TR06607,LST00165,LST00136,0,medium
TR06608,LST00586,LST00581,0,high
TR06609,LST00008,LST00752,0,high
TR06610,LST00246,LST00243,1,medium
TR06611,LST00054,LST00066,0,medium
TR06612,LST00003,LST00019,0,high
TR06613,LST00709,LST00700,0,medium
TR06614,LST00089,LST00107,0,low
TR06615,LST00405,LST00525,0,high
TR06616,LST00077,LST00129,0,high
TR06617,LST00624,LST00766,0,high
TR06618,LST00825,LST00248,0,medium
TR06619,LST00026,LST00760,0,medium
TR06620,LST00785,LST00113,0,high
TR06621,LST00432,LST00409,0,high
TR06622,LST00117,LST00101,0,low
TR06623,LST00277,LST00276,1,high
TR06624,LST00002,LST00066,0,medium
TR06625,LST00018,LST00008,0,high
TR06626,LST00013,LST00063,0,medium
TR06627,LST00011,LST00006,1,high
TR06628,LST00494,LST00495,1,high
TR06629,LST00761,LST00768,0,high
TR06630,LST00029,LST00010,0,medium
TR06631,LST00126,LST00095,0,high
TR06632,LST00252,LST00269,0,medium
TR06633,LST00583,LST00592,0,high
TR06634,LST00723,LST00725,1,medium
TR06635,LST00455,LST00441,0,high
TR06636,LST00043,LST00058,0,low
TR06637,LST00454,LST00446,0,high
TR06638,LST00088,LST00813,0,medium
TR06639,LST00010,LST00017,0,low
TR06640,LST00004,LST00087,0,high
TR06641,LST00402,LST00405,1,high
TR06642,LST00494,LST00496,1,high
TR06643,LST00079,LST00222,0,high
TR06644,LST00257,LST00236,0,high
TR06645,LST00076,LST00092,0,high
TR06646,LST00295,LST00286,0,medium
TR06647,LST00021,LST00025,0,high
TR06648,LST00022,LST00008,0,high
TR06649,LST00110,LST00129,0,high
TR06650,LST00030,LST00073,0,medium
TR06651,LST00711,LST00625,0,high
TR06652,LST00153,LST00171,0,high
TR06653,LST00137,LST00155,0,medium
TR06654,LST00760,LST00008,0,high
TR06655,LST00150,LST00138,0,high
TR06656,LST00234,LST00230,0,medium
TR06657,LST00744,LST00750,0,high
TR06658,LST00760,LST00818,0,high
TR06659,LST00002,LST00752,0,high
TR06660,LST00622,LST00623,1,high
TR06661,LST00324,LST00036,0,high
TR06662,LST00821,LST00807,0,high
TR06663,LST00485,LST00506,0,high
TR06664,LST00127,LST00111,0,high
TR06665,LST00031,LST00042,0,high
TR06666,LST00813,LST00753,0,high
TR06667,LST00519,LST00513,0,medium
TR06668,LST00485,LST00477,0,medium
TR06669,LST00593,LST00587,0,high
TR06670,LST00411,LST00432,0,high
TR06671,LST00747,LST00808,0,high
TR06672,LST00289,LST00284,0,medium
TR06673,LST00213,LST00215,0,high
TR06674,LST00430,LST00426,1,medium
TR06675,LST00152,LST00154,1,high
TR06676,LST00745,LST00810,0,high
TR06677,LST00524,LST00532,0,high
TR06678,LST00012,LST00051,0,medium
TR06679,LST00121,LST00108,0,medium
TR06680,LST00138,LST00139,1,high
TR06681,LST00750,LST00813,0,high
TR06682,LST00808,LST00818,0,medium
TR06683,LST00217,LST00434,0,high
TR06684,LST00497,LST00485,0,high
TR06685,LST00580,LST00572,0,high
TR06686,LST00578,LST00564,0,high
TR06687,LST00283,LST00257,0,high
TR06688,LST00171,LST00167,0,medium
TR06689,LST00788,LST00046,0,medium
TR06690,LST00593,LST00584,0,medium
TR06691,LST00055,LST00124,0,high
TR06692,LST00765,LST00626,0,high
TR06693,LST00393,LST00406,0,low
TR06694,LST00822,LST00262,0,high
TR06695,LST00419,LST00413,0,medium
TR06696,LST00746,LST00814,0,high
TR06697,LST00021,LST00006,0,medium
TR06698,LST00035,LST00746,0,high
TR06699,LST00002,LST00032,0,high
TR06700,LST00013,LST00031,0,high
TR06701,LST00018,LST00756,0,low
TR06702,LST00057,LST00037,0,high
TR06703,LST00447,LST00455,0,low
TR06704,LST00817,LST00760,0,high
TR06705,LST00047,LST00043,0,low
TR06706,LST00431,LST00414,0,high
TR06707,LST00392,LST00527,0,high
TR06708,LST00105,LST00082,0,high
TR06709,LST00012,LST00124,0,high
TR06710,LST00474,LST00800,0,low
TR06711,LST00471,LST00799,0,medium
TR06712,LST00051,LST00069,0,high
TR06713,LST00140,LST00416,0,high
TR06714,LST00020,LST00756,0,high
TR06715,LST00019,LST00025,0,medium
TR06716,LST00747,LST00001,0,high
TR06717,LST00095,LST00097,1,medium
TR06718,LST00023,LST00040,0,medium
TR06719,LST00089,LST00128,0,high
TR06720,LST00105,LST00790,0,high
TR06721,LST00811,LST00098,0,high
TR06722,LST00276,LST00288,0,high
TR06723,LST00089,LST00291,0,high
TR06724,LST00142,LST00145,0,high
TR06725,LST00115,LST00052,0,high
TR06726,LST00213,LST00029,0,high
TR06727,LST00827,LST00798,0,high
TR06728,LST00263,LST00237,0,high
TR06729,LST00817,LST00811,0,medium
TR06730,LST00245,LST00823,0,high
TR06731,LST00163,LST00167,1,low
TR06732,LST00003,LST00760,0,medium
TR06733,LST00298,LST00280,0,high
TR06734,LST00261,LST00825,0,high
TR06735,LST00768,LST00689,0,medium
TR06736,LST00232,LST00630,0,high
TR06737,LST00767,LST00713,0,high
TR06738,LST00093,LST00087,0,low
TR06739,LST00014,LST00053,0,high
TR06740,LST00001,LST00015,0,medium
TR06741,LST00251,LST00283,0,high
TR06742,LST00079,LST00009,0,medium
TR06743,LST00243,LST00288,0,high
TR06744,LST00444,LST00500,0,high
TR06745,LST00171,LST00149,0,medium
TR06746,LST00094,LST00083,0,medium
TR06747,LST00043,LST00012,0,high
TR06748,LST00085,LST00087,0,high
TR06749,LST00633,LST00634,1,high
TR06750,LST00560,LST00559,1,high
TR06751,LST00808,LST00815,0,high
TR06752,LST00168,LST00138,0,medium
TR06753,LST00815,LST00750,0,high
TR06754,LST00129,LST00111,0,medium
TR06755,LST00117,LST00118,1,high
TR06756,LST00103,LST00088,0,high
TR06757,LST00013,LST00011,0,medium
TR06758,LST00100,LST00108,0,medium
TR06759,LST00114,LST00099,0,medium
TR06760,LST00020,LST00047,0,high
TR06761,LST00233,LST00011,0,high
TR06762,LST00324,LST00321,0,high
TR06763,LST00248,LST00821,0,high
TR06764,LST00270,LST00283,0,low
TR06765,LST00564,LST00589,0,high
TR06766,LST00490,LST00508,0,high
TR06767,LST00165,LST00166,1,high
TR06768,LST00157,LST00141,0,low
TR06769,LST00432,LST00428,0,medium
TR06770,LST00419,LST00409,0,low
TR06771,LST00268,LST00267,1,high
TR06772,LST00076,LST00014,0,high
TR06773,LST00410,LST00432,0,high
TR06774,LST00124,LST00097,0,high
TR06775,LST00210,LST00220,0,high
TR06776,LST00040,LST00027,0,medium
TR06777,LST00154,LST00157,0,high
TR06778,LST00299,LST00483,0,high
TR06779,LST00243,LST00303,0,medium
TR06780,LST00131,LST00146,0,high
TR06781,LST00300,LST00266,0,high
TR06782,LST00804,LST00797,0,high
TR06783,LST00715,LST00765,0,high
TR06784,LST00787,LST00792,0,low
TR06785,LST00817,LST00095,0,high
TR06786,LST00754,LST00021,0,high
TR06787,LST00813,LST00745,0,high
TR06788,LST00053,LST00055,1,high
TR06789,LST00228,LST00132,0,high
TR06790,LST00763,LST00761,1,high
TR06791,LST00270,LST00289,0,high
TR06792,LST00008,LST00014,0,medium
TR06793,LST00278,LST00270,0,high
TR06794,LST00218,LST00128,0,high
TR06795,LST00821,LST00820,1,high
TR06796,LST00109,LST00592,0,high
TR06797,LST00489,LST00494,0,medium
TR06798,LST00090,LST00097,0,medium
TR06799,LST00800,LST00827,0,high
TR06800,LST00695,LST00691,0,medium
TR06801,LST00051,LST00023,0,medium
TR06802,LST00044,LST00014,0,high
TR06803,LST00443,LST00444,1,low
TR06804,LST00751,LST00750,1,medium
TR06805,LST00077,LST00810,0,high
TR06806,LST00729,LST00722,1,low
TR06807,LST00729,LST00725,0,high
TR06808,LST00802,LST00783,0,high
TR06809,LST00244,LST00255,0,high
TR06810,LST00165,LST00141,0,high
TR06811,LST00500,LST00489,0,high
TR06812,LST00697,LST00794,0,high
TR06813,LST00585,LST00562,0,high
TR06814,LST00626,LST00711,0,medium
TR06815,LST00071,LST00125,0,high
TR06816,LST00075,LST00058,0,high
TR06817,LST00093,LST00105,0,high
TR06818,LST00075,LST00808,0,medium
TR06819,LST00759,LST00036,0,medium
TR06820,LST00807,LST00799,0,high
TR06821,LST00422,LST00431,0,medium
TR06822,LST00292,LST00303,0,low
TR06823,LST00054,LST00117,0,high
TR06824,LST00640,LST00638,1,high
TR06825,LST00014,LST00760,0,high
TR06826,LST00752,LST00754,0,high
TR06827,LST00786,LST00783,1,medium
TR06828,LST00828,LST00757,0,medium
TR06829,LST00445,LST00473,0,high
TR06830,LST00756,LST00034,0,high
TR06831,LST00301,LST00269,0,high
TR06832,LST00133,LST00160,0,high
TR06833,LST00508,LST00502,0,medium
TR06834,LST00497,LST00478,0,medium
TR06835,LST00271,LST00292,0,low
TR06836,LST00480,LST00483,1,high
TR06837,LST00816,LST00809,0,high
TR06838,LST00821,LST00260,0,medium
TR06839,LST00126,LST00012,0,high
TR06840,LST00002,LST00007,0,high
TR06841,LST00506,LST00451,0,high
TR06842,LST00066,LST00021,0,high
TR06843,LST00823,LST00800,0,high
TR06844,LST00252,LST00259,0,low
TR06845,LST00762,LST00765,1,high
TR06846,LST00084,LST00097,0,low
TR06847,LST00325,LST00035,0,high
TR06848,LST00809,LST00090,0,high
TR06849,LST00562,LST00787,0,high
TR06850,LST00826,LST00821,0,high
TR06851,LST00263,LST00430,0,high
TR06852,LST00477,LST00491,0,medium
TR06853,LST00043,LST00472,0,high
TR06854,LST00085,LST00818,0,medium
TR06855,LST00018,LST00017,1,medium
TR06856,LST00755,LST00752,0,high
TR06857,LST00073,LST00087,0,medium
TR06858,LST00625,LST00763,0,low
TR06859,LST00794,LST00818,0,high
TR06860,LST00438,LST00418,0,high
TR06861,LST00096,LST00092,0,high
TR06862,LST00796,LST00790,0,high
TR06863,LST00755,LST00816,0,high
TR06864,LST00082,LST00084,1,high
TR06865,LST00487,LST00490,1,high
TR06866,LST00241,LST00237,0,medium
TR06867,LST00289,LST00275,0,high
TR06868,LST00453,LST00482,0,high
TR06869,LST00210,LST00133,0,high
TR06870,LST00752,LST00025,0,medium
TR06871,LST00099,LST00106,0,high
TR06872,LST00502,LST00494,0,high
TR06873,LST00694,LST00693,0,high
TR06874,LST00475,LST00497,0,high
TR06875,LST00165,LST00639,0,medium
TR06876,LST00232,LST00234,1,low
TR06877,LST00286,LST00253,0,high
TR06878,LST00014,LST00046,0,high
TR06879,LST00069,LST00530,0,medium
TR06880,LST00429,LST00028,0,high
TR06881,LST00511,LST00592,0,high
TR06882,LST00149,LST00163,0,low
TR06883,LST00425,LST00424,1,high
TR06884,LST00156,LST00171,0,medium
TR06885,LST00474,LST00804,0,medium
TR06886,LST00053,LST00058,0,low
TR06887,LST00296,LST00292,0,low
TR06888,LST00402,LST00399,0,medium
TR06889,LST00106,LST00080,0,high
TR06890,LST00038,LST00744,0,high
TR06891,LST00119,LST00102,0,medium
TR06892,LST00497,LST00484,0,high
TR06893,LST00565,LST00590,0,high
TR06894,LST00625,LST00626,0,low
TR06895,LST00416,LST00424,0,low
TR06896,LST00400,LST00524,0,high
TR06897,LST00140,LST00141,1,high
TR06898,LST00274,LST00262,0,high
TR06899,LST00564,LST00579,0,high
TR06900,LST00818,LST00077,0,high
TR06901,LST00031,LST00030,1,high
TR06902,LST00397,LST00393,0,medium
TR06903,LST00009,LST00036,0,high
TR06904,LST00798,LST00759,0,high
TR06905,LST00581,LST00573,0,high
TR06906,LST00019,LST00745,0,medium
TR06907,LST00274,LST00294,0,high
TR06908,LST00720,LST00721,1,high
TR06909,LST00506,LST00494,0,high
TR06910,LST00007,LST00014,0,medium
TR06911,LST00708,LST00815,0,high
TR06912,LST00426,LST00428,1,high
TR06913,LST00754,LST00039,1,low
TR06914,LST00807,LST00474,0,low
TR06915,LST00506,LST00489,0,high
TR06916,LST00759,LST00763,0,high
TR06917,LST00273,LST00272,1,medium
TR06918,LST00425,LST00409,0,medium
TR06919,LST00568,LST00569,1,high
TR06920,LST00052,LST00796,0,high
TR06921,LST00719,LST00717,1,high
TR06922,LST00769,LST00770,1,high
TR06923,LST00089,LST00123,0,medium
TR06924,LST00748,LST00007,0,high
TR06925,LST00591,LST00586,0,high
TR06926,LST00040,LST00016,0,low
TR06927,LST00115,LST00099,0,high
TR06928,LST00798,LST00745,0,high
TR06929,LST00430,LST00213,0,high
TR06930,LST00302,LST00251,0,high
TR06931,LST00076,LST00213,0,high
TR06932,LST00521,LST00402,0,low
TR06933,LST00411,LST00420,0,low
TR06934,LST00624,LST00714,0,high
TR06935,LST00083,LST00079,1,high
TR06936,LST00218,LST00210,0,high
TR06937,LST00044,LST00049,0,medium
TR06938,LST00120,LST00785,0,high
TR06939,LST00073,LST00081,0,high
TR06940,LST00125,LST00110,0,high
TR06941,LST00453,LST00444,0,medium
TR06942,LST00099,LST00104,0,high
TR06943,LST00268,LST00239,0,high
TR06944,LST00484,LST00502,0,high
TR06945,LST00008,LST00042,0,high
TR06946,LST00281,LST00287,0,high
TR06947,LST00143,LST00152,0,high
TR06948,LST00243,LST00260,0,high
TR06949,LST00806,LST00472,0,high
TR06950,LST00570,LST00768,0,high
TR06951,LST00712,LST00714,1,high
TR06952,LST00053,LST00115,0,high
TR06953,LST00436,LST00413,0,high
TR06954,LST00477,LST00132,0,high
TR06955,LST00787,LST00710,0,high
TR06956,LST00097,LST00083,0,medium
TR06957,LST00292,LST00760,0,high
TR06958,LST00039,LST00019,0,low
TR06959,LST00523,LST00394,0,high
TR06960,LST00494,LST00475,0,medium
TR06961,LST00110,LST00128,0,medium
TR06962,LST00042,LST00037,0,medium
TR06963,LST00799,LST00803,0,high
TR06964,LST00129,LST00093,0,high
TR06965,LST00095,LST00088,1,low
TR06966,LST00011,LST00025,0,high
TR06967,LST00265,LST00293,0,high
TR06968,LST00437,LST00431,0,low
TR06969,LST00759,LST00788,0,high
TR06970,LST00014,LST00003,0,medium
TR06971,LST00496,LST00505,0,high
TR06972,LST00473,LST00441,0,high
TR06973,LST00019,LST00004,0,medium
TR06974,LST00789,LST00046,0,high
TR06975,LST00232,LST00069,0,high
TR06976,LST00013,LST00091,0,high
TR06977,LST00759,LST00295,0,medium
TR06978,LST00069,LST00054,0,high
TR06979,LST00063,LST00048,0,medium
TR06980,LST00749,LST00016,0,high
TR06981,LST00137,LST00139,1,high
TR06982,LST00005,LST00754,0,low
TR06983,LST00088,LST00075,0,high
TR06984,LST00304,LST00242,0,high
TR06985,LST00109,LST00108,1,high
TR06986,LST00031,LST00065,0,low
TR06987,LST00522,LST00532,0,medium
TR06988,LST00506,LST00442,0,high
TR06989,LST00025,LST00756,0,high
TR06990,LST00708,LST00703,0,high
TR06991,LST00069,LST00043,0,high
TR06992,LST00583,LST00559,0,high
TR06993,LST00051,LST00049,0,high
TR06994,LST00484,LST00505,0,high
TR06995,LST00758,LST00755,1,high
TR06996,LST00108,LST00075,0,high
TR06997,LST00123,LST00097,0,medium
TR06998,LST00571,LST00578,0,high
TR06999,LST00499,LST00493,0,high
TR07000,LST00769,LST00811,0,high
TR07001,LST00817,LST00744,0,high
TR07002,LST00407,LST00397,0,low
TR07003,LST00017,LST00035,0,high
TR07004,LST00749,LST00768,0,high
TR07005,LST00493,LST00446,0,high
TR07006,LST00005,LST00034,0,low
TR07007,LST00040,LST00321,0,high
TR07008,LST00037,LST00011,0,medium
TR07009,LST00007,LST00796,0,high
TR07010,LST00452,LST00445,0,medium
TR07011,LST00171,LST00138,0,low
TR07012,LST00571,LST00591,0,high
TR07013,LST00291,LST00409,0,high
TR07014,LST00270,LST00241,0,high
TR07015,LST00101,LST00102,1,medium
TR07016,LST00698,LST00689,0,low
TR07017,LST00790,LST00062,0,low
TR07018,LST00788,LST00755,0,high
TR07019,LST00212,LST00128,0,high
TR07020,LST00783,LST00562,0,high
TR07021,LST00455,LST00445,0,high
TR07022,LST00010,LST00015,0,high
TR07023,LST00212,LST00828,0,high
TR07024,LST00405,LST00522,0,high
TR07025,LST00785,LST00055,0,high
TR07026,LST00089,LST00074,0,medium
TR07027,LST00137,LST00134,0,low
TR07028,LST00069,LST00129,0,high
TR07029,LST00076,LST00472,0,high
TR07030,LST00630,LST00622,0,low
TR07031,LST00770,LST00629,0,medium
TR07032,LST00639,LST00324,0,high
TR07033,LST00495,LST00498,0,high
TR07034,LST00297,LST00277,0,medium
TR07035,LST00560,LST00564,0,high
TR07036,LST00421,LST00436,0,high
TR07037,LST00023,LST00024,1,high
TR07038,LST00414,LST00417,1,high
TR07039,LST00218,LST00116,0,high
TR07040,LST00246,LST00294,0,high
TR07041,LST00024,LST00105,0,high
TR07042,LST00524,LST00407,0,medium
TR07043,LST00085,LST00081,1,high
TR07044,LST00695,LST00690,0,medium
TR07045,LST00476,LST00505,0,high
TR07046,LST00270,LST00273,1,high
TR07047,LST00301,LST00268,0,high
TR07048,LST00270,LST00298,0,medium
TR07049,LST00811,LST00760,0,high
TR07050,LST00215,LST00446,0,high
TR07051,LST00748,LST00750,1,medium
TR07052,LST00083,LST00042,0,high
TR07053,LST00130,LST00152,0,medium
TR07054,LST00480,LST00481,1,high
TR07055,LST00292,LST00089,0,high
TR07056,LST00047,LST00061,0,high
TR07057,LST00820,LST00823,1,high
TR07058,LST00570,LST00584,0,high
TR07059,LST00038,LST00069,0,high
TR07060,LST00814,LST00098,0,medium
TR07061,LST00041,LST00016,0,high
TR07062,LST00138,LST00163,1,low
TR07063,LST00705,LST00581,0,high
TR07064,LST00758,LST00753,0,high
TR07065,LST00586,LST00571,0,high
TR07066,LST00395,LST00529,0,high
TR07067,LST00321,LST00452,0,high
TR07068,LST00263,LST00294,0,high
TR07069,LST00055,LST00797,0,high
TR07070,LST00815,LST00810,0,high
TR07071,LST00046,LST00056,0,medium
TR07072,LST00811,LST00797,0,high
TR07073,LST00157,LST00132,0,high
TR07074,LST00393,LST00529,0,high
TR07075,LST00069,LST00090,0,high
TR07076,LST00233,LST00230,0,high
TR07077,LST00482,LST00447,0,high
TR07078,LST00578,LST00752,0,medium
TR07079,LST00163,LST00157,0,medium
TR07080,LST00472,LST00446,0,high
TR07081,LST00280,LST00289,0,high
TR07082,LST00245,LST00239,0,high
TR07083,LST00815,LST00757,0,high
TR07084,LST00590,LST00567,0,high
TR07085,LST00751,LST00815,0,high
TR07086,LST00032,LST00027,0,high
TR07087,LST00409,LST00426,0,high
TR07088,LST00011,LST00625,0,high
TR07089,LST00487,LST00477,0,high
TR07090,LST00746,LST00751,0,medium
TR07091,LST00755,LST00031,0,low
TR07092,LST00093,LST00097,0,medium
TR07093,LST00485,LST00492,0,high
TR07094,LST00242,LST00237,0,medium
TR07095,LST00049,LST00076,0,high
TR07096,LST00019,LST00040,0,high
TR07097,LST00290,LST00027,0,high
TR07098,LST00160,LST00151,0,high
TR07099,LST00744,LST00010,0,low
TR07100,LST00824,LST00800,0,medium
TR07101,LST00420,LST00424,0,high
TR07102,LST00047,LST00065,0,medium
TR07103,LST00487,LST00481,0,medium
TR07104,LST00035,LST00047,0,low
TR07105,LST00758,LST00766,0,high
TR07106,LST00637,LST00642,0,medium
TR07107,LST00167,LST00143,0,low
TR07108,LST00057,LST00058,1,medium
TR07109,LST00567,LST00559,1,low
TR07110,LST00138,LST00140,0,medium
TR07111,LST00056,LST00016,0,high
TR07112,LST00114,LST00128,0,medium
TR07113,LST00638,LST00639,1,high
TR07114,LST00093,LST00798,0,high
TR07115,LST00269,LST00246,0,high
TR07116,LST00583,LST00586,1,high
TR07117,LST00272,LST00286,0,medium
TR07118,LST00019,LST00746,0,high
TR07119,LST00324,LST00021,0,high
TR07120,LST00144,LST00139,0,high
TR07121,LST00166,LST00171,0,medium
TR07122,LST00248,LST00261,0,high
TR07123,LST00497,LST00502,0,high
TR07124,LST00476,LST00500,0,high
TR07125,LST00297,LST00280,0,high
TR07126,LST00470,LST00471,1,high
TR07127,LST00576,LST00794,0,high
TR07128,LST00035,LST00025,0,medium
TR07129,LST00142,LST00170,0,medium
TR07130,LST00697,LST00692,0,medium
TR07131,LST00091,LST00111,0,high
TR07132,LST00136,LST00137,1,medium
TR07133,LST00495,LST00492,1,medium
TR07134,LST00746,LST00813,0,high
TR07135,LST00005,LST00015,0,high
TR07136,LST00245,LST00278,0,high
TR07137,LST00062,LST00047,0,high
TR07138,LST00049,LST00056,0,high
TR07139,LST00396,LST00399,0,high
TR07140,LST00749,LST00026,0,high
TR07141,LST00303,LST00289,0,medium
TR07142,LST00437,LST00428,0,medium
TR07143,LST00163,LST00153,0,high
TR07144,LST00451,LST00496,0,high
TR07145,LST00012,LST00760,0,high
TR07146,LST00573,LST00565,0,medium
TR07147,LST00586,LST00590,0,medium
TR07148,LST00035,LST00058,0,high
TR07149,LST00018,LST00066,0,medium
TR07150,LST00526,LST00532,0,high
TR07151,LST00795,LST00805,0,high
TR07152,LST00713,LST00630,0,high
TR07153,LST00106,LST00104,1,medium
TR07154,LST00026,LST00757,0,low
TR07155,LST00087,LST00062,0,medium
TR07156,LST00072,LST00081,0,high
TR07157,LST00299,LST00272,0,medium
TR07158,LST00027,LST00049,0,medium
TR07159,LST00261,LST00256,0,high
TR07160,LST00215,LST00218,1,low
TR07161,LST00527,LST00530,1,high
TR07162,LST00059,LST00068,0,high
TR07163,LST00267,LST00254,0,medium
TR07164,LST00036,LST00321,0,high
TR07165,LST00489,LST00477,0,high
TR07166,LST00427,LST00421,0,high
TR07167,LST00280,LST00299,0,high
TR07168,LST00033,LST00008,0,high
TR07169,LST00029,LST00035,0,low
TR07170,LST00069,LST00227,0,high
TR07171,LST00163,LST00148,0,high
TR07172,LST00128,LST00760,0,high
TR07173,LST00290,LST00276,0,high
TR07174,LST00689,LST00697,0,medium
TR07175,LST00154,LST00163,0,high
TR07176,LST00579,LST00586,0,high
TR07177,LST00441,LST00444,1,high
TR07178,LST00304,LST00275,0,high
TR07179,LST00815,LST00072,0,high
TR07180,LST00573,LST00575,0,high
TR07181,LST00814,LST00812,0,medium
TR07182,LST00060,LST00024,0,low
TR07183,LST00568,LST00572,0,high
TR07184,LST00514,LST00512,1,high
TR07185,LST00784,LST00790,0,medium
TR07186,LST00042,LST00062,0,medium
TR07187,LST00033,LST00004,0,high
TR07188,LST00759,LST00825,0,high
TR07189,LST00483,LST00258,0,high
TR07190,LST00009,LST00760,0,high
TR07191,LST00487,LST00502,0,high
TR07192,LST00499,LST00489,0,high
TR07193,LST00035,LST00041,0,high
TR07194,LST00258,LST00210,0,high
TR07195,LST00266,LST00284,0,high
TR07196,LST00035,LST00065,0,high
TR07197,LST00144,LST00136,0,medium
TR07198,LST00040,LST00047,0,medium
TR07199,LST00561,LST00571,0,high
TR07200,LST00791,LST00053,0,high
TR07201,LST00825,LST00748,0,medium
TR07202,LST00487,LST00497,0,medium
TR07203,LST00393,LST00396,1,high
TR07204,LST00264,LST00257,0,high
TR07205,LST00567,LST00576,0,high
TR07206,LST00795,LST00788,0,high
TR07207,LST00110,LST00099,0,medium
TR07208,LST00243,LST00240,0,low
TR07209,LST00222,LST00128,0,high
TR07210,LST00822,LST00823,1,medium
TR07211,LST00749,LST00110,0,high
TR07212,LST00755,LST00827,0,medium
TR07213,LST00728,LST00730,1,high
TR07214,LST00087,LST00082,0,medium
TR07215,LST00255,LST00266,0,high
TR07216,LST00210,LST00567,0,high
TR07217,LST00007,LST00749,0,high
TR07218,LST00151,LST00152,1,high
TR07219,LST00257,LST00255,1,high
TR07220,LST00798,LST00796,0,high
TR07221,LST00585,LST00563,0,high
TR07222,LST00716,LST00713,1,high
TR07223,LST00566,LST00567,1,high
TR07224,LST00566,LST00576,0,medium
TR07225,LST00282,LST00242,0,high
TR07226,LST00019,LST00751,0,medium
TR07227,LST00809,LST00788,0,high
TR07228,LST00409,LST00440,0,high
TR07229,LST00630,LST00714,0,high
TR07230,LST00625,LST00227,0,high
TR07231,LST00568,LST00215,0,high
TR07232,LST00213,LST00218,0,medium
TR07233,LST00799,LST00791,0,high
TR07234,LST00053,LST00041,0,low
TR07235,LST00018,LST00024,0,high
TR07236,LST00755,LST00012,0,high
TR07237,LST00144,LST00695,0,high
TR07238,LST00168,LST00143,0,low
TR07239,LST00301,LST00293,0,high
TR07240,LST00159,LST00161,1,medium
TR07241,LST00103,LST00766,0,high
TR07242,LST00112,LST00048,0,medium
TR07243,LST00031,LST00063,0,high
TR07244,LST00767,LST00817,0,high
TR07245,LST00561,LST00574,0,high
TR07246,LST00791,LST00794,1,medium
TR07247,LST00022,LST00037,1,low
TR07248,LST00251,LST00821,0,low
TR07249,LST00251,LST00257,0,high
TR07250,LST00134,LST00146,0,high
TR07251,LST00116,LST00102,0,medium
TR07252,LST00305,LST00294,0,high
TR07253,LST00237,LST00262,0,low
TR07254,LST00227,LST00011,0,high
TR07255,LST00325,LST00790,0,high
TR07256,LST00588,LST00573,0,high
TR07257,LST00217,LST00103,0,high
TR07258,LST00024,LST00091,0,high
TR07259,LST00480,LST00485,0,medium
TR07260,LST00022,LST00001,0,high
TR07261,LST00016,LST00028,0,medium
TR07262,LST00443,LST00445,1,high
TR07263,LST00127,LST00128,1,high
TR07264,LST00493,LST00486,0,low
TR07265,LST00035,LST00013,0,high
TR07266,LST00051,LST00111,0,high
TR07267,LST00111,LST00126,0,high
TR07268,LST00759,LST00793,0,high
TR07269,LST00285,LST00283,1,medium
TR07270,LST00009,LST00037,0,low
TR07271,LST00060,LST00036,0,high
TR07272,LST00447,LST00506,0,high
TR07273,LST00798,LST00764,0,high
TR07274,LST00251,LST00259,0,low
TR07275,LST00051,LST00079,0,medium
TR07276,LST00040,LST00828,0,high
TR07277,LST00579,LST00573,0,high
TR07278,LST00828,LST00823,0,high
TR07279,LST00006,LST00004,0,high
TR07280,LST00046,LST00052,0,medium
TR07281,LST00025,LST00759,0,medium
TR07282,LST00583,LST00574,0,high
TR07283,LST00253,LST00258,1,high
TR07284,LST00072,LST00087,0,high
TR07285,LST00087,LST00100,0,high
TR07286,LST00434,LST00437,0,medium
TR07287,LST00300,LST00299,0,low
TR07288,LST00263,LST00258,0,high
TR07289,LST00478,LST00488,0,medium
TR07290,LST00253,LST00256,1,high
TR07291,LST00064,LST00032,0,high
TR07292,LST00258,LST00299,0,low
TR07293,LST00498,LST00477,0,high
TR07294,LST00806,LST00802,1,high
TR07295,LST00587,LST00783,0,low
TR07296,LST00012,LST00009,0,high
TR07297,LST00282,LST00639,0,high
TR07298,LST00484,LST00489,1,high
TR07299,LST00149,LST00162,0,medium
TR07300,LST00454,LST00472,0,high
TR07301,LST00236,LST00270,0,high
TR07302,LST00587,LST00580,0,medium
TR07303,LST00001,LST00067,0,high
TR07304,LST00231,LST00414,0,high
TR07305,LST00752,LST00813,0,high
TR07306,LST00766,LST00630,0,medium
TR07307,LST00640,LST00639,1,high
TR07308,LST00762,LST00716,0,high
TR07309,LST00092,LST00014,0,high
TR07310,LST00411,LST00410,1,high
TR07311,LST00303,LST00269,0,high
TR07312,LST00286,LST00285,1,medium
TR07313,LST00272,LST00270,1,high
TR07314,LST00802,LST00800,0,high
TR07315,LST00136,LST00130,0,high
TR07316,LST00495,LST00444,0,high
TR07317,LST00144,LST00156,0,high
TR07318,LST00076,LST00811,0,medium
TR07319,LST00030,LST00050,0,low
TR07320,LST00087,LST00095,0,medium
TR07321,LST00032,LST00017,0,high
TR07322,LST00014,LST00290,0,high
TR07323,LST00422,LST00428,0,high
TR07324,LST00072,LST00129,0,high
TR07325,LST00034,LST00042,0,high
TR07326,LST00441,LST00446,1,medium
TR07327,LST00816,LST00086,0,high
TR07328,LST00392,LST00525,0,high
TR07329,LST00265,LST00238,0,high
TR07330,LST00210,LST00222,0,high
TR07331,LST00261,LST00243,0,high
TR07332,LST00568,LST00573,0,low
TR07333,LST00042,LST00472,0,high
TR07334,LST00130,LST00145,0,medium
TR07335,LST00826,LST00804,0,high
TR07336,LST00282,LST00580,0,high
TR07337,LST00251,LST00237,0,high
TR07338,LST00792,LST00114,0,high
TR07339,LST00153,LST00170,0,medium
TR07340,LST00066,LST00049,0,medium
TR07341,LST00404,LST00396,0,low
TR07342,LST00015,LST00113,0,high
TR07343,LST00117,LST00127,0,high
TR07344,LST00040,LST00751,0,high
TR07345,LST00110,LST00087,0,high
TR07346,LST00295,LST00269,0,high
TR07347,LST00032,LST00007,0,high
TR07348,LST00804,LST00802,1,high
TR07349,LST00003,LST00021,0,medium
TR07350,LST00030,LST00068,0,low
TR07351,LST00798,LST00804,0,high
TR07352,LST00294,LST00212,0,high
TR07353,LST00004,LST00040,0,low
TR07354,LST00222,LST00211,0,low
TR07355,LST00791,LST00793,1,high
TR07356,LST00572,LST00564,0,high
TR07357,LST00759,LST00745,0,medium
TR07358,LST00626,LST00715,0,high
TR07359,LST00078,LST00073,0,low
TR07360,LST00785,LST00789,0,low
TR07361,LST00561,LST00577,0,medium
TR07362,LST00141,LST00139,0,medium
TR07363,LST00054,LST00043,0,high
TR07364,LST00216,LST00045,0,medium
TR07365,LST00490,LST00453,0,high
TR07366,LST00066,LST00015,0,medium
TR07367,LST00084,LST00081,1,high
TR07368,LST00407,LST00529,0,high
TR07369,LST00818,LST00097,0,low
TR07370,LST00574,LST00562,0,medium
TR07371,LST00502,LST00493,0,high
TR07372,LST00580,LST00214,0,high
TR07373,LST00056,LST00054,1,high
TR07374,LST00800,LST00805,0,low
TR07375,LST00099,LST00113,0,medium
TR07376,LST00130,LST00131,1,high
TR07377,LST00713,LST00768,0,high
TR07378,LST00564,LST00787,0,high
TR07379,LST00443,LST00498,0,high
TR07380,LST00755,LST00757,1,high
TR07381,LST00479,LST00487,0,medium
TR07382,LST00449,LST00451,1,low
TR07383,LST00812,LST00755,0,high
TR07384,LST00746,LST00804,0,high
TR07385,LST00224,LST00223,1,high
TR07386,LST00161,LST00154,0,high
TR07387,LST00144,LST00171,0,high
TR07388,LST00792,LST00784,0,high
TR07389,LST00755,LST00744,0,high
TR07390,LST00140,LST00109,0,high
TR07391,LST00299,LST00281,0,medium
TR07392,LST00120,LST00084,0,high
TR07393,LST00407,LST00531,0,high
TR07394,LST00082,LST00081,1,high
TR07395,LST00266,LST00251,0,high
TR07396,LST00248,LST00237,0,medium
TR07397,LST00727,LST00729,1,high
TR07398,LST00562,LST00573,0,low
TR07399,LST00590,LST00585,0,high
TR07400,LST00216,LST00418,0,high
TR07401,LST00070,LST00016,0,low
TR07402,LST00122,LST00126,0,low
TR07403,LST00077,LST00816,0,medium
TR07404,LST00116,LST00400,0,high
TR07405,LST00731,LST00730,1,high
TR07406,LST00810,LST00748,0,high
TR07407,LST00290,LST00305,0,medium
TR07408,LST00070,LST00049,0,low
TR07409,LST00138,LST00148,0,high
TR07410,LST00036,LST00031,0,high
TR07411,LST00752,LST00768,0,high
TR07412,LST00245,LST00260,0,low
TR07413,LST00026,LST00016,0,high
TR07414,LST00626,LST00630,1,high
TR07415,LST00420,LST00413,0,medium
TR07416,LST00766,LST00258,0,high
TR07417,LST00768,LST00711,0,high
TR07418,LST00078,LST00008,0,medium
TR07419,LST00150,LST00135,0,high
TR07420,LST00033,LST00752,0,low
TR07421,LST00044,LST00092,0,high
TR07422,LST00265,LST00263,0,high
TR07423,LST00788,LST00119,0,high
TR07424,LST00101,LST00077,0,high
TR07425,LST00093,LST00077,0,high
TR07426,LST00580,LST00562,0,high
TR07427,LST00038,LST00106,0,high
TR07428,LST00166,LST00169,0,high
TR07429,LST00485,LST00495,0,medium
TR07430,LST00271,LST00291,0,high
TR07431,LST00052,LST00005,0,high
TR07432,LST00126,LST00125,1,high
TR07433,LST00501,LST00493,0,high
TR07434,LST00587,LST00589,0,high
TR07435,LST00067,LST00055,0,medium
TR07436,LST00759,LST00057,0,high
TR07437,LST00745,LST00767,0,high
TR07438,LST00255,LST00239,0,high
TR07439,LST00751,LST00755,0,medium
TR07440,LST00076,LST00096,0,high
TR07441,LST00285,LST00305,0,high
TR07442,LST00079,LST00074,0,high
TR07443,LST00417,LST00436,0,high
TR07444,LST00452,LST00441,0,medium
TR07445,LST00809,LST00756,0,high
TR07446,LST00138,LST00153,0,medium
TR07447,LST00476,LST00507,0,high
TR07448,LST00004,LST00030,0,high
TR07449,LST00094,LST00097,0,high
TR07450,LST00302,LST00294,0,medium
TR07451,LST00053,LST00044,0,medium
TR07452,LST00286,LST00281,0,medium
TR07453,LST00713,LST00769,0,high
TR07454,LST00810,LST00793,0,medium
TR07455,LST00708,LST00699,0,medium
TR07456,LST00579,LST00580,1,high
TR07457,LST00033,LST00065,0,medium
TR07458,LST00231,LST00439,0,high
TR07459,LST00136,LST00151,0,high
TR07460,LST00476,LST00442,0,low
TR07461,LST00044,LST00128,0,high
TR07462,LST00430,LST00417,0,high
TR07463,LST00811,LST00084,0,high
TR07464,LST00624,LST00628,0,medium
TR07465,LST00744,LST00754,0,medium
TR07466,LST00809,LST00810,1,high
TR07467,LST00009,LST00097,0,high
TR07468,LST00689,LST00576,0,high
TR07469,LST00126,LST00118,0,high
TR07470,LST00298,LST00274,0,low
TR07471,LST00710,LST00587,0,high
TR07472,LST00786,LST00792,0,high
TR07473,LST00156,LST00134,0,medium
TR07474,LST00222,LST00045,0,high
TR07475,LST00585,LST00577,0,high
TR07476,LST00168,LST00130,0,high
TR07477,LST00751,LST00810,0,high
TR07478,LST00268,LST00089,0,high
TR07479,LST00422,LST00424,1,high
TR07480,LST00298,LST00304,0,high
TR07481,LST00428,LST00429,1,high
TR07482,LST00282,LST00259,0,high
TR07483,LST00228,LST00235,0,high
TR07484,LST00075,LST00071,0,high
TR07485,LST00075,LST00212,0,high
TR07486,LST00701,LST00709,0,low
TR07487,LST00143,LST00155,0,high
TR07488,LST00510,LST00512,1,high
TR07489,LST00217,LST00479,0,high
TR07490,LST00433,LST00438,0,high
TR07491,LST00748,LST00021,0,high
TR07492,LST00582,LST00559,0,high
TR07493,LST00491,LST00504,0,high
TR07494,LST00099,LST00092,0,high
TR07495,LST00626,LST00712,0,high
TR07496,LST00298,LST00264,0,high
TR07497,LST00037,LST00752,0,high
TR07498,LST00128,LST00007,0,high
TR07499,LST00502,LST00476,0,high
TR07500,LST00026,LST00009,0,low
TR07501,LST00065,LST00041,0,high
TR07502,LST00160,LST00155,0,high
TR07503,LST00802,LST00770,0,high
TR07504,LST00794,LST00758,0,high
TR07505,LST00092,LST00095,0,high
TR07506,LST00128,LST00748,0,high
TR07507,LST00472,LST00760,0,high
TR07508,LST00703,LST00710,0,high
TR07509,LST00213,LST00013,0,medium
TR07510,LST00784,LST00760,0,high
TR07511,LST00524,LST00526,1,high
TR07512,LST00057,LST00017,0,high
TR07513,LST00770,LST00823,0,medium
TR07514,LST00006,LST00012,0,high
TR07515,LST00747,LST00793,0,high
TR07516,LST00760,LST00015,0,high
TR07517,LST00244,LST00238,0,medium
TR07518,LST00825,LST00245,0,high
TR07519,LST00071,LST00072,1,high
TR07520,LST00017,LST00031,0,medium
TR07521,LST00051,LST00001,0,medium
TR07522,LST00258,LST00250,0,high
TR07523,LST00041,LST00785,0,high
TR07524,LST00529,LST00404,0,high
TR07525,LST00048,LST00034,0,high
TR07526,LST00029,LST00263,0,high
TR07527,LST00580,LST00582,1,medium
TR07528,LST00629,LST00766,0,high
TR07529,LST00400,LST00088,0,high
TR07530,LST00452,LST00446,0,high
TR07531,LST00817,LST00797,0,high
TR07532,LST00028,LST00026,1,high
TR07533,LST00080,LST00074,0,low
TR07534,LST00103,LST00483,0,high
TR07535,LST00574,LST00577,0,medium
TR07536,LST00790,LST00043,0,high
TR07537,LST00796,LST00815,0,high
TR07538,LST00510,LST00517,0,low
TR07539,LST00261,LST00270,0,high
TR07540,LST00123,LST00121,0,low
TR07541,LST00700,LST00707,0,high
TR07542,LST00305,LST00298,0,low
TR07543,LST00804,LST00789,0,high
TR07544,LST00128,LST00025,0,high
TR07545,LST00046,LST00005,0,high
TR07546,LST00048,LST00008,0,high
TR07547,LST00703,LST00705,1,low
TR07548,LST00145,LST00133,0,medium
TR07549,LST00020,LST00019,0,high
TR07550,LST00051,LST00076,0,high
TR07551,LST00411,LST00427,0,high
TR07552,LST00763,LST00789,0,high
TR07553,LST00119,LST00086,0,high
TR07554,LST00232,LST00233,1,high
TR07555,LST00076,LST00059,0,high
TR07556,LST00252,LST00248,1,high
TR07557,LST00747,LST00027,0,medium
TR07558,LST00495,LST00499,0,high
TR07559,LST00259,LST00246,0,high
TR07560,LST00802,LST00798,0,medium
TR07561,LST00744,LST00791,0,high
TR07562,LST00228,LST00227,1,low
TR07563,LST00090,LST00073,0,low
TR07564,LST00057,LST00102,0,high
TR07565,LST00045,LST00028,0,high
TR07566,LST00131,LST00171,0,medium
TR07567,LST00818,LST00768,0,high
TR07568,LST00279,LST00276,1,high
TR07569,LST00286,LST00304,0,medium
TR07570,LST00075,LST00086,0,high
TR07571,LST00622,LST00765,0,low
TR07572,LST00112,LST00017,0,medium
TR07573,LST00003,LST00745,0,high
TR07574,LST00436,LST00423,0,high
TR07575,LST00578,LST00559,0,high
TR07576,LST00630,LST00625,0,high
TR07577,LST00005,LST00059,0,high
TR07578,LST00275,LST00286,0,high
TR07579,LST00104,LST00071,0,high
TR07580,LST00486,LST00446,0,high
TR07581,LST00281,LST00285,0,medium
TR07582,LST00492,LST00491,1,medium
TR07583,LST00052,LST00112,0,high
TR07584,LST00040,LST00059,0,medium
TR07585,LST00129,LST00120,0,high
TR07586,LST00282,LST00247,0,high
TR07587,LST00025,LST00020,0,high
TR07588,LST00747,LST00748,1,high
TR07589,LST00165,LST00156,0,high
TR07590,LST00064,LST00047,0,medium
TR07591,LST00408,LST00416,0,high
TR07592,LST00760,LST00756,0,medium
TR07593,LST00587,LST00588,0,high
TR07594,LST00323,LST00325,1,high
TR07595,LST00060,LST00068,0,medium
TR07596,LST00121,LST00059,0,high
TR07597,LST00786,LST00797,0,medium
TR07598,LST00275,LST00273,1,medium
TR07599,LST00294,LST00300,0,high
TR07600,LST00059,LST00793,0,high
TR07601,LST00626,LST00628,1,high
TR07602,LST00495,LST00482,0,high
TR07603,LST00020,LST00120,0,high
TR07604,LST00073,LST00036,0,high
TR07605,LST00305,LST00300,1,high
TR07606,LST00758,LST00034,0,high
TR07607,LST00271,LST00262,0,high
TR07608,LST00241,LST00280,0,medium
TR07609,LST00135,LST00162,0,high
TR07610,LST00751,LST00003,0,low
TR07611,LST00828,LST00814,0,high
TR07612,LST00627,LST00628,1,high
TR07613,LST00215,LST00294,0,high
TR07614,LST00576,LST00708,0,low
TR07615,LST00075,LST00089,0,high
TR07616,LST00249,LST00261,0,medium
TR07617,LST00102,LST00106,0,medium
TR07618,LST00241,LST00267,0,high
TR07619,LST00271,LST00300,0,high
TR07620,LST00097,LST00086,0,high
TR07621,LST00040,LST00017,0,medium
TR07622,LST00750,LST00810,0,high
TR07623,LST00076,LST00097,0,high
TR07624,LST00486,LST00500,0,high
TR07625,LST00147,LST00149,1,high
TR07626,LST00819,LST00790,0,high
TR07627,LST00560,LST00569,0,medium
TR07628,LST00067,LST00057,0,low
TR07629,LST00144,LST00169,0,high
TR07630,LST00255,LST00824,0,high
TR07631,LST00242,LST00821,0,medium
TR07632,LST00042,LST00070,0,medium
TR07633,LST00574,LST00571,1,high
TR07634,LST00403,LST00529,0,high
TR07635,LST00815,LST00818,1,medium
TR07636,LST00812,LST00759,0,high
TR07637,LST00003,LST00758,0,medium
TR07638,LST00003,LST00068,0,medium
TR07639,LST00106,LST00105,1,high
TR07640,LST00023,LST00751,0,high
TR07641,LST00281,LST00273,0,high
TR07642,LST00278,LST00257,0,high
TR07643,LST00492,LST00493,1,high
TR07644,LST00592,LST00258,0,high
TR07645,LST00625,LST00132,0,high
TR07646,LST00275,LST00295,0,high
TR07647,LST00286,LST00302,0,high
TR07648,LST00006,LST00035,0,medium
TR07649,LST00768,LST00697,0,medium
TR07650,LST00529,LST00526,0,high
TR07651,LST00805,LST00799,0,low
TR07652,LST00128,LST00751,0,low
TR07653,LST00713,LST00763,0,high
TR07654,LST00818,LST00078,0,high
TR07655,LST00243,LST00264,0,medium
TR07656,LST00708,LST00707,1,high
TR07657,LST00224,LST00228,0,high
TR07658,LST00698,LST00695,1,high
TR07659,LST00037,LST00751,0,medium
TR07660,LST00410,LST00424,0,high
TR07661,LST00216,LST00221,0,high
TR07662,LST00295,LST00273,0,medium
TR07663,LST00150,LST00141,0,high
TR07664,LST00510,LST00515,1,high
TR07665,LST00287,LST00247,0,high
TR07666,LST00745,LST00760,0,high
TR07667,LST00488,LST00489,1,low
TR07668,LST00012,LST00046,0,medium
TR07669,LST00057,LST00044,0,medium
TR07670,LST00041,LST00033,0,high
TR07671,LST00055,LST00069,0,medium
TR07672,LST00449,LST00455,0,low
TR07673,LST00164,LST00133,0,high
TR07674,LST00043,LST00050,0,high
TR07675,LST00752,LST00697,0,high
TR07676,LST00755,LST00009,0,high
TR07677,LST00035,LST00036,1,high
TR07678,LST00062,LST00020,0,high
TR07679,LST00031,LST00034,1,high
TR07680,LST00489,LST00448,0,high
TR07681,LST00496,LST00502,0,high
TR07682,LST00291,LST00261,0,high
TR07683,LST00036,LST00030,0,high
TR07684,LST00418,LST00437,0,high
TR07685,LST00754,LST00012,0,high
TR07686,LST00044,LST00061,1,low
TR07687,LST00797,LST00783,1,low
TR07688,LST00084,LST00530,0,high
TR07689,LST00418,LST00639,0,high
TR07690,LST00301,LST00300,1,medium
TR07691,LST00070,LST00013,0,low
TR07692,LST00577,LST00588,0,high
TR07693,LST00439,LST00477,0,high
TR07694,LST00153,LST00150,1,medium
TR07695,LST00818,LST00811,0,medium
TR07696,LST00628,LST00763,0,low
TR07697,LST00027,LST00059,0,high
TR07698,LST00324,LST00785,0,high
TR07699,LST00286,LST00301,0,high
TR07700,LST00237,LST00259,0,low
TR07701,LST00560,LST00584,0,high
TR07702,LST00421,LST00409,0,high
TR07703,LST00073,LST00003,0,high
TR07704,LST00079,LST00400,0,high
TR07705,LST00056,LST00783,0,high
TR07706,LST00568,LST00561,0,high
TR07707,LST00239,LST00249,0,high
TR07708,LST00114,LST00109,0,medium
TR07709,LST00440,LST00436,1,high
TR07710,LST00523,LST00400,0,high
TR07711,LST00074,LST00072,1,high
TR07712,LST00033,LST00022,0,high
TR07713,LST00810,LST00088,0,medium
TR07714,LST00163,LST00140,0,high
TR07715,LST00583,LST00562,0,high
TR07716,LST00150,LST00147,0,medium
TR07717,LST00226,LST00223,0,high
TR07718,LST00055,LST00057,0,medium
TR07719,LST00784,LST00797,0,low
TR07720,LST00001,LST00050,0,high
TR07721,LST00488,LST00486,1,high
TR07722,LST00532,LST00399,0,high
TR07723,LST00481,LST00479,1,medium
TR07724,LST00744,LST00099,0,high
TR07725,LST00090,LST00089,1,low
TR07726,LST00815,LST00789,0,medium
TR07727,LST00404,LST00399,0,medium
TR07728,LST00491,LST00503,0,high
TR07729,LST00067,LST00063,0,low
TR07730,LST00034,LST00054,0,low
TR07731,LST00501,LST00492,0,high
TR07732,LST00160,LST00167,0,high
TR07733,LST00242,LST00251,0,low
TR07734,LST00114,LST00103,0,high
TR07735,LST00627,LST00714,0,low
TR07736,LST00060,LST00057,1,high
TR07737,LST00040,LST00065,0,high
TR07738,LST00168,LST00133,0,low
TR07739,LST00117,LST00008,0,high
TR07740,LST00263,LST00240,0,high
TR07741,LST00071,LST00103,0,high
TR07742,LST00063,LST00041,0,medium
TR07743,LST00582,LST00574,0,high
TR07744,LST00530,LST00397,0,high
TR07745,LST00753,LST00744,0,high
TR07746,LST00006,LST00036,0,medium
TR07747,LST00265,LST00295,0,high
TR07748,LST00714,LST00716,1,high
TR07749,LST00057,LST00043,0,medium
TR07750,LST00585,LST00560,0,high
TR07751,LST00074,LST00088,0,medium
TR07752,LST00824,LST00803,0,high
TR07753,LST00296,LST00246,0,high
TR07754,LST00704,LST00709,0,low
TR07755,LST00477,LST00475,1,high
TR07756,LST00421,LST00413,0,medium
TR07757,LST00747,LST00746,0,high
TR07758,LST00814,LST00758,0,high
TR07759,LST00791,LST00056,0,high
TR07760,LST00302,LST00272,0,high
TR07761,LST00504,LST00507,0,high
TR07762,LST00432,LST00437,0,low
TR07763,LST00113,LST00010,0,low
TR07764,LST00115,LST00074,0,high
TR07765,LST00302,LST00270,0,medium
TR07766,LST00269,LST00272,0,high
TR07767,LST00115,LST00117,1,low
TR07768,LST00131,LST00141,0,high
TR07769,LST00043,LST00064,0,high
TR07770,LST00394,LST00407,0,medium
TR07771,LST00120,LST00122,0,medium
TR07772,LST00030,LST00324,0,high
TR07773,LST00027,LST00271,0,high
TR07774,LST00432,LST00420,0,high
TR07775,LST00114,LST00088,0,high
TR07776,LST00507,LST00475,0,high
TR07777,LST00001,LST00008,0,high
TR07778,LST00014,LST00009,0,medium
TR07779,LST00789,LST00791,1,high
TR07780,LST00566,LST00787,0,high
TR07781,LST00791,LST00034,0,high
TR07782,LST00393,LST00405,0,high
TR07783,LST00129,LST00121,0,high
TR07784,LST00804,LST00817,0,high
TR07785,LST00479,LST00503,0,high
TR07786,LST00101,LST00121,0,high
TR07787,LST00294,LST00324,0,high
TR07788,LST00785,LST00043,0,high
TR07789,LST00277,LST00278,1,high
TR07790,LST00001,LST00018,0,medium
TR07791,LST00236,LST00272,0,high
TR07792,LST00079,LST00078,0,high
TR07793,LST00726,LST00724,0,medium
TR07794,LST00511,LST00512,1,high
TR07795,LST00454,LST00451,0,medium
TR07796,LST00478,LST00494,0,medium
TR07797,LST00271,LST00279,0,high
TR07798,LST00270,LST00266,0,high
TR07799,LST00217,LST00109,0,high
TR07800,LST00063,LST00082,0,high
TR07801,LST00761,LST00629,0,medium
TR07802,LST00002,LST00047,0,medium
TR07803,LST00812,LST00809,1,high
TR07804,LST00783,LST00060,0,high
TR07805,LST00630,LST00132,0,high
TR07806,LST00228,LST00573,0,high
TR07807,LST00237,LST00236,1,high
TR07808,LST00399,LST00401,0,high
TR07809,LST00757,LST00759,0,low
TR07810,LST00302,LST00301,1,high
TR07811,LST00121,LST00112,0,high
TR07812,LST00289,LST00263,0,high
TR07813,LST00482,LST00476,0,low
TR07814,LST00477,LST00232,0,medium
TR07815,LST00239,LST00820,0,medium
TR07816,LST00056,LST00043,0,low
TR07817,LST00783,LST00581,0,high
TR07818,LST00454,LST00444,0,high
TR07819,LST00290,LST00013,0,high
TR07820,LST00010,LST00754,0,high
TR07821,LST00760,LST00748,0,high
TR07822,LST00524,LST00393,0,high
TR07823,LST00006,LST00112,0,high
TR07824,LST00239,LST00262,0,medium
TR07825,LST00083,LST00090,0,high
TR07826,LST00703,LST00706,1,high
TR07827,LST00400,LST00392,0,high
TR07828,LST00274,LST00295,0,high
TR07829,LST00248,LST00243,0,medium
TR07830,LST00507,LST00505,1,high
TR07831,LST00443,LST00489,0,high
TR07832,LST00766,LST00434,0,high
TR07833,LST00025,LST00325,0,medium
TR07834,LST00272,LST00283,0,high
TR07835,LST00495,LST00497,1,high
TR07836,LST00015,LST00008,0,medium
TR07837,LST00278,LST00280,1,medium
TR07838,LST00297,LST00281,0,high
TR07839,LST00029,LST00001,0,medium
TR07840,LST00038,LST00050,0,medium
TR07841,LST00791,LST00066,0,medium
TR07842,LST00630,LST00414,0,medium
TR07843,LST00254,LST00266,0,high
TR07844,LST00102,LST00105,0,high
TR07845,LST00139,LST00160,0,high
TR07846,LST00448,LST00473,0,high
TR07847,LST00066,LST00068,1,low
TR07848,LST00592,LST00588,1,high
TR07849,LST00421,LST00419,0,high
TR07850,LST00754,LST00749,0,high
TR07851,LST00506,LST00488,0,high
TR07852,LST00769,LST00761,0,medium
TR07853,LST00119,LST00042,0,high
TR07854,LST00165,LST00161,0,high
TR07855,LST00041,LST00032,0,high
TR07856,LST00040,LST00031,0,high
TR07857,LST00504,LST00492,0,high
TR07858,LST00010,LST00065,0,medium
TR07859,LST00819,LST00820,1,high
TR07860,LST00766,LST00623,0,low
TR07861,LST00802,LST00803,1,high
TR07862,LST00109,LST00119,0,high
TR07863,LST00593,LST00586,0,high
TR07864,LST00273,LST00284,0,high
TR07865,LST00016,LST00759,0,medium
TR07866,LST00812,LST00817,0,medium
TR07867,LST00589,LST00588,1,high
TR07868,LST00037,LST00098,0,high
TR07869,LST00037,LST00055,0,medium
TR07870,LST00304,LST00291,0,high
TR07871,LST00147,LST00165,0,high
TR07872,LST00451,LST00448,1,high
TR07873,LST00300,LST00252,0,high
TR07874,LST00324,LST00116,0,high
TR07875,LST00424,LST00430,0,high
TR07876,LST00118,LST00124,0,low
TR07877,LST00321,LST00568,0,high
TR07878,LST00039,LST00121,0,high
TR07879,LST00637,LST00643,0,medium
TR07880,LST00801,LST00805,1,high
TR07881,LST00815,LST00689,0,high
TR07882,LST00100,LST00102,1,high
TR07883,LST00020,LST00049,0,high
TR07884,LST00753,LST00759,0,high
TR07885,LST00023,LST00037,0,low
TR07886,LST00042,LST00089,0,high
TR07887,LST00076,LST00813,0,high
TR07888,LST00422,LST00436,0,high
TR07889,LST00027,LST00004,0,high
TR07890,LST00443,LST00474,0,high
TR07891,LST00295,LST00267,0,medium
TR07892,LST00758,LST00036,0,high
TR07893,LST00500,LST00483,0,high
TR07894,LST00561,LST00586,0,medium
TR07895,LST00240,LST00238,0,low
TR07896,LST00818,LST00083,0,medium
TR07897,LST00298,LST00286,0,high
TR07898,LST00285,LST00284,1,high
TR07899,LST00023,LST00745,0,low
TR07900,LST00789,LST00063,0,high
TR07901,LST00442,LST00453,0,low
TR07902,LST00762,LST00764,1,high
TR07903,LST00750,LST00818,0,high
TR07904,LST00498,LST00482,0,high
TR07905,LST00566,LST00573,0,medium
TR07906,LST00165,LST00169,0,medium
TR07907,LST00094,LST00412,0,high
TR07908,LST00745,LST00016,1,low
TR07909,LST00705,LST00562,0,high
TR07910,LST00052,LST00031,0,low
TR07911,LST00790,LST00787,0,high
TR07912,LST00476,LST00478,0,medium
TR07913,LST00278,LST00479,0,high
TR07914,LST00019,LST00080,0,high
TR07915,LST00007,LST00005,0,low
TR07916,LST00590,LST00588,1,high
TR07917,LST00269,LST00298,0,high
TR07918,LST00584,LST00582,0,medium
TR07919,LST00820,LST00244,0,medium
TR07920,LST00823,LST00799,0,high
TR07921,LST00260,LST00271,0,high
TR07922,LST00796,LST00767,0,high
TR07923,LST00770,LST00622,0,medium
TR07924,LST00260,LST00289,0,low
TR07925,LST00125,LST00097,0,high
TR07926,LST00814,LST00087,0,high
TR07927,LST00011,LST00015,0,low
TR07928,LST00081,LST00078,0,low
TR07929,LST00092,LST00078,0,medium
TR07930,LST00392,LST00401,0,low
TR07931,LST00825,LST00797,0,high
TR07932,LST00274,LST00249,0,high
TR07933,LST00493,LST00482,0,high
TR07934,LST00072,LST00077,0,medium
TR07935,LST00297,LST00237,0,high
TR07936,LST00821,LST00253,0,low
TR07937,LST00038,LST00105,0,high
TR07938,LST00165,LST00325,0,high
TR07939,LST00099,LST00321,0,high
TR07940,LST00480,LST00492,0,low
TR07941,LST00033,LST00094,0,medium
TR07942,LST00715,LST00766,0,high
TR07943,LST00029,LST00042,0,high
TR07944,LST00094,LST00093,1,high
TR07945,LST00494,LST00482,0,high
TR07946,LST00076,LST00079,0,low
TR07947,LST00261,LST00242,0,medium
TR07948,LST00296,LST00244,0,high
TR07949,LST00126,LST00580,0,high
TR07950,LST00399,LST00530,0,high
TR07951,LST00705,LST00709,0,high
TR07952,LST00075,LST00065,0,high
TR07953,LST00792,LST00794,1,high
TR07954,LST00796,LST00749,0,high
TR07955,LST00304,LST00283,0,high
TR07956,LST00105,LST00075,0,high
TR07957,LST00026,LST00041,0,medium
TR07958,LST00093,LST00282,0,medium
TR07959,LST00489,LST00482,0,medium
TR07960,LST00025,LST00024,0,medium
TR07961,LST00745,LST00820,0,high
TR07962,LST00095,LST00098,1,high
TR07963,LST00583,LST00570,0,high
TR07964,LST00053,LST00783,0,low
TR07965,LST00821,LST00758,0,high
TR07966,LST00755,LST00754,1,high
TR07967,LST00747,LST00003,0,high
TR07968,LST00764,LST00761,1,medium
TR07969,LST00167,LST00131,0,high
TR07970,LST00052,LST00227,0,high
TR07971,LST00763,LST00770,0,medium
TR07972,LST00405,LST00406,1,high
TR07973,LST00525,LST00531,0,high
TR07974,LST00011,LST00785,0,medium
TR07975,LST00282,LST00246,0,high
TR07976,LST00128,LST00784,0,high
TR07977,LST00134,LST00171,0,high
TR07978,LST00504,LST00503,1,high
TR07979,LST00762,LST00808,0,high
TR07980,LST00299,LST00276,0,low
TR07981,LST00047,LST00051,0,medium
TR07982,LST00518,LST00511,0,high
TR07983,LST00824,LST00826,0,high
TR07984,LST00128,LST00119,0,high
TR07985,LST00747,LST00108,0,high
TR07986,LST00527,LST00523,0,high
TR07987,LST00261,LST00259,1,high
TR07988,LST00695,LST00229,0,medium
TR07989,LST00757,LST00025,0,high
TR07990,LST00242,LST00820,0,high
TR07991,LST00399,LST00395,0,low
TR07992,LST00627,LST00630,1,high
TR07993,LST00745,LST00029,0,medium
TR07994,LST00264,LST00255,0,high
TR07995,LST00624,LST00629,0,medium
TR07996,LST00453,LST00451,0,high
TR07997,LST00487,LST00416,0,high
TR07998,LST00104,LST00114,0,high
TR07999,LST00441,LST00451,0,high
TR08000,LST00029,LST00760,0,high
TR08001,LST00046,LST00067,0,high
TR08002,LST00039,LST00016,0,high
TR08003,LST00029,LST00016,0,high
TR08004,LST00514,LST00513,1,medium
TR08005,LST00426,LST00411,0,high
TR08006,LST00486,LST00506,0,medium
TR08007,LST00506,LST00478,0,high
TR08008,LST00752,LST00747,1,high
TR08009,LST00394,LST00528,0,high
TR08010,LST00438,LST00439,1,high
TR08011,LST00223,LST00225,1,medium
TR08012,LST00059,LST00058,1,high
TR08013,LST00496,LST00489,0,high
TR08014,LST00294,LST00292,1,high
TR08015,LST00569,LST00216,0,high
TR08016,LST00396,LST00406,0,medium
TR08017,LST00140,LST00143,1,high
TR08018,LST00812,LST00075,0,medium
TR08019,LST00751,LST00748,1,medium
TR08020,LST00063,LST00796,0,medium
TR08021,LST00814,LST00817,1,medium
TR08022,LST00010,LST00008,1,high
TR08023,LST00442,LST00447,1,high
TR08024,LST00019,LST00021,0,medium
TR08025,LST00139,LST00168,0,high
TR08026,LST00406,LST00529,0,high
TR08027,LST00702,LST00815,0,high
TR08028,LST00751,LST00752,1,high
TR08029,LST00267,LST00282,0,high
TR08030,LST00411,LST00430,0,high
TR08031,LST00045,LST00090,0,high
TR08032,LST00810,LST00746,0,high
TR08033,LST00628,LST00716,0,medium
TR08034,LST00428,LST00418,0,high
TR08035,LST00069,LST00068,1,high
TR08036,LST00126,LST00045,0,high
TR08037,LST00795,LST00792,0,medium
TR08038,LST00142,LST00147,0,high
TR08039,LST00100,LST00119,0,high
TR08040,LST00417,LST00440,0,high
TR08041,LST00582,LST00586,0,high
TR08042,LST00010,LST00082,0,medium
TR08043,LST00001,LST00017,0,medium
TR08044,LST00792,LST00043,0,medium
TR08045,LST00434,LST00427,0,medium
TR08046,LST00022,LST00758,0,low
TR08047,LST00715,LST00627,0,high
TR08048,LST00033,LST00085,0,medium
TR08049,LST00003,LST00752,0,medium
TR08050,LST00087,LST00812,0,high
TR08051,LST00007,LST00006,1,high
TR08052,LST00257,LST00239,0,high
TR08053,LST00211,LST00216,0,high
TR08054,LST00094,LST00430,0,medium
TR08055,LST00761,LST00624,0,high
TR08056,LST00083,LST00087,0,medium
TR08057,LST00744,LST00812,0,high
TR08058,LST00121,LST00115,0,high
TR08059,LST00028,LST00057,0,high
TR08060,LST00230,LST00223,0,low
TR08061,LST00009,LST00021,0,high
TR08062,LST00241,LST00824,0,low
TR08063,LST00253,LST00261,0,medium
TR08064,LST00039,LST00017,0,high
TR08065,LST00081,LST00122,0,high
TR08066,LST00242,LST00259,0,high
TR08067,LST00714,LST00623,0,high
TR08068,LST00415,LST00414,1,medium
TR08069,LST00399,LST00527,0,high
TR08070,LST00531,LST00521,0,high
TR08071,LST00494,LST00504,0,high
TR08072,LST00039,LST00004,0,medium
TR08073,LST00630,LST00223,0,high
TR08074,LST00753,LST00798,0,high
TR08075,LST00754,LST00811,0,high
TR08076,LST00454,LST00499,0,high
TR08077,LST00427,LST00439,0,low
TR08078,LST00795,LST00059,0,high
TR08079,LST00248,LST00256,0,high
TR08080,LST00117,LST00116,1,high
TR08081,LST00013,LST00036,0,medium
TR08082,LST00283,LST00282,0,high
TR08083,LST00005,LST00004,1,high
TR08084,LST00106,LST00043,0,high
TR08085,LST00515,LST00517,0,high
TR08086,LST00757,LST00024,0,medium
TR08087,LST00003,LST00062,0,high
TR08088,LST00486,LST00482,0,high
TR08089,LST00240,LST00827,0,high
TR08090,LST00408,LST00433,0,high
TR08091,LST00163,LST00171,0,medium
TR08092,LST00259,LST00271,0,high
TR08093,LST00470,LST00454,0,high
TR08094,LST00785,LST00061,0,medium
TR08095,LST00489,LST00498,0,high
TR08096,LST00517,LST00514,0,medium
TR08097,LST00036,LST00026,0,medium
TR08098,LST00164,LST00138,0,low
TR08099,LST00149,LST00164,0,medium
TR08100,LST00784,LST00053,0,high
TR08101,LST00299,LST00247,0,high
TR08102,LST00321,LST00400,0,high
TR08103,LST00806,LST00798,0,low
TR08104,LST00004,LST00013,0,high
TR08105,LST00094,LST00086,1,low
TR08106,LST00133,LST00162,0,high
TR08107,LST00247,LST00819,0,medium
TR08108,LST00266,LST00287,0,high
TR08109,LST00154,LST00167,0,high
TR08110,LST00759,LST00800,0,high
TR08111,LST00130,LST00169,0,high
TR08112,LST00445,LST00502,0,high
TR08113,LST00819,LST00761,0,high
TR08114,LST00784,LST00759,0,high
TR08115,LST00422,LST00421,1,medium
TR08116,LST00050,LST00797,0,high
TR08117,LST00042,LST00105,0,high
TR08118,LST00029,LST00427,0,high
TR08119,LST00588,LST00579,0,medium
TR08120,LST00042,LST00026,0,high
TR08121,LST00011,LST00414,0,low
TR08122,LST00051,LST00070,0,high
TR08123,LST00797,LST00815,0,high
TR08124,LST00100,LST00107,0,high
TR08125,LST00794,LST00748,0,high
TR08126,LST00814,LST00813,1,medium
TR08127,LST00497,LST00507,0,high
TR08128,LST00093,LST00400,0,high
TR08129,LST00118,LST00122,0,high
TR08130,LST00107,LST00110,0,medium
TR08131,LST00564,LST00591,0,high
TR08132,LST00264,LST00241,0,high
TR08133,LST00805,LST00806,1,high
TR08134,LST00278,LST00434,0,high
TR08135,LST00293,LST00237,0,high
TR08136,LST00521,LST00392,0,high
TR08137,LST00408,LST00432,0,high
TR08138,LST00445,LST00472,0,high
TR08139,LST00015,LST00759,0,high
TR08140,LST00052,LST00045,0,high
TR08141,LST00454,LST00453,1,high
TR08142,LST00100,LST00110,0,medium
TR08143,LST00627,LST00767,0,medium
TR08144,LST00719,LST00721,1,medium
TR08145,LST00514,LST00511,1,high
TR08146,LST00095,LST00809,0,high
TR08147,LST00570,LST00582,0,high
TR08148,LST00814,LST00076,0,medium
TR08149,LST00764,LST00713,0,high
TR08150,LST00117,LST00125,0,medium
TR08151,LST00229,LST00233,0,high
TR08152,LST00575,LST00591,0,high
TR08153,LST00744,LST00798,0,low
TR08154,LST00028,LST00008,0,high
TR08155,LST00508,LST00501,0,high
TR08156,LST00273,LST00296,0,high
TR08157,LST00692,LST00696,0,high
TR08158,LST00427,LST00413,0,high
TR08159,LST00092,LST00070,0,high
TR08160,LST00095,LST00094,0,high
TR08161,LST00302,LST00292,0,medium
TR08162,LST00593,LST00590,1,high
TR08163,LST00530,LST00529,1,high
TR08164,LST00144,LST00165,0,high
TR08165,LST00278,LST00279,1,high
TR08166,LST00062,LST00031,0,medium
TR08167,LST00761,LST00627,0,medium
TR08168,LST00819,LST00823,1,medium
TR08169,LST00161,LST00144,0,high
TR08170,LST00140,LST00156,0,medium
TR08171,LST00266,LST00244,0,high
TR08172,LST00747,LST00790,0,high
TR08173,LST00071,LST00081,0,high
TR08174,LST00473,LST00804,0,medium
TR08175,LST00404,LST00398,0,medium
TR08176,LST00809,LST00824,0,high
TR08177,LST00811,LST00080,0,high
TR08178,LST00477,LST00500,0,high
TR08179,LST00074,LST00061,0,high
TR08180,LST00750,LST00792,0,high
TR08181,LST00279,LST00286,0,low
TR08182,LST00286,LST00288,1,high
TR08183,LST00052,LST00228,0,high
TR08184,LST00639,LST00215,0,high
TR08185,LST00050,LST00101,0,medium
TR08186,LST00392,LST00394,1,high
TR08187,LST00575,LST00583,0,high
TR08188,LST00792,LST00109,0,high
TR08189,LST00435,LST00424,0,high
TR08190,LST00571,LST00593,0,high
TR08191,LST00276,LST00273,0,medium
TR08192,LST00585,LST00578,0,high
TR08193,LST00096,LST00047,0,high
TR08194,LST00227,LST00138,0,high
TR08195,LST00295,LST00290,1,high
TR08196,LST00011,LST00024,0,high
TR08197,LST00224,LST00052,0,high
TR08198,LST00298,LST00281,0,medium
TR08199,LST00055,LST00054,1,low
TR08200,LST00085,LST00041,0,high
TR08201,LST00754,LST00812,0,medium
TR08202,LST00138,LST00132,0,medium
TR08203,LST00521,LST00523,1,high
TR08204,LST00130,LST00141,0,low
TR08205,LST00274,LST00272,1,high
TR08206,LST00286,LST00266,0,high
TR08207,LST00580,LST00575,0,high
TR08208,LST00821,LST00827,0,medium
TR08209,LST00246,LST00289,0,high
TR08210,LST00128,LST00324,0,high
TR08211,LST00565,LST00324,0,high
TR08212,LST00820,LST00769,0,high
TR08213,LST00482,LST00505,0,high
TR08214,LST00287,LST00244,0,high
TR08215,LST00570,LST00567,0,high
TR08216,LST00746,LST00042,0,high
TR08217,LST00147,LST00133,0,high
TR08218,LST00080,LST00818,0,high
TR08219,LST00089,LST00012,0,high
TR08220,LST00566,LST00563,1,high
TR08221,LST00032,LST00001,0,high
TR08222,LST00024,LST00081,0,high
TR08223,LST00151,LST00167,0,high
TR08224,LST00822,LST00762,0,high
TR08225,LST00013,LST00263,0,high
TR08226,LST00492,LST00489,0,medium
TR08227,LST00047,LST00025,0,high
TR08228,LST00090,LST00032,0,high
TR08229,LST00447,LST00474,0,high
TR08230,LST00504,LST00441,0,high
TR08231,LST00580,LST00432,0,high
TR08232,LST00586,LST00589,0,high
TR08233,LST00047,LST00056,0,medium
TR08234,LST00519,LST00514,0,high
TR08235,LST00760,LST00033,0,high
TR08236,LST00745,LST00747,0,medium
TR08237,LST00791,LST00790,1,high
TR08238,LST00046,LST00472,0,high
TR08239,LST00299,LST00253,0,high
TR08240,LST00434,LST00210,0,high
TR08241,LST00006,LST00038,0,low
TR08242,LST00791,LST00786,0,high
TR08243,LST00823,LST00826,0,medium
TR08244,LST00054,LST00005,0,medium
TR08245,LST00055,LST00013,0,medium
TR08246,LST00562,LST00572,0,high
TR08247,LST00590,LST00582,0,high
TR08248,LST00810,LST00094,0,high
TR08249,LST00752,LST00576,0,high
TR08250,LST00014,LST00010,0,medium
TR08251,LST00017,LST00034,0,medium
TR08252,LST00806,LST00821,0,high
TR08253,LST00252,LST00257,0,medium
TR08254,LST00215,LST00216,1,high
TR08255,LST00012,LST00039,0,high
TR08256,LST00255,LST00237,0,high
TR08257,LST00270,LST00294,0,high
TR08258,LST00798,LST00755,0,high
TR08259,LST00153,LST00141,0,medium
TR08260,LST00441,LST00493,0,high
TR08261,LST00745,LST00796,0,high
TR08262,LST00103,LST00479,0,high
TR08263,LST00121,LST00100,0,high
TR08264,LST00259,LST00285,0,medium
TR08265,LST00500,LST00475,0,high
TR08266,LST00763,LST00744,0,high
TR08267,LST00121,LST00114,0,medium
TR08268,LST00081,LST00045,0,high
TR08269,LST00117,LST00112,0,high
TR08270,LST00078,LST00086,0,medium
TR08271,LST00498,LST00494,0,high
TR08272,LST00236,LST00287,0,high
TR08273,LST00076,LST00798,0,high
TR08274,LST00272,LST00288,0,low
TR08275,LST00752,LST00814,0,high
TR08276,LST00036,LST00119,0,medium
TR08277,LST00301,LST00265,0,high
TR08278,LST00804,LST00805,1,medium
TR08279,LST00287,LST00303,0,high
TR08280,LST00127,LST00113,0,medium
TR08281,LST00094,LST00322,0,high
TR08282,LST00767,LST00622,0,high
TR08283,LST00104,LST00108,1,high
TR08284,LST00828,LST00824,0,high
TR08285,LST00813,LST00757,0,high
TR08286,LST00251,LST00267,0,high
TR08287,LST00813,LST00798,0,high
TR08288,LST00470,LST00441,0,high
TR08289,LST00531,LST00530,1,high
TR08290,LST00270,LST00264,0,high
TR08291,LST00476,LST00496,0,high
TR08292,LST00797,LST00819,0,high
TR08293,LST00260,LST00256,0,medium
TR08294,LST00277,LST00255,0,high
TR08295,LST00749,LST00747,1,high
TR08296,LST00783,LST00796,0,high
TR08297,LST00004,LST00046,0,high
TR08298,LST00276,LST00265,0,high
TR08299,LST00270,LST00271,1,medium
TR08300,LST00045,LST00795,0,high
TR08301,LST00766,LST00109,0,low
TR08302,LST00785,LST00759,0,high
TR08303,LST00404,LST00393,0,medium
TR08304,LST00559,LST00587,0,low
TR08305,LST00755,LST00808,0,high
TR08306,LST00215,LST00222,0,medium
TR08307,LST00267,LST00275,0,high
TR08308,LST00033,LST00053,0,high
TR08309,LST00267,LST00278,0,high
TR08310,LST00481,LST00475,0,low
TR08311,LST00528,LST00407,0,high
TR08312,LST00061,LST00271,0,high
TR08313,LST00828,LST00760,0,high
TR08314,LST00087,LST00006,0,medium
TR08315,LST00293,LST00264,0,high
TR08316,LST00227,LST00230,1,medium
TR08317,LST00758,LST00024,0,medium
TR08318,LST00415,LST00408,0,medium
TR08319,LST00127,LST00003,0,high
TR08320,LST00081,LST00083,1,low
TR08321,LST00745,LST00816,0,high
TR08322,LST00625,LST00084,0,high
TR08323,LST00419,LST00428,0,high
TR08324,LST00322,LST00325,0,medium
TR08325,LST00627,LST00764,0,medium
TR08326,LST00413,LST00437,0,high
TR08327,LST00262,LST00292,0,high
TR08328,LST00712,LST00762,0,high
TR08329,LST00431,LST00416,0,medium
TR08330,LST00823,LST00769,0,high
TR08331,LST00074,LST00096,0,medium
TR08332,LST00446,LST00495,0,high
TR08333,LST00790,LST00049,0,medium
TR08334,LST00055,LST00051,1,high
TR08335,LST00085,LST00071,0,medium
TR08336,LST00511,LST00567,0,high
TR08337,LST00764,LST00623,0,high
TR08338,LST00061,LST00002,0,high
TR08339,LST00094,LST00023,0,high
TR08340,LST00016,LST00027,0,medium
TR08341,LST00507,LST00481,0,high
TR08342,LST00011,LST00034,0,medium
TR08343,LST00070,LST00050,0,high
TR08344,LST00043,LST00040,0,high
TR08345,LST00708,LST00689,0,high
TR08346,LST00099,LST00116,0,medium
TR08347,LST00067,LST00069,1,medium
TR08348,LST00702,LST00703,1,high
TR08349,LST00420,LST00421,0,medium
TR08350,LST00003,LST00037,0,low
TR08351,LST00021,LST00030,0,medium
TR08352,LST00252,LST00289,0,high
TR08353,LST00021,LST00024,1,high
TR08354,LST00432,LST00128,0,high
TR08355,LST00746,LST00032,0,medium
TR08356,LST00723,LST00727,0,high
TR08357,LST00147,LST00131,0,low
TR08358,LST00278,LST00511,0,high
TR08359,LST00030,LST00071,0,medium
TR08360,LST00250,LST00241,0,low
TR08361,LST00056,LST00013,0,high
TR08362,LST00587,LST00570,0,high
TR08363,LST00452,LST00455,1,high
TR08364,LST00784,LST00051,0,high
TR08365,LST00321,LST00580,0,high
TR08366,LST00055,LST00064,0,high
TR08367,LST00485,LST00505,1,low
TR08368,LST00811,LST00809,1,high
TR08369,LST00416,LST00417,1,medium
TR08370,LST00300,LST00284,0,low
TR08371,LST00440,LST00425,0,high
TR08372,LST00082,LST00079,1,high
TR08373,LST00107,LST00120,0,high
TR08374,LST00041,LST00028,0,medium
TR08375,LST00567,LST00561,0,medium
TR08376,LST00111,LST00128,0,high
TR08377,LST00514,LST00509,1,high
TR08378,LST00100,LST00053,0,high
TR08379,LST00115,LST00073,0,medium
TR08380,LST00169,LST00155,0,high
TR08381,LST00035,LST00004,0,medium
TR08382,LST00067,LST00064,0,medium
TR08383,LST00261,LST00237,0,high
TR08384,LST00796,LST00797,1,medium
TR08385,LST00439,LST00530,0,high
TR08386,LST00043,LST00024,0,high
TR08387,LST00490,LST00441,0,high
TR08388,LST00037,LST00121,0,high
TR08389,LST00590,LST00559,0,high
TR08390,LST00280,LST00296,0,medium
TR08391,LST00823,LST00257,0,medium
TR08392,LST00056,LST00061,0,high
TR08393,LST00751,LST00117,0,high
TR08394,LST00147,LST00136,0,low
TR08395,LST00240,LST00255,0,high
TR08396,LST00409,LST00420,0,high
TR08397,LST00757,LST00017,0,medium
TR08398,LST00784,LST00056,0,high
TR08399,LST00274,LST00296,0,medium
TR08400,LST00001,LST00040,0,high
TR08401,LST00275,LST00290,0,medium
TR08402,LST00445,LST00474,0,medium
TR08403,LST00440,LST00439,1,high
TR08404,LST00305,LST00296,0,high
TR08405,LST00290,LST00094,0,high
TR08406,LST00021,LST00007,0,medium
TR08407,LST00052,LST00050,0,medium
TR08408,LST00246,LST00257,0,low
TR08409,LST00062,LST00783,0,high
TR08410,LST00802,LST00796,0,high
TR08411,LST00592,LST00580,0,high
TR08412,LST00288,LST00278,0,high
TR08413,LST00238,LST00253,0,medium
TR08414,LST00570,LST00562,0,medium
TR08415,LST00285,LST00269,0,high
TR08416,LST00756,LST00747,0,high
TR08417,LST00053,LST00061,0,medium
TR08418,LST00043,LST00291,0,high
TR08419,LST00713,LST00624,0,high
TR08420,LST00237,LST00244,0,high
TR08421,LST00759,LST00017,0,medium
TR08422,LST00005,LST00019,0,low
TR08423,LST00503,LST00488,0,high
TR08424,LST00823,LST00757,0,medium
TR08425,LST00760,LST00808,0,high
TR08426,LST00015,LST00072,0,high
TR08427,LST00039,LST00290,0,high
TR08428,LST00241,LST00822,0,high
TR08429,LST00473,LST00444,0,high
TR08430,LST00151,LST00138,0,high
TR08431,LST00104,LST00025,0,high
TR08432,LST00025,LST00044,0,medium
TR08433,LST00393,LST00525,0,high
TR08434,LST00426,LST00436,0,high
TR08435,LST00406,LST00404,1,high
TR08436,LST00050,LST00026,0,medium
TR08437,LST00079,LST00812,0,high
TR08438,LST00290,LST00240,0,high
TR08439,LST00071,LST00074,1,high
TR08440,LST00148,LST00158,0,medium
TR08441,LST00808,LST00076,0,medium
TR08442,LST00026,LST00027,1,high
TR08443,LST00455,LST00444,0,high
TR08444,LST00290,LST00270,0,high
TR08445,LST00575,LST00593,0,high
TR08446,LST00787,LST00587,0,high
TR08447,LST00752,LST00812,0,high
TR08448,LST00159,LST00147,0,medium
TR08449,LST00150,LST00156,0,high
TR08450,LST00263,LST00252,0,high
TR08451,LST00440,LST00414,0,medium
TR08452,LST00279,LST00264,0,high
TR08453,LST00305,LST00254,0,high
TR08454,LST00428,LST00434,0,medium
TR08455,LST00413,LST00415,0,high
TR08456,LST00275,LST00281,0,low
TR08457,LST00043,LST00321,0,high
TR08458,LST00500,LST00492,0,high
TR08459,LST00256,LST00243,0,high
TR08460,LST00115,LST00109,0,high
TR08461,LST00436,LST00428,0,medium
TR08462,LST00500,LST00448,0,high
TR08463,LST00500,LST00494,0,high
TR08464,LST00767,LST00794,0,high
TR08465,LST00746,LST00750,0,medium
TR08466,LST00487,LST00500,0,high
TR08467,LST00820,LST00822,1,high
TR08468,LST00108,LST00064,0,high
TR08469,LST00419,LST00408,0,medium
TR08470,LST00745,LST00002,0,high
TR08471,LST00101,LST00105,0,high
TR08472,LST00282,LST00126,0,high
TR08473,LST00098,LST00055,0,high
TR08474,LST00229,LST00630,0,high
TR08475,LST00480,LST00498,0,high
TR08476,LST00249,LST00294,0,high
TR08477,LST00796,LST00818,0,high
TR08478,LST00416,LST00420,1,high
TR08479,LST00079,LST00126,0,high
TR08480,LST00501,LST00505,0,high
TR08481,LST00529,LST00521,0,medium
TR08482,LST00227,LST00084,0,high
TR08483,LST00008,LST00039,0,high
TR08484,LST00088,LST00076,0,high
TR08485,LST00801,LST00746,0,high
TR08486,LST00766,LST00827,0,high
TR08487,LST00265,LST00262,0,high
TR08488,LST00812,LST00811,1,high
TR08489,LST00728,LST00732,1,high
TR08490,LST00118,LST00102,0,high
TR08491,LST00727,LST00724,0,medium
TR08492,LST00164,LST00151,0,medium
TR08493,LST00783,LST00010,0,high
TR08494,LST00418,LST00426,0,high
TR08495,LST00787,LST00035,0,high
TR08496,LST00791,LST00055,0,medium
TR08497,LST00292,LST00270,0,high
TR08498,LST00147,LST00161,1,low
TR08499,LST00786,LST00785,1,medium
TR08500,LST00798,LST00749,0,medium
TR08501,LST00114,LST00110,1,high
TR08502,LST00026,LST00108,0,high
TR08503,LST00530,LST00225,0,high
TR08504,LST00253,LST00252,0,high
TR08505,LST00052,LST00055,1,high
TR08506,LST00711,LST00766,0,high
TR08507,LST00439,LST00426,0,high
TR08508,LST00065,LST00042,0,high
TR08509,LST00037,LST00036,1,high
TR08510,LST00049,LST00792,0,low
TR08511,LST00449,LST00475,0,high
TR08512,LST00415,LST00425,0,medium
TR08513,LST00211,LST00215,0,high
TR08514,LST00158,LST00132,0,medium
TR08515,LST00218,LST00639,0,high
TR08516,LST00410,LST00427,0,high
TR08517,LST00125,LST00056,0,high
TR08518,LST00514,LST00515,1,high
TR08519,LST00120,LST00037,0,high
TR08520,LST00487,LST00434,0,high
TR08521,LST00322,LST00798,0,high
TR08522,LST00487,LST00443,0,low
TR08523,LST00395,LST00400,0,medium
TR08524,LST00146,LST00169,0,high
TR08525,LST00568,LST00324,0,high
TR08526,LST00155,LST00140,0,medium
TR08527,LST00069,LST00794,0,high
TR08528,LST00498,LST00490,0,high
TR08529,LST00808,LST00769,0,medium
TR08530,LST00154,LST00146,0,high
TR08531,LST00421,LST00425,1,medium
TR08532,LST00212,LST00015,0,high
TR08533,LST00157,LST00143,0,high
TR08534,LST00582,LST00587,0,medium
TR08535,LST00706,LST00702,1,high
TR08536,LST00531,LST00398,0,high
TR08537,LST00791,LST00785,0,low
TR08538,LST00700,LST00708,0,high
TR08539,LST00564,LST00571,0,medium
TR08540,LST00212,LST00219,0,low
TR08541,LST00746,LST00033,0,medium
TR08542,LST00108,LST00124,0,high
TR08543,LST00060,LST00071,0,high
TR08544,LST00095,LST00039,0,medium
TR08545,LST00132,LST00156,0,medium
TR08546,LST00796,LST00578,0,high
TR08547,LST00021,LST00057,0,high
TR08548,LST00069,LST00573,0,high
TR08549,LST00507,LST00448,0,high
TR08550,LST00027,LST00100,0,high
TR08551,LST00271,LST00759,0,high
TR08552,LST00036,LST00017,0,high
TR08553,LST00015,LST00040,0,medium
TR08554,LST00760,LST00769,0,high
TR08555,LST00257,LST00286,0,high
TR08556,LST00450,LST00454,0,low
TR08557,LST00570,LST00577,0,high
TR08558,LST00098,LST00063,0,high
TR08559,LST00295,LST00252,0,high
TR08560,LST00108,LST00103,1,high
TR08561,LST00476,LST00487,0,medium
TR08562,LST00098,LST00810,0,high
TR08563,LST00749,LST00750,1,high
TR08564,LST00746,LST00127,0,high
TR08565,LST00160,LST00164,0,medium
TR08566,LST00015,LST00429,0,high
TR08567,LST00080,LST00087,0,low
TR08568,LST00050,LST00794,0,medium
TR08569,LST00266,LST00299,0,high
TR08570,LST00033,LST00013,0,low
TR08571,LST00218,LST00221,0,high
TR08572,LST00762,LST00625,0,high
TR08573,LST00003,LST00060,0,high
TR08574,LST00712,LST00625,0,medium
TR08575,LST00481,LST00483,1,high
TR08576,LST00570,LST00572,1,high
TR08577,LST00497,LST00504,0,high
TR08578,LST00097,LST00061,0,high
TR08579,LST00123,LST00112,0,medium
TR08580,LST00243,LST00304,0,medium
TR08581,LST00162,LST00158,1,high
TR08582,LST00450,LST00455,0,medium
TR08583,LST00563,LST00577,1,low
TR08584,LST00723,LST00730,0,medium
TR08585,LST00396,LST00397,0,high
TR08586,LST00324,LST00323,1,medium
TR08587,LST00088,LST00082,0,high
TR08588,LST00561,LST00560,1,high
TR08589,LST00817,LST00763,0,high
TR08590,LST00490,LST00475,0,high
TR08591,LST00471,LST00472,1,high
TR08592,LST00010,LST00111,0,low
TR08593,LST00406,LST00407,1,high
TR08594,LST00767,LST00766,0,medium
TR08595,LST00419,LST00439,0,high
TR08596,LST00795,LST00046,0,medium
TR08597,LST00583,LST00571,0,high
TR08598,LST00800,LST00804,0,high
TR08599,LST00146,LST00156,0,medium
TR08600,LST00754,LST00011,0,medium
TR08601,LST00503,LST00480,0,high
TR08602,LST00115,LST00114,0,high
TR08603,LST00767,LST00770,1,high
TR08604,LST00793,LST00050,0,high
TR08605,LST00445,LST00481,0,medium
TR08606,LST00478,LST00499,0,medium
TR08607,LST00580,LST00325,0,medium
TR08608,LST00417,LST00425,0,medium
TR08609,LST00229,LST00625,0,low
TR08610,LST00023,LST00749,0,medium
TR08611,LST00018,LST00011,0,high
TR08612,LST00098,LST00080,0,medium
TR08613,LST00750,LST00034,0,medium
TR08614,LST00116,LST00418,0,high
TR08615,LST00090,LST00005,0,high
TR08616,LST00432,LST00222,0,high
TR08617,LST00068,LST00019,0,high
TR08618,LST00063,LST00033,0,high
TR08619,LST00220,LST00214,0,medium
TR08620,LST00638,LST00641,1,medium
TR08621,LST00792,LST00793,1,medium
TR08622,LST00481,LST00476,0,medium
TR08623,LST00157,LST00156,1,medium
TR08624,LST00123,LST00011,0,high
TR08625,LST00150,LST00151,1,high
TR08626,LST00744,LST00816,0,high
TR08627,LST00023,LST00036,0,medium
TR08628,LST00116,LST00282,0,high
TR08629,LST00134,LST00149,0,high
TR08630,LST00288,LST00287,1,high
TR08631,LST00497,LST00486,0,low
TR08632,LST00046,LST00061,0,high
TR08633,LST00137,LST00144,0,medium
TR08634,LST00239,LST00256,0,medium
TR08635,LST00529,LST00524,0,medium
TR08636,LST00012,LST00020,0,low
TR08637,LST00066,LST00795,0,low
TR08638,LST00028,LST00039,0,high
TR08639,LST00055,LST00044,0,low
TR08640,LST00049,LST00004,0,medium
TR08641,LST00133,LST00146,0,high
TR08642,LST00152,LST00168,0,low
TR08643,LST00032,LST00036,0,medium
TR08644,LST00275,LST00274,1,high
TR08645,LST00128,LST00102,0,low
TR08646,LST00062,LST00053,0,medium
TR08647,LST00241,LST00298,0,high
TR08648,LST00787,LST00767,0,high
TR08649,LST00010,LST00746,0,high
TR08650,LST00232,LST00228,0,high
TR08651,LST00768,LST00624,0,high
TR08652,LST00402,LST00407,1,high
TR08653,LST00087,LST00089,0,medium
TR08654,LST00110,LST00017,0,high
TR08655,LST00798,LST00474,0,high
TR08656,LST00797,LST00063,0,medium
TR08657,LST00104,LST00082,0,high
TR08658,LST00449,LST00472,0,high
TR08659,LST00087,LST00081,0,high
TR08660,LST00827,LST00252,0,high
TR08661,LST00047,LST00797,0,high
TR08662,LST00070,LST00061,0,medium
TR08663,LST00005,LST00020,0,high
TR08664,LST00476,LST00486,0,medium
TR08665,LST00222,LST00088,0,high
TR08666,LST00093,LST00086,0,high
TR08667,LST00821,LST00828,0,high
TR08668,LST00788,LST00064,0,high
TR08669,LST00756,LST00766,0,high
TR08670,LST00796,LST00062,0,high
TR08671,LST00113,LST00129,0,high
TR08672,LST00488,LST00501,0,high
TR08673,LST00802,LST00760,0,high
TR08674,LST00794,LST00582,0,high
TR08675,LST00590,LST00564,0,high
TR08676,LST00569,LST00126,0,high
TR08677,LST00816,LST00097,0,low
TR08678,LST00237,LST00269,0,high
TR08679,LST00104,LST00020,0,high
TR08680,LST00433,LST00421,0,high
TR08681,LST00439,LST00423,0,high
TR08682,LST00786,LST00764,0,high
TR08683,LST00029,LST00026,1,high
TR08684,LST00006,LST00757,0,medium
TR08685,LST00258,LST00301,0,high
TR08686,LST00498,LST00496,0,high
TR08687,LST00443,LST00471,0,high
TR08688,LST00483,LST00496,0,medium
TR08689,LST00170,LST00168,1,low
TR08690,LST00582,LST00579,1,high
TR08691,LST00299,LST00304,0,low
TR08692,LST00114,LST00111,1,high
TR08693,LST00809,LST00751,0,high
TR08694,LST00764,LST00788,0,high
TR08695,LST00042,LST00002,0,low
TR08696,LST00021,LST00020,1,high
TR08697,LST00013,LST00003,0,high
TR08698,LST00064,LST00045,0,high
TR08699,LST00258,LST00295,0,high
TR08700,LST00251,LST00211,0,high
TR08701,LST00251,LST00249,1,medium
TR08702,LST00294,LST00045,0,high
TR08703,LST00747,LST00757,0,medium
TR08704,LST00047,LST00070,0,medium
TR08705,LST00785,LST00047,0,medium
TR08706,LST00575,LST00567,0,medium
TR08707,LST00639,LST00211,0,medium
TR08708,LST00227,LST00235,0,low
TR08709,LST00520,LST00510,0,low
TR08710,LST00215,LST00565,0,high
TR08711,LST00427,LST00430,1,high
TR08712,LST00085,LST00090,1,low
TR08713,LST00484,LST00506,0,high
TR08714,LST00272,LST00263,0,high
TR08715,LST00414,LST00418,1,high
TR08716,LST00110,LST00113,1,high
TR08717,LST00766,LST00764,1,high
TR08718,LST00478,LST00508,0,high
TR08719,LST00828,LST00252,0,high
TR08720,LST00072,LST00003,0,high
TR08721,LST00761,LST00767,0,high
TR08722,LST00631,LST00632,1,low
TR08723,LST00075,LST00027,0,high
TR08724,LST00064,LST00069,0,high
TR08725,LST00815,LST00828,0,high
TR08726,LST00812,LST00747,0,high
TR08727,LST00714,LST00764,0,high
TR08728,LST00041,LST00102,0,high
TR08729,LST00170,LST00165,0,high
TR08730,LST00428,LST00409,0,high
TR08731,LST00108,LST00099,0,high
TR08732,LST00588,LST00583,0,high
TR08733,LST00796,LST00053,0,high
TR08734,LST00224,LST00232,0,high
TR08735,LST00003,LST00007,0,medium
TR08736,LST00250,LST00821,0,medium
TR08737,LST00758,LST00749,0,high
TR08738,LST00415,LST00431,0,high
TR08739,LST00266,LST00274,0,high
TR08740,LST00058,LST00103,0,medium
TR08741,LST00789,LST00765,0,high
TR08742,LST00219,LST00221,1,high
TR08743,LST00126,LST00795,0,high
TR08744,LST00129,LST00119,0,medium
TR08745,LST00025,LST00053,0,medium
TR08746,LST00788,LST00790,0,medium
TR08747,LST00015,LST00051,0,high
TR08748,LST00568,LST00218,0,high
TR08749,LST00581,LST00585,0,high
TR08750,LST00051,LST00022,0,high
TR08751,LST00566,LST00569,1,high
TR08752,LST00277,LST00301,0,high
TR08753,LST00271,LST00278,0,high
TR08754,LST00264,LST00284,0,high
TR08755,LST00439,LST00414,0,high
TR08756,LST00809,LST00746,0,high
TR08757,LST00083,LST00074,0,high
TR08758,LST00626,LST00763,0,high
TR08759,LST00280,LST00254,0,high
TR08760,LST00024,LST00027,0,high
TR08761,LST00097,LST00080,0,high
TR08762,LST00498,LST00486,0,high
TR08763,LST00499,LST00503,0,medium
TR08764,LST00096,LST00088,0,medium
TR08765,LST00296,LST00291,0,medium
TR08766,LST00231,LST00232,0,low
TR08767,LST00419,LST00431,0,high
TR08768,LST00217,LST00218,1,medium
TR08769,LST00276,LST00281,1,high
TR08770,LST00070,LST00055,0,low
TR08771,LST00397,LST00398,1,high
TR08772,LST00030,LST00044,0,low
TR08773,LST00250,LST00263,0,high
TR08774,LST00059,LST00007,0,high
TR08775,LST00302,LST00262,0,high
TR08776,LST00748,LST00003,0,medium
TR08777,LST00574,LST00576,0,high
TR08778,LST00282,LST00299,0,medium
TR08779,LST00302,LST00277,0,medium
TR08780,LST00223,LST00144,0,high
TR08781,LST00057,LST00086,0,high
TR08782,LST00428,LST00439,0,low
TR08783,LST00228,LST00477,0,high
TR08784,LST00482,LST00487,0,low
TR08785,LST00765,LST00811,0,high
TR08786,LST00455,LST00470,0,high
TR08787,LST00757,LST00824,0,high
TR08788,LST00493,LST00504,0,high
TR08789,LST00293,LST00248,0,high
TR08790,LST00808,LST00083,0,medium
TR08791,LST00144,LST00069,0,high
TR08792,LST00046,LST00058,0,high
TR08793,LST00089,LST00114,0,high
TR08794,LST00090,LST00091,1,medium
TR08795,LST00501,LST00507,0,high
TR08796,LST00483,LST00504,0,high
TR08797,LST00011,LST00020,0,medium
TR08798,LST00120,LST00117,1,high
TR08799,LST00302,LST00288,0,medium
TR08800,LST00011,LST00021,0,low
TR08801,LST00044,LST00086,0,high
TR08802,LST00017,LST00029,0,high
TR08803,LST00581,LST00583,0,high
TR08804,LST00006,LST00745,0,medium
TR08805,LST00075,LST00760,0,medium
TR08806,LST00406,LST00397,0,medium
TR08807,LST00788,LST00785,1,medium
TR08808,LST00471,LST00807,0,low
TR08809,LST00758,LST00012,0,low
TR08810,LST00285,LST00304,0,medium
TR08811,LST00068,LST00052,0,low
TR08812,LST00303,LST00283,0,medium
TR08813,LST00148,LST00160,0,high
TR08814,LST00009,LST00011,1,medium
TR08815,LST00135,LST00140,0,low
TR08816,LST00054,LST00008,0,high
TR08817,LST00007,LST00049,0,medium
TR08818,LST00077,LST00097,0,low
TR08819,LST00067,LST00044,0,high
TR08820,LST00008,LST00757,0,high
TR08821,LST00495,LST00477,0,high
TR08822,LST00133,LST00142,0,medium
TR08823,LST00026,LST00068,0,high
TR08824,LST00251,LST00126,0,high
TR08825,LST00275,LST00255,0,high
TR08826,LST00170,LST00158,0,high
TR08827,LST00279,LST00285,0,low
TR08828,LST00287,LST00259,0,high
TR08829,LST00474,LST00805,0,low
TR08830,LST00152,LST00164,1,low
TR08831,LST00591,LST00561,0,high
TR08832,LST00449,LST00450,1,high
TR08833,LST00431,LST00430,0,high
TR08834,LST00114,LST00014,0,high
TR08835,LST00808,LST00071,0,medium
TR08836,LST00578,LST00568,0,high
TR08837,LST00587,LST00561,0,high
TR08838,LST00055,LST00059,0,medium
TR08839,LST00784,LST00793,0,medium
TR08840,LST00096,LST00117,0,high
TR08841,LST00526,LST00393,0,high
TR08842,LST00788,LST00789,0,high
TR08843,LST00828,LST00254,0,medium
TR08844,LST00132,LST00227,0,high
TR08845,LST00001,LST00019,0,medium
TR08846,LST00745,LST00038,0,high
TR08847,LST00270,LST00293,0,medium
TR08848,LST00263,LST00301,0,high
TR08849,LST00297,LST00266,0,high
TR08850,LST00705,LST00564,0,high
TR08851,LST00523,LST00392,0,high
TR08852,LST00038,LST00022,0,low
TR08853,LST00568,LST00582,0,high
TR08854,LST00019,LST00113,0,high
TR08855,LST00078,LST00098,0,high
TR08856,LST00133,LST00479,0,high
TR08857,LST00474,LST00799,0,medium
TR08858,LST00324,LST00322,0,high
TR08859,LST00415,LST00438,0,high
TR08860,LST00276,LST00301,0,medium
TR08861,LST00693,LST00695,0,high
TR08862,LST00761,LST00809,0,high
TR08863,LST00440,LST00412,0,medium
TR08864,LST00578,LST00593,0,high
TR08865,LST00470,LST00800,0,medium
TR08866,LST00047,LST00019,0,medium
TR08867,LST00049,LST00091,0,high
TR08868,LST00225,LST00232,0,high
TR08869,LST00487,LST00133,0,high
TR08870,LST00297,LST00276,0,high
TR08871,LST00130,LST00132,1,high
TR08872,LST00487,LST00475,0,high
TR08873,LST00303,LST00282,0,high
TR08874,LST00040,LST00746,0,low
TR08875,LST00049,LST00785,0,high
TR08876,LST00251,LST00252,1,high
TR08877,LST00003,LST00121,0,high
TR08878,LST00270,LST00262,0,high
TR08879,LST00246,LST00281,0,high
TR08880,LST00695,LST00011,0,high
TR08881,LST00531,LST00400,0,medium
TR08882,LST00262,LST00242,0,medium
TR08883,LST00033,LST00064,0,medium
TR08884,LST00493,LST00487,0,high
TR08885,LST00278,LST00259,0,high
TR08886,LST00011,LST00036,0,medium
TR08887,LST00031,LST00025,0,high
TR08888,LST00053,LST00004,0,medium
TR08889,LST00282,LST00325,0,medium
TR08890,LST00015,LST00755,0,high
TR08891,LST00810,LST00800,0,high
TR08892,LST00073,LST00818,0,high
TR08893,LST00758,LST00757,1,high
TR08894,LST00048,LST00058,0,low
TR08895,LST00032,LST00005,0,high
TR08896,LST00036,LST00040,0,high
TR08897,LST00819,LST00241,0,high
TR08898,LST00063,LST00115,0,high
TR08899,LST00439,LST00413,0,high
TR08900,LST00045,LST00017,0,medium
TR08901,LST00562,LST00587,0,high
TR08902,LST00761,LST00711,0,high
TR08903,LST00130,LST00171,0,high
TR08904,LST00260,LST00288,0,high
TR08905,LST00080,LST00082,1,low
TR08906,LST00024,LST00042,0,low
TR08907,LST00047,LST00052,0,high
TR08908,LST00083,LST00810,0,high
TR08909,LST00058,LST00004,0,high
TR08910,LST00812,LST00810,1,medium
TR08911,LST00564,LST00586,0,high
TR08912,LST00258,LST00244,0,high
TR08913,LST00300,LST00290,0,high
TR08914,LST00823,LST00785,0,high
TR08915,LST00020,LST00054,0,high
TR08916,LST00273,LST00302,0,high
TR08917,LST00082,LST00102,0,high
TR08918,LST00811,LST00766,0,high
TR08919,LST00122,LST00116,0,low
TR08920,LST00234,LST00226,0,high
TR08921,LST00170,LST00132,0,high
TR08922,LST00225,LST00144,0,high
TR08923,LST00042,LST00032,0,low
TR08924,LST00002,LST00016,0,high
TR08925,LST00518,LST00520,1,high
TR08926,LST00284,LST00299,0,medium
TR08927,LST00141,LST00164,0,high
TR08928,LST00586,LST00568,0,high
TR08929,LST00261,LST00824,0,medium
TR08930,LST00406,LST00403,1,high
TR08931,LST00592,LST00566,0,high
TR08932,LST00796,LST00059,0,high
TR08933,LST00162,LST00159,1,high
TR08934,LST00488,LST00480,0,high
TR08935,LST00474,LST00450,0,high
TR08936,LST00165,LST00128,0,medium
TR08937,LST00447,LST00481,0,high
TR08938,LST00162,LST00131,0,medium
TR08939,LST00245,LST00289,0,high
TR08940,LST00268,LST00253,0,high
TR08941,LST00088,LST00104,0,high
TR08942,LST00241,LST00301,0,high
TR08943,LST00043,LST00271,0,high
TR08944,LST00234,LST00225,0,high
TR08945,LST00253,LST00247,0,medium
TR08946,LST00573,LST00011,0,high
TR08947,LST00020,LST00006,0,high
TR08948,LST00788,LST00048,0,high
TR08949,LST00562,LST00582,0,high
TR08950,LST00018,LST00037,0,low
TR08951,LST00055,LST00027,0,medium
TR08952,LST00430,LST00434,0,low
TR08953,LST00079,LST00063,0,high
TR08954,LST00069,LST00057,0,high
TR08955,LST00516,LST00517,1,high
TR08956,LST00122,LST00124,0,low
TR08957,LST00732,LST00726,1,high
TR08958,LST00072,LST00092,0,medium
TR08959,LST00031,LST00067,0,low
TR08960,LST00578,LST00574,0,high
TR08961,LST00496,LST00508,0,high
TR08962,LST00248,LST00242,0,high
TR08963,LST00396,LST00532,0,high
TR08964,LST00490,LST00488,1,high
TR08965,LST00817,LST00752,0,high
TR08966,LST00025,LST00076,0,high
TR08967,LST00045,LST00796,0,low
TR08968,LST00288,LST00299,0,high
TR08969,LST00488,LST00507,0,high
TR08970,LST00003,LST00058,0,high
TR08971,LST00003,LST00034,0,medium
TR08972,LST00250,LST00248,1,high
TR08973,LST00029,LST00070,0,high
TR08974,LST00013,LST00040,0,medium
TR08975,LST00487,LST00299,0,high
TR08976,LST00165,LST00215,0,high
TR08977,LST00590,LST00576,0,high
TR08978,LST00242,LST00265,0,high
TR08979,LST00513,LST00509,1,high
TR08980,LST00235,LST00069,0,medium
TR08981,LST00589,LST00582,0,medium
TR08982,LST00423,LST00419,0,medium
TR08983,LST00125,LST00121,0,high
TR08984,LST00294,LST00220,0,high
TR08985,LST00642,LST00641,1,high
TR08986,LST00089,LST00078,0,high
TR08987,LST00008,LST00009,1,medium
TR08988,LST00499,LST00485,0,high
TR08989,LST00704,LST00708,0,high
TR08990,LST00146,LST00141,0,high
TR08991,LST00131,LST00155,0,high
TR08992,LST00065,LST00017,0,low
TR08993,LST00050,LST00064,0,medium
TR08994,LST00770,LST00628,0,high
TR08995,LST00092,LST00810,0,high
TR08996,LST00760,LST00124,0,high
TR08997,LST00748,LST00011,0,medium
TR08998,LST00294,LST00304,0,high
TR08999,LST00059,LST00013,0,high
TR09000,LST00746,LST00815,0,high
TR09001,LST00029,LST00039,0,medium
TR09002,LST00563,LST00559,0,medium
TR09003,LST00818,LST00578,0,high
TR09004,LST00166,LST00139,0,medium
TR09005,LST00163,LST00160,0,high
TR09006,LST00072,LST00811,0,high
TR09007,LST00154,LST00136,0,high
TR09008,LST00093,LST00005,0,high
TR09009,LST00112,LST00105,0,medium
TR09010,LST00789,LST00582,0,high
TR09011,LST00041,LST00030,0,high
TR09012,LST00824,LST00820,1,low
TR09013,LST00760,LST00042,0,high
TR09014,LST00024,LST00036,0,high
TR09015,LST00143,LST00149,0,medium
TR09016,LST00027,LST00108,0,medium
TR09017,LST00759,LST00824,0,high
TR09018,LST00097,LST00088,0,high
TR09019,LST00261,LST00287,0,high
TR09020,LST00045,LST00115,0,high
TR09021,LST00297,LST00269,0,high
TR09022,LST00434,LST00414,0,high
TR09023,LST00808,LST00745,0,high
TR09024,LST00398,LST00528,0,high
TR09025,LST00446,LST00500,0,high
TR09026,LST00756,LST00006,0,high
TR09027,LST00160,LST00169,0,medium
TR09028,LST00281,LST00279,1,high
TR09029,LST00032,LST00034,1,medium
TR09030,LST00149,LST00157,0,medium
TR09031,LST00018,LST00792,0,medium
TR09032,LST00407,LST00399,0,low
TR09033,LST00452,LST00251,0,high
TR09034,LST00409,LST00423,0,medium
TR09035,LST00791,LST00016,0,high
TR09036,LST00630,LST00629,1,high
TR09037,LST00626,LST00769,0,low
TR09038,LST00067,LST00060,0,high
TR09039,LST00826,LST00237,0,medium
TR09040,LST00409,LST00408,1,high
TR09041,LST00006,LST00093,0,high
TR09042,LST00815,LST00582,0,high
TR09043,LST00751,LST00789,0,high
TR09044,LST00101,LST00116,0,high
TR09045,LST00007,LST00004,0,low
TR09046,LST00279,LST00303,0,high
TR09047,LST00713,LST00626,0,high
TR09048,LST00230,LST00232,0,low
TR09049,LST00072,LST00093,0,medium
TR09050,LST00225,LST00132,0,high
TR09051,LST00749,LST00001,0,medium
TR09052,LST00129,LST00787,0,low
TR09053,LST00046,LST00070,0,high
TR09054,LST00759,LST00783,0,high
TR09055,LST00045,LST00789,0,medium
TR09056,LST00134,LST00132,1,medium
TR09057,LST00748,LST00026,0,high
TR09058,LST00041,LST00009,0,medium
TR09059,LST00010,LST00026,0,high
TR09060,LST00032,LST00019,0,high
TR09061,LST00560,LST00562,1,medium
TR09062,LST00710,LST00562,0,low
TR09063,LST00050,LST00065,0,high
TR09064,LST00285,LST00252,0,high
TR09065,LST00135,LST00157,0,low
TR09066,LST00416,LST00210,0,medium
TR09067,LST00065,LST00788,0,medium
TR09068,LST00407,LST00523,0,high
TR09069,LST00047,LST00037,0,medium
TR09070,LST00171,LST00160,0,medium
TR09071,LST00084,LST00110,0,high
TR09072,LST00281,LST00303,0,low
TR09073,LST00428,LST00435,0,high
TR09074,LST00795,LST00797,1,high
TR09075,LST00158,LST00167,0,high
TR09076,LST00293,LST00289,1,high
TR09077,LST00037,LST00031,0,medium
TR09078,LST00081,LST00098,0,medium
TR09079,LST00159,LST00160,1,medium
TR09080,LST00010,LST00031,0,medium
TR09081,LST00766,LST00622,0,high
TR09082,LST00113,LST00797,0,high
TR09083,LST00324,LST00214,0,high
TR09084,LST00214,LST00221,0,high
TR09085,LST00242,LST00824,0,high
TR09086,LST00524,LST00397,0,high
TR09087,LST00475,LST00486,0,high
TR09088,LST00268,LST00271,0,high
TR09089,LST00521,LST00532,0,high
TR09090,LST00808,LST00098,0,medium
TR09091,LST00290,LST00292,1,high
TR09092,LST00447,LST00451,0,high
TR09093,LST00756,LST00818,0,high
TR09094,LST00255,LST00258,1,high
TR09095,LST00480,LST00486,0,high
TR09096,LST00567,LST00483,0,high
TR09097,LST00242,LST00826,0,low
TR09098,LST00578,LST00768,0,high
TR09099,LST00827,LST00412,0,high
TR09100,LST00577,LST00578,1,medium
TR09101,LST00787,LST00059,0,medium
TR09102,LST00472,LST00012,0,high
TR09103,LST00496,LST00445,0,high
TR09104,LST00291,LST00283,0,low
TR09105,LST00004,LST00055,0,medium
TR09106,LST00760,LST00815,0,high
TR09107,LST00061,LST00117,0,high
TR09108,LST00797,LST00756,0,high
TR09109,LST00406,LST00521,0,high
TR09110,LST00261,LST00239,0,medium
TR09111,LST00082,LST00814,0,high
TR09112,LST00473,LST00455,0,high
TR09113,LST00789,LST00793,1,medium
TR09114,LST00295,LST00296,0,medium
TR09115,LST00827,LST00826,1,high
TR09116,LST00479,LST00504,0,medium
TR09117,LST00758,LST00013,0,high
TR09118,LST00090,LST00072,0,medium
TR09119,LST00218,LST00216,1,high
TR09120,LST00150,LST00139,0,high
TR09121,LST00037,LST00030,0,high
TR09122,LST00013,LST00045,0,medium
TR09123,LST00753,LST00751,1,medium
TR09124,LST00081,LST00096,0,medium
TR09125,LST00167,LST00166,1,high
TR09126,LST00017,LST00789,0,high
TR09127,LST00828,LST00819,1,low
TR09128,LST00279,LST00288,0,high
TR09129,LST00451,LST00483,0,high
TR09130,LST00498,LST00499,1,high
TR09131,LST00227,LST00232,0,high
TR09132,LST00008,LST00747,0,high
TR09133,LST00114,LST00067,0,medium
TR09134,LST00064,LST00785,0,high
TR09135,LST00170,LST00131,0,high
TR09136,LST00750,LST00755,0,high
TR09137,LST00801,LST00802,1,high
TR09138,LST00592,LST00576,0,medium
TR09139,LST00521,LST00524,1,high
TR09140,LST00112,LST00111,1,medium
TR09141,LST00751,LST00817,0,medium
TR09142,LST00099,LST00754,0,high
TR09143,LST00503,LST00500,0,medium
TR09144,LST00477,LST00235,0,medium
TR09145,LST00479,LST00476,0,medium
TR09146,LST00010,LST00068,0,high
TR09147,LST00082,LST00071,0,medium
TR09148,LST00039,LST00055,0,high
TR09149,LST00128,LST00012,0,high
TR09150,LST00142,LST00168,0,high
TR09151,LST00106,LST00121,0,high
TR09152,LST00528,LST00523,0,medium
TR09153,LST00126,LST00127,1,medium
TR09154,LST00799,LST00783,0,high
TR09155,LST00236,LST00238,1,high
TR09156,LST00076,LST00011,0,high
TR09157,LST00563,LST00572,0,medium
TR09158,LST00068,LST00058,0,high
TR09159,LST00480,LST00495,0,high
TR09160,LST00071,LST00001,0,high
TR09161,LST00507,LST00485,0,high
TR09162,LST00043,LST00429,0,high
TR09163,LST00796,LST00805,0,high
TR09164,LST00288,LST00293,0,medium
TR09165,LST00297,LST00292,0,medium
TR09166,LST00251,LST00254,0,high
TR09167,LST00441,LST00477,0,high
TR09168,LST00823,LST00744,0,high
TR09169,LST00406,LST00530,0,high
TR09170,LST00269,LST00259,0,high
TR09171,LST00249,LST00250,1,low
TR09172,LST00154,LST00150,1,high
TR09173,LST00022,LST00009,0,high
TR09174,LST00400,LST00045,0,high
TR09175,LST00052,LST00079,0,high
TR09176,LST00068,LST00005,0,high
TR09177,LST00156,LST00151,0,medium
TR09178,LST00811,LST00756,0,high
TR09179,LST00248,LST00251,1,high
TR09180,LST00421,LST00416,0,high
TR09181,LST00289,LST00247,0,high
TR09182,LST00419,LST00426,0,high
TR09183,LST00254,LST00237,0,high
TR09184,LST00422,LST00437,0,high
TR09185,LST00133,LST00140,0,high
TR09186,LST00133,LST00149,0,medium
TR09187,LST00567,LST00562,0,medium
TR09188,LST00114,LST00107,0,medium
TR09189,LST00593,LST00562,0,high
TR09190,LST00157,LST00162,0,medium
TR09191,LST00756,LST00002,0,medium
TR09192,LST00044,LST00076,0,high
TR09193,LST00575,LST00559,0,medium
TR09194,LST00098,LST00089,0,high
TR09195,LST00531,LST00523,0,low
TR09196,LST00567,LST00568,1,high
TR09197,LST00582,LST00578,0,high
TR09198,LST00812,LST00745,0,low
TR09199,LST00235,LST00226,0,medium
TR09200,LST00039,LST00053,0,high
TR09201,LST00109,LST00113,0,low
TR09202,LST00449,LST00485,0,high
TR09203,LST00424,LST00419,0,medium
TR09204,LST00124,LST00103,0,high
TR09205,LST00011,LST00023,0,medium
TR09206,LST00804,LST00807,1,high
TR09207,LST00523,LST00530,0,medium
TR09208,LST00625,LST00713,0,high
TR09209,LST00519,LST00520,1,high
TR09210,LST00025,LST00039,0,medium
TR09211,LST00164,LST00159,0,high
TR09212,LST00005,LST00041,0,high
TR09213,LST00148,LST00156,0,high
TR09214,LST00702,LST00707,0,medium
TR09215,LST00826,LST00745,0,medium
TR09216,LST00585,LST00559,0,high
TR09217,LST00011,LST00054,0,medium
TR09218,LST00435,LST00437,1,high
TR09219,LST00131,LST00135,0,medium
TR09220,LST00262,LST00825,0,high
TR09221,LST00046,LST00050,0,high
TR09222,LST00585,LST00583,1,low
TR09223,LST00112,LST00126,0,low
TR09224,LST00255,LST00300,0,high
TR09225,LST00566,LST00783,0,high
TR09226,LST00047,LST00058,0,high
TR09227,LST00136,LST00138,1,medium
TR09228,LST00827,LST00796,0,high
TR09229,LST00027,LST00038,0,high
TR09230,LST00297,LST00300,0,high
TR09231,LST00151,LST00158,0,low
TR09232,LST00454,LST00473,0,high
TR09233,LST00298,LST00296,1,medium
TR09234,LST00490,LST00449,0,high
TR09235,LST00809,LST00759,0,medium
TR09236,LST00140,LST00487,0,high
TR09237,LST00092,LST00087,0,low
TR09238,LST00800,LST00828,0,high
TR09239,LST00128,LST00126,1,high
TR09240,LST00076,LST00070,0,medium
TR09241,LST00018,LST00065,0,high
TR09242,LST00744,LST00032,0,low
TR09243,LST00509,LST00519,0,high
TR09244,LST00075,LST00084,0,high
TR09245,LST00589,LST00567,0,high
TR09246,LST00091,LST00818,0,medium
TR09247,LST00521,LST00398,0,high
TR09248,LST00489,LST00480,0,high
TR09249,LST00152,LST00169,0,high
TR09250,LST00242,LST00819,0,medium
TR09251,LST00271,LST00013,0,high
TR09252,LST00229,LST00226,1,high
TR09253,LST00584,LST00587,1,high
TR09254,LST00146,LST00137,0,low
TR09255,LST00142,LST00136,0,medium
TR09256,LST00149,LST00158,0,high
TR09257,LST00579,LST00565,0,high
TR09258,LST00059,LST00045,0,high
TR09259,LST00516,LST00511,0,high
TR09260,LST00232,LST00530,0,high
TR09261,LST00521,LST00527,0,high
TR09262,LST00109,LST00511,0,high
TR09263,LST00821,LST00244,0,medium
TR09264,LST00758,LST00751,0,high
TR09265,LST00252,LST00244,0,medium
TR09266,LST00037,LST00102,0,high
TR09267,LST00500,LST00506,0,high
TR09268,LST00268,LST00244,0,high
TR09269,LST00489,LST00442,0,high
TR09270,LST00570,LST00815,0,medium
TR09271,LST00170,LST00167,0,low
TR09272,LST00083,LST00078,0,low
TR09273,LST00568,LST00577,0,medium
TR09274,LST00229,LST00231,1,high
TR09275,LST00002,LST00053,0,high
TR09276,LST00125,LST00083,0,high
TR09277,LST00689,LST00796,0,high
TR09278,LST00321,LST00041,0,medium
TR09279,LST00783,LST00046,0,high
TR09280,LST00732,LST00727,1,high
TR09281,LST00722,LST00727,0,high
TR09282,LST00220,LST00218,0,medium
TR09283,LST00064,LST00796,0,low
TR09284,LST00273,LST00292,0,high
TR09285,LST00030,LST00059,0,high
TR09286,LST00065,LST00011,0,medium
TR09287,LST00121,LST00122,1,high
TR09288,LST00249,LST00268,0,high
TR09289,LST00251,LST00282,0,medium
TR09290,LST00288,LST00285,1,high
TR09291,LST00753,LST00020,0,high
TR09292,LST00490,LST00491,0,high
TR09293,LST00158,LST00150,0,high
TR09294,LST00170,LST00137,0,high
TR09295,LST00262,LST00244,0,medium
TR09296,LST00504,LST00499,0,medium
TR09297,LST00794,LST00760,0,high
TR09298,LST00757,LST00012,0,medium
TR09299,LST00446,LST00471,0,low
TR09300,LST00090,LST00094,1,medium
TR09301,LST00815,LST00752,0,high
TR09302,LST00005,LST00030,0,high
TR09303,LST00105,LST00114,0,medium
TR09304,LST00145,LST00162,0,high
TR09305,LST00748,LST00010,0,high
TR09306,LST00454,LST00483,0,high
TR09307,LST00045,LST00787,0,high
TR09308,LST00486,LST00501,0,high
TR09309,LST00161,LST00132,0,medium
TR09310,LST00050,LST00787,0,medium
TR09311,LST00052,LST00065,0,medium
TR09312,LST00509,LST00512,1,high
TR09313,LST00418,LST00434,0,high
TR09314,LST00746,LST00007,0,medium
TR09315,LST00760,LST00018,0,medium
TR09316,LST00752,LST00796,0,high
TR09317,LST00261,LST00268,0,high
TR09318,LST00407,LST00401,1,medium
TR09319,LST00129,LST00085,0,high
TR09320,LST00398,LST00392,0,medium
TR09321,LST00031,LST00044,0,high
TR09322,LST00758,LST00744,0,high
TR09323,LST00038,LST00009,0,medium
TR09324,LST00089,LST00093,1,high
TR09325,LST00130,LST00155,0,medium
TR09326,LST00823,LST00802,0,medium
TR09327,LST00475,LST00504,0,high
TR09328,LST00257,LST00247,0,medium
TR09329,LST00017,LST00067,0,high
TR09330,LST00424,LST00415,0,medium
TR09331,LST00168,LST00160,0,high
TR09332,LST00264,LST00286,0,high
TR09333,LST00785,LST00750,0,high
TR09334,LST00473,LST00443,0,high
TR09335,LST00143,LST00156,0,high
TR09336,LST00489,LST00486,1,high
TR09337,LST00012,LST00036,0,high
TR09338,LST00414,LST00530,0,high
TR09339,LST00304,LST00292,0,medium
TR09340,LST00042,LST00110,0,high
TR09341,LST00031,LST00050,0,high
TR09342,LST00001,LST00044,0,medium
TR09343,LST00041,LST00755,0,medium
TR09344,LST00512,LST00516,0,medium
TR09345,LST00212,LST00211,1,high
TR09346,LST00810,LST00814,0,medium
TR09347,LST00086,LST00072,0,high
TR09348,LST00431,LST00417,0,high
TR09349,LST00797,LST00758,0,high
TR09350,LST00059,LST00043,0,high
TR09351,LST00748,LST00757,0,medium
TR09352,LST00078,LST00121,0,medium
TR09353,LST00129,LST00013,0,high
TR09354,LST00822,LST00821,1,high
TR09355,LST00805,LST00750,0,high
TR09356,LST00079,LST00093,0,medium
TR09357,LST00559,LST00561,1,high
TR09358,LST00797,LST00069,0,low
TR09359,LST00056,LST00031,0,medium
TR09360,LST00783,LST00825,0,high
TR09361,LST00033,LST00028,0,high
TR09362,LST00029,LST00099,0,high
TR09363,LST00470,LST00801,0,medium
TR09364,LST00810,LST00754,0,high
TR09365,LST00496,LST00478,1,low
TR09366,LST00034,LST00747,0,high
TR09367,LST00454,LST00445,0,high
TR09368,LST00023,LST00058,0,high
TR09369,LST00749,LST00808,0,high
TR09370,LST00145,LST00160,0,medium
TR09371,LST00073,LST00093,0,high
TR09372,LST00170,LST00160,0,low
TR09373,LST00746,LST00028,0,high
TR09374,LST00822,LST00825,0,high
TR09375,LST00078,LST00087,0,high
TR09376,LST00797,LST00045,0,low
TR09377,LST00032,LST00033,1,high
TR09378,LST00128,LST00085,0,high
TR09379,LST00478,LST00487,0,high
TR09380,LST00004,LST00069,0,high
TR09381,LST00246,LST00253,0,high
TR09382,LST00483,LST00492,0,high
TR09383,LST00783,LST00043,0,medium
TR09384,LST00811,LST00815,0,high
TR09385,LST00789,LST00826,0,high
TR09386,LST00427,LST00429,1,high
TR09387,LST00784,LST00055,0,high
TR09388,LST00417,LST00412,0,low
TR09389,LST00809,LST00794,0,high
TR09390,LST00253,LST00240,0,high
TR09391,LST00012,LST00025,0,medium
TR09392,LST00765,LST00770,0,high
TR09393,LST00702,LST00705,1,high
TR09394,LST00055,LST00062,0,high
TR09395,LST00744,LST00752,0,medium
TR09396,LST00765,LST00769,0,medium
TR09397,LST00005,LST00044,0,high
TR09398,LST00025,LST00009,0,high
TR09399,LST00805,LST00470,0,high
TR09400,LST00759,LST00758,0,medium
TR09401,LST00037,LST00087,0,high
TR09402,LST00526,LST00407,0,high
TR09403,LST00022,LST00092,0,high
TR09404,LST00498,LST00493,0,medium
TR09405,LST00287,LST00298,1,low
TR09406,LST00138,LST00630,0,high
TR09407,LST00009,LST00023,0,low
TR09408,LST00768,LST00784,0,high
TR09409,LST00065,LST00057,0,low
TR09410,LST00321,LST00325,0,low
TR09411,LST00017,LST00744,0,medium
TR09412,LST00444,LST00487,0,high
TR09413,LST00584,LST00580,0,low
TR09414,LST00159,LST00154,0,high
TR09415,LST00078,LST00094,0,high
TR09416,LST00116,LST00120,1,medium
TR09417,LST00791,LST00825,0,high
TR09418,LST00828,LST00409,0,high
TR09419,LST00039,LST00027,0,high
TR09420,LST00012,LST00747,0,low
TR09421,LST00396,LST00521,0,high
TR09422,LST00287,LST00286,1,high
TR09423,LST00432,LST00434,1,medium
TR09424,LST00569,LST00581,0,high
TR09425,LST00052,LST00794,0,medium
TR09426,LST00759,LST00006,0,medium
TR09427,LST00036,LST00028,0,high
TR09428,LST00151,LST00145,0,high
TR09429,LST00222,LST00216,0,high
TR09430,LST00754,LST00796,0,high
TR09431,LST00163,LST00137,0,low
TR09432,LST00418,LST00433,0,medium
TR09433,LST00568,LST00559,0,high
TR09434,LST00135,LST00165,0,high
TR09435,LST00248,LST00827,0,medium
TR09436,LST00014,LST00001,0,high
TR09437,LST00521,LST00403,0,high
TR09438,LST00156,LST00147,0,high
TR09439,LST00447,LST00450,0,low
TR09440,LST00299,LST00511,0,high
TR09441,LST00762,LST00799,0,high
TR09442,LST00071,LST00107,0,high
TR09443,LST00036,LST00748,0,high
TR09444,LST00492,LST00481,0,high
TR09445,LST00407,LST00403,1,high
TR09446,LST00396,LST00400,0,high
TR09447,LST00143,LST00150,0,low
TR09448,LST00267,LST00264,0,high
TR09449,LST00016,LST00007,0,medium
TR09450,LST00475,LST00499,0,medium
TR09451,LST00290,LST00092,0,high
TR09452,LST00021,LST00105,0,high
TR09453,LST00077,LST00098,0,high
TR09454,LST00758,LST00014,0,high
TR09455,LST00764,LST00715,0,high
TR09456,LST00696,LST00691,0,high
TR09457,LST00560,LST00593,0,high
TR09458,LST00803,LST00745,0,high
TR09459,LST00393,LST00523,0,high
TR09460,LST00568,LST00563,1,high
TR09461,LST00134,LST00130,1,medium
TR09462,LST00263,LST00300,0,high
TR09463,LST00040,LST00038,0,high
TR09464,LST00043,LST00060,0,high
TR09465,LST00628,LST00764,0,low
TR09466,LST00268,LST00059,0,high
TR09467,LST00017,LST00047,0,high
TR09468,LST00069,LST00052,0,high
TR09469,LST00565,LST00562,0,medium
TR09470,LST00004,LST00748,0,high
TR09471,LST00400,LST00126,0,high
TR09472,LST00015,LST00028,0,medium
TR09473,LST00477,LST00478,0,low
TR09474,LST00169,LST00137,0,high
TR09475,LST00002,LST00014,0,high
TR09476,LST00705,LST00701,0,medium
TR09477,LST00266,LST00305,0,high
TR09478,LST00044,LST00060,0,low
TR09479,LST00153,LST00149,0,high
TR09480,LST00059,LST00063,0,high
TR09481,LST00013,LST00005,0,medium
TR09482,LST00010,LST00030,0,high
TR09483,LST00145,LST00158,0,medium
TR09484,LST00787,LST00795,0,high
TR09485,LST00764,LST00769,0,medium
TR09486,LST00629,LST00767,0,high
TR09487,LST00080,LST00111,0,high
TR09488,LST00532,LST00530,1,high
TR09489,LST00262,LST00248,0,high
TR09490,LST00811,LST00800,0,high
TR09491,LST00047,LST00018,0,medium
TR09492,LST00106,LST00083,0,high
TR09493,LST00568,LST00575,0,high
TR09494,LST00813,LST00744,0,high
TR09495,LST00239,LST00248,0,high
TR09496,LST00069,LST00050,0,high
TR09497,LST00217,LST00221,0,high
TR09498,LST00107,LST00105,1,high
TR09499,LST00783,LST00792,0,medium
TR09500,LST00301,LST00305,1,medium
TR09501,LST00522,LST00530,0,medium
TR09502,LST00292,LST00281,0,low
TR09503,LST00790,LST00022,0,high
TR09504,LST00766,LST00716,0,high
TR09505,LST00823,LST00768,0,high
TR09506,LST00004,LST00020,0,low
TR09507,LST00076,LST00075,1,low
TR09508,LST00625,LST00628,0,medium
TR09509,LST00002,LST00748,0,medium
TR09510,LST00787,LST00123,0,high
TR09511,LST00767,LST00712,0,high
TR09512,LST00440,LST00435,1,high
TR09513,LST00409,LST00424,0,high
TR09514,LST00303,LST00291,0,medium
TR09515,LST00022,LST00013,0,high
TR09516,LST00152,LST00140,0,low
TR09517,LST00759,LST00749,0,high
TR09518,LST00755,LST00025,0,low
TR09519,LST00134,LST00145,0,low
TR09520,LST00294,LST00128,0,high
TR09521,LST00258,LST00247,0,medium
TR09522,LST00163,LST00170,0,medium
TR09523,LST00299,LST00240,0,high
TR09524,LST00263,LST00268,0,high
TR09525,LST00769,LST00625,0,medium
TR09526,LST00484,LST00488,1,high
TR09527,LST00577,LST00572,0,high
TR09528,LST00571,LST00569,0,high
TR09529,LST00811,LST00075,0,medium
TR09530,LST00401,LST00528,0,high
TR09531,LST00580,LST00574,0,high
TR09532,LST00592,LST00140,0,high
TR09533,LST00437,LST00423,0,medium
TR09534,LST00519,LST00518,1,high
TR09535,LST00763,LST00623,0,medium
TR09536,LST00127,LST00744,0,high
TR09537,LST00003,LST00110,0,high
TR09538,LST00009,LST00035,0,medium
TR09539,LST00745,LST00007,0,low
TR09540,LST00096,LST00085,0,high
TR09541,LST00481,LST00478,1,high
TR09542,LST00254,LST00819,0,low
TR09543,LST00824,LST00256,0,high
TR09544,LST00022,LST00749,0,high
TR09545,LST00567,LST00479,0,low
TR09546,LST00565,LST00321,0,high
TR09547,LST00757,LST00023,0,medium
TR09548,LST00114,LST00127,0,high
TR09549,LST00078,LST00093,0,high
TR09550,LST00238,LST00246,0,medium
TR09551,LST00119,LST00076,0,high
TR09552,LST00003,LST00022,0,high
TR09553,LST00155,LST00152,0,high
TR09554,LST00117,LST00126,0,high
TR09555,LST00214,LST00210,0,low
TR09556,LST00239,LST00824,0,high
TR09557,LST00275,LST00264,0,high
TR09558,LST00325,LST00744,0,high
TR09559,LST00626,LST00770,0,high
TR09560,LST00132,LST00147,0,medium
TR09561,LST00274,LST00263,0,high
TR09562,LST00304,LST00302,1,high
TR09563,LST00592,LST00434,0,medium
TR09564,LST00050,LST00047,1,high
TR09565,LST00576,LST00575,1,high
TR09566,LST00821,LST00799,0,high
TR09567,LST00409,LST00417,0,medium
TR09568,LST00073,LST00072,1,high
TR09569,LST00826,LST00822,0,high
TR09570,LST00827,LST00213,0,high
TR09571,LST00716,LST00626,0,medium
TR09572,LST00267,LST00249,0,high
TR09573,LST00477,LST00224,0,high
TR09574,LST00746,LST00791,0,high
TR09575,LST00022,LST00052,0,high
TR09576,LST00414,LST00230,0,low
TR09577,LST00022,LST00035,0,medium
TR09578,LST00582,LST00566,0,high
TR09579,LST00296,LST00282,0,high
TR09580,LST00067,LST00033,0,high
TR09581,LST00588,LST00585,0,low
TR09582,LST00266,LST00259,0,high
TR09583,LST00432,LST00325,0,high
TR09584,LST00060,LST00055,0,low
TR09585,LST00036,LST00016,0,medium
TR09586,LST00745,LST00758,0,high
TR09587,LST00027,LST00041,0,medium
TR09588,LST00510,LST00518,0,high
TR09589,LST00503,LST00508,0,medium
TR09590,LST00019,LST00027,0,medium
TR09591,LST00013,LST00014,1,high
TR09592,LST00435,LST00432,0,high
TR09593,LST00794,LST00070,0,medium
TR09594,LST00041,LST00093,0,high
TR09595,LST00031,LST00100,0,high
TR09596,LST00810,LST00749,0,high
TR09597,LST00268,LST00274,0,high
TR09598,LST00141,LST00163,0,high
TR09599,LST00321,LST00117,0,medium
TR09600,LST00011,LST00751,0,medium
TR09601,LST00700,LST00703,0,high
TR09602,LST00002,LST00111,0,high
TR09603,LST00762,LST00767,0,high
TR09604,LST00171,LST00143,0,medium
TR09605,LST00095,LST00073,0,medium
TR09606,LST00297,LST00275,0,high
TR09607,LST00012,LST00001,0,low
TR09608,LST00075,LST00109,0,high
TR09609,LST00770,LST00624,0,medium
TR09610,LST00048,LST00060,0,high
TR09611,LST00471,LST00453,0,high
TR09612,LST00267,LST00262,0,high
TR09613,LST00040,LST00025,0,high
TR09614,LST00791,LST00787,0,high
TR09615,LST00055,LST00043,0,medium
TR09616,LST00752,LST00570,0,medium
TR09617,LST00579,LST00587,0,high
TR09618,LST00153,LST00166,0,medium
TR09619,LST00746,LST00765,0,medium
TR09620,LST00041,LST00036,0,high
TR09621,LST00038,LST00117,0,high
TR09622,LST00032,LST00756,1,low
TR09623,LST00144,LST00154,0,high
TR09624,LST00019,LST00031,0,high
TR09625,LST00129,LST00086,0,high
TR09626,LST00062,LST00794,0,high
TR09627,LST00695,LST00232,0,high
TR09628,LST00140,LST00144,1,medium
TR09629,LST00435,LST00422,0,medium
TR09630,LST00436,LST00416,0,high
TR09631,LST00053,LST00056,1,high
TR09632,LST00061,LST00268,0,high
TR09633,LST00086,LST00085,0,high
TR09634,LST00442,LST00477,0,high
TR09635,LST00414,LST00420,1,high
TR09636,LST00007,LST00080,0,high
TR09637,LST00793,LST00800,0,high
TR09638,LST00324,LST00748,0,high
TR09639,LST00041,LST00037,0,low
TR09640,LST00509,LST00518,0,high
TR09641,LST00414,LST00069,0,high
TR09642,LST00453,LST00447,0,medium
TR09643,LST00295,LST00016,0,high
TR09644,LST00624,LST00626,0,medium
TR09645,LST00761,LST00766,1,medium
TR09646,LST00012,LST00750,0,medium
TR09647,LST00124,LST00129,1,medium
TR09648,LST00029,LST00048,0,high
TR09649,LST00580,LST00578,0,high
TR09650,LST00122,LST00108,0,high
TR09651,LST00746,LST00758,0,high
TR09652,LST00470,LST00451,0,high
TR09653,LST00171,LST00145,0,low
TR09654,LST00502,LST00454,0,high
TR09655,LST00272,LST00240,0,high
TR09656,LST00753,LST00754,0,medium
TR09657,LST00760,LST00013,0,high
TR09658,LST00120,LST00744,0,high
TR09659,LST00527,LST00393,0,medium
TR09660,LST00089,LST00818,0,medium
TR09661,LST00699,LST00703,0,low
TR09662,LST00502,LST00506,0,high
TR09663,LST00392,LST00407,0,medium
TR09664,LST00759,LST00811,0,high
TR09665,LST00003,LST00016,0,medium
TR09666,LST00100,LST00115,0,medium
TR09667,LST00440,LST00422,0,high
TR09668,LST00480,LST00479,1,high
TR09669,LST00125,LST00037,0,high
TR09670,LST00623,LST00713,0,high
TR09671,LST00006,LST00022,0,medium
TR09672,LST00803,LST00804,1,high
TR09673,LST00213,LST00429,0,high
TR09674,LST00150,LST00157,0,low
TR09675,LST00476,LST00497,0,low
TR09676,LST00495,LST00447,0,high
TR09677,LST00753,LST00749,1,high
TR09678,LST00038,LST00007,0,high
TR09679,LST00768,LST00708,0,high
TR09680,LST00048,LST00064,0,high
TR09681,LST00137,LST00167,0,low
TR09682,LST00590,LST00570,0,high
TR09683,LST00065,LST00797,0,medium
TR09684,LST00321,LST00798,0,high
TR09685,LST00425,LST00418,0,medium
TR09686,LST00110,LST00109,0,low
TR09687,LST00291,LST00237,0,high
TR09688,LST00124,LST00120,0,high
TR09689,LST00212,LST00213,1,high
TR09690,LST00784,LST00794,0,low
TR09691,LST00800,LST00798,1,high
TR09692,LST00476,LST00485,0,low
TR09693,LST00028,LST00029,1,high
TR09694,LST00038,LST00032,0,medium
TR09695,LST00304,LST00264,0,high
TR09696,LST00767,LST00751,0,high
TR09697,LST00802,LST00474,0,medium
TR09698,LST00028,LST00061,0,medium
TR09699,LST00759,LST00003,0,high
TR09700,LST00808,LST00751,0,high
TR09701,LST00508,LST00495,0,high
TR09702,LST00475,LST00452,0,high
TR09703,LST00625,LST00232,0,high
TR09704,LST00018,LST00032,0,medium
TR09705,LST00435,LST00439,1,high
TR09706,LST00274,LST00252,0,high
TR09707,LST00305,LST00269,0,high
TR09708,LST00293,LST00236,0,high
TR09709,LST00770,LST00795,0,high
TR09710,LST00265,LST00261,0,high
TR09711,LST00006,LST00752,0,low
TR09712,LST00296,LST00281,0,high
TR09713,LST00268,LST00269,1,medium
TR09714,LST00436,LST00437,1,medium
TR09715,LST00513,LST00520,0,low
TR09716,LST00147,LST00151,0,high
TR09717,LST00294,LST00293,1,medium
TR09718,LST00528,LST00524,0,medium
TR09719,LST00119,LST00011,0,high
TR09720,LST00392,LST00403,0,low
TR09721,LST00432,LST00440,0,medium
TR09722,LST00002,LST00034,0,medium
TR09723,LST00058,LST00790,0,high
